model,slice,weekday,mape,wape,bias,n_item_days,n_positive_days,sum_actual,sum_abs_error,sum_error
baseline_lag28,overall,all,0.8781250159967809,0.777000091016656,0.010694457085646673,40236,25302,109870.0,85369.0,1175.0
baseline_lag28,weekday,Saturday,0.9038168575803124,0.7404011461318052,0.03965616045845272,5748,3792,17450.0,12920.0,692.0
baseline_lag28,weekday,Sunday,0.8947266209591159,0.7615560403033136,0.062065025449257294,5748,3947,19254.0,14663.0,1195.0
baseline_lag28,weekday,Monday,0.8357941037396879,0.7619767723203484,-0.058855552867166705,5748,3667,16532.0,12597.0,-973.0
baseline_lag28,weekday,Tuesday,0.8948828623649565,0.8120019402674797,0.0245305245651722,5748,3552,14431.0,11718.0,354.0
baseline_lag28,weekday,Wednesday,0.8619867906459328,0.7925210259261833,-0.03961910057690971,5748,3464,14387.0,11402.0,-570.0
baseline_lag28,weekday,Thursday,0.8548711126061935,0.8066721767225186,0.01427605379818168,5748,3376,13309.0,10736.0,190.0
baseline_lag28,weekday,Friday,0.8972921328169511,0.7812090714827324,0.01978355276762942,5748,3504,14507.0,11333.0,287.0
lightgbm,overall,all,0.5633893484087068,0.6490765893903951,0.02570857287913414,40236,25302,109870.0,71314.04487632272,2824.600902230468
lightgbm,weekday,Saturday,0.5822511863899636,0.6123337887666629,0.028438249412784875,5748,3792,17450.0,10685.224613978267,496.24745225309607
lightgbm,weekday,Sunday,0.556940026195429,0.6045699016113305,-0.04232832418464977,5748,3947,19254.0,11640.388885624558,-814.9895538512467
lightgbm,weekday,Monday,0.5340876252178307,0.6301648779761346,-0.010851997940360798,5748,3667,16532.0,10417.885762701459,-179.4052299500447
lightgbm,weekday,Tuesday,0.5617469947963659,0.6613556460970794,0.0604199005560734,5748,3552,14431.0,9544.023328826954,871.9195849246953
lightgbm,weekday,Wednesday,0.5595251243429415,0.6776249150704433,0.02783930193481845,5748,3464,14387.0,9748.989653118468,400.524036936233
lightgbm,weekday,Thursday,0.5717487870844438,0.7102066377808693,0.10688316420335713,5748,3376,13309.0,9452.14014222559,1422.50803238248
lightgbm,weekday,Friday,0.5783375936476854,0.6772863093573736,0.04327542424589884,5748,3504,14507.0,9825.392489847418,627.7965795352545
