id,item_id,store_id,cat_id,holdout_d,holdout_date,actual_units,lag28_source_d,lag28_source_date,lag28_forecast_units
FOODS_3_090_CA_3_evaluation,FOODS_3_090,CA_3,FOODS,d_1914,2016-04-25,133,d_1886,2016-03-28,61
FOODS_3_090_CA_3_evaluation,FOODS_3_090,CA_3,FOODS,d_1915,2016-04-26,117,d_1887,2016-03-29,62
FOODS_3_090_CA_3_evaluation,FOODS_3_090,CA_3,FOODS,d_1916,2016-04-27,113,d_1888,2016-03-30,71
FOODS_3_090_CA_3_evaluation,FOODS_3_090,CA_3,FOODS,d_1917,2016-04-28,99,d_1889,2016-03-31,130
FOODS_3_090_CA_3_evaluation,FOODS_3_090,CA_3,FOODS,d_1918,2016-04-29,196,d_1890,2016-04-01,156
FOODS_3_090_CA_3_evaluation,FOODS_3_090,CA_3,FOODS,d_1919,2016-04-30,132,d_1891,2016-04-02,133
FOODS_3_090_CA_3_evaluation,FOODS_3_090,CA_3,FOODS,d_1920,2016-05-01,114,d_1892,2016-04-03,114
FOODS_3_090_CA_3_evaluation,FOODS_3_090,CA_3,FOODS,d_1921,2016-05-02,114,d_1893,2016-04-04,80
FOODS_3_090_CA_3_evaluation,FOODS_3_090,CA_3,FOODS,d_1922,2016-05-03,93,d_1894,2016-04-05,75
FOODS_3_090_CA_3_evaluation,FOODS_3_090,CA_3,FOODS,d_1923,2016-05-04,77,d_1895,2016-04-06,113
FOODS_3_090_CA_3_evaluation,FOODS_3_090,CA_3,FOODS,d_1924,2016-05-05,83,d_1896,2016-04-07,81
FOODS_3_090_CA_3_evaluation,FOODS_3_090,CA_3,FOODS,d_1925,2016-05-06,138,d_1897,2016-04-08,107
FOODS_3_090_CA_3_evaluation,FOODS_3_090,CA_3,FOODS,d_1926,2016-05-07,173,d_1898,2016-04-09,160
FOODS_3_090_CA_3_evaluation,FOODS_3_090,CA_3,FOODS,d_1927,2016-05-08,167,d_1899,2016-04-10,124
FOODS_3_090_CA_3_evaluation,FOODS_3_090,CA_3,FOODS,d_1928,2016-05-09,119,d_1900,2016-04-11,107
FOODS_3_090_CA_3_evaluation,FOODS_3_090,CA_3,FOODS,d_1929,2016-05-10,119,d_1901,2016-04-12,84
FOODS_3_090_CA_3_evaluation,FOODS_3_090,CA_3,FOODS,d_1930,2016-05-11,125,d_1902,2016-04-13,88
FOODS_3_090_CA_3_evaluation,FOODS_3_090,CA_3,FOODS,d_1931,2016-05-12,89,d_1903,2016-04-14,90
FOODS_3_090_CA_3_evaluation,FOODS_3_090,CA_3,FOODS,d_1932,2016-05-13,143,d_1904,2016-04-15,129
FOODS_3_090_CA_3_evaluation,FOODS_3_090,CA_3,FOODS,d_1933,2016-05-14,156,d_1905,2016-04-16,160
FOODS_3_090_CA_3_evaluation,FOODS_3_090,CA_3,FOODS,d_1934,2016-05-15,187,d_1906,2016-04-17,204
FOODS_3_090_CA_3_evaluation,FOODS_3_090,CA_3,FOODS,d_1935,2016-05-16,76,d_1907,2016-04-18,86
FOODS_3_090_CA_3_evaluation,FOODS_3_090,CA_3,FOODS,d_1936,2016-05-17,85,d_1908,2016-04-19,100
FOODS_3_090_CA_3_evaluation,FOODS_3_090,CA_3,FOODS,d_1937,2016-05-18,69,d_1909,2016-04-20,88
FOODS_3_090_CA_3_evaluation,FOODS_3_090,CA_3,FOODS,d_1938,2016-05-19,75,d_1910,2016-04-21,77
FOODS_3_090_CA_3_evaluation,FOODS_3_090,CA_3,FOODS,d_1939,2016-05-20,110,d_1911,2016-04-22,141
FOODS_3_090_CA_3_evaluation,FOODS_3_090,CA_3,FOODS,d_1940,2016-05-21,156,d_1912,2016-04-23,139
FOODS_3_090_CA_3_evaluation,FOODS_3_090,CA_3,FOODS,d_1941,2016-05-22,99,d_1913,2016-04-24,130
