year_month,n_days,total_units,avg_daily_units
2011-01,3,38108,12702.666666666666
2011-02,28,318101,11360.75
2011-03,31,339678,10957.354838709678
2011-04,30,331004,11033.466666666667
2011-05,31,321566,10373.09677419355
2011-06,30,332948,11098.266666666666
2011-07,31,362183,11683.322580645161
2011-08,31,361436,11659.225806451614
2011-09,30,361294,12043.133333333333
2011-10,31,406333,13107.516129032258
2011-11,30,371336,12377.866666666667
2011-12,31,399815,12897.258064516129
2012-01,31,403379,13012.225806451614
2012-02,29,405490,13982.413793103447
2012-03,31,450019,14516.741935483871
2012-04,30,430997,14366.566666666668
2012-05,31,442598,14277.354838709678
2012-06,30,473846,15794.866666666667
2012-07,31,472722,15249.09677419355
2012-08,31,486906,15706.645161290322
2012-09,30,462088,15402.933333333332
2012-10,31,433074,13970.129032258064
2012-11,30,391527,13050.9
2012-12,31,415841,13414.225806451614
2013-01,31,418720,13507.09677419355
2013-02,28,404895,14460.535714285714
2013-03,31,462815,14929.516129032258
2013-04,30,453552,15118.4
2013-05,31,479270,15460.322580645161
2013-06,30,510966,17032.2
2013-07,31,522898,16867.677419354837
2013-08,31,538700,17377.41935483871
2013-09,30,522377,17412.566666666666
2013-10,31,501789,16186.741935483871
2013-11,30,457749,15258.3
2013-12,31,460070,14840.967741935483
2014-01,31,466132,15036.516129032258
2014-02,28,431330,15404.642857142857
2014-03,31,489670,15795.806451612903
2014-04,30,488193,16273.1
2014-05,31,487567,15727.967741935483
2014-06,30,493481,16449.366666666665
2014-07,31,511191,16490.032258064515
2014-08,31,520895,16803.064516129034
2014-09,30,486191,16206.366666666667
2014-10,31,482159,15553.516129032258
2014-11,30,459429,15314.3
2014-12,31,432638,13956.064516129032
2015-01,31,458285,14783.387096774193
2015-02,28,421723,15061.535714285714
2015-03,31,476039,15356.09677419355
2015-04,30,462671,15422.366666666667
2015-05,31,489715,15797.258064516129
2015-06,30,507922,16930.733333333334
2015-07,31,540951,17450.032258064515
2015-08,31,565672,18247.483870967742
2015-09,30,531531,17717.7
2015-10,31,551025,17775.0
2015-11,30,482047,16068.233333333334
2015-12,31,479557,15469.58064516129
2016-01,31,525392,16948.129032258064
2016-02,29,505704,17438.068965517243
2016-03,31,538930,17384.83870967742
2016-04,30,544960,18165.333333333332
2016-05,22,419627,19073.954545454544
