slice_type,slice,n_series,n_cells,zero_cells,zero_share,total_units
all,CA,12196,23672436,15621951,0.6599215644727058,29196717
category,FOODS,5748,11156868,6705961,0.6010612476548077,19535863
category,HOBBIES,2260,4386660,3287461,0.7494223395476285,3095587
category,HOUSEHOLD,4188,8128908,5628529,0.6924089926961899,6565267
store,CA_1,3049,5918109,3773330,0.6375904870964695,7832248
store,CA_2,3049,5918109,4072268,0.6881029058437417,5818395
store,CA_3,3049,5918109,3515343,0.5939976772986101,11363540
store,CA_4,3049,5918109,4261010,0.7199951876520017,4182534
category_store,FOODS|CA_1,1437,2789217,1587584,0.5691862626679818,5471661
category_store,FOODS|CA_2,1437,2789217,1867936,0.6696990589115153,3567477
category_store,FOODS|CA_3,1437,2789217,1453720,0.5211928652378068,7625660
category_store,FOODS|CA_4,1437,2789217,1796721,0.6441668038019273,2871065
category_store,HOBBIES|CA_1,565,1096665,796387,0.7261898574313943,892083
category_store,HOBBIES|CA_2,565,1096665,837994,0.7641294287681288,650360
category_store,HOBBIES|CA_3,565,1096665,772700,0.7045907364600859,977613
category_store,HOBBIES|CA_4,565,1096665,880380,0.8027793355309051,575531
category_store,HOUSEHOLD|CA_1,1047,2032227,1389359,0.6836632915515836,1468504
category_store,HOUSEHOLD|CA_2,1047,2032227,1366338,0.6723353247447259,1600558
category_store,HOUSEHOLD|CA_3,1047,2032227,1288923,0.6342416472175598,2760267
category_store,HOUSEHOLD|CA_4,1047,2032227,1583909,0.7793957072708905,735938
department,FOODS_1,864,1677024,992355,0.591735717556815,2410777
department,FOODS_2,1592,3090072,2126590,0.6882007927323376,3018605
department,FOODS_3,3292,6389772,3587016,0.5613683868532399,14106481
department,HOBBIES_1,1664,3229824,2266262,0.7016673354337574,2877345
department,HOBBIES_2,596,1156836,1021199,0.8827517470064901,218242
department,HOUSEHOLD_1,2128,4130448,2559465,0.6196579644629348,4980230
department,HOUSEHOLD_2,2060,3998460,3069064,0.767561511181805,1585037
