item_id,holdout_units,share,cumulative_share,abc_class
FOODS_3_090,3357,0.030554291435332667,0.030554291435332667,A
FOODS_3_586,1883,0.017138436333849094,0.04769272776918176,A
FOODS_3_120,1617,0.014717393282970784,0.062410121052152545,A
FOODS_3_252,1405,0.01278784017475198,0.07519796122690452,A
FOODS_3_681,1253,0.011404387002821516,0.08660234822972604,A
FOODS_3_288,993,0.00903795394557204,0.09564030217529808,A
FOODS_3_555,907,0.008255210703558752,0.10389551287885683,A
FOODS_3_587,876,0.007973059069809775,0.1118685719486666,A
FOODS_3_714,870,0.007918449076180941,0.11978702102484755,A
FOODS_3_282,745,0.006780740875580231,0.1265677619004278,A
FOODS_3_702,696,0.0063347592609447525,0.13290252116137252,A
FOODS_3_723,688,0.006261945936106308,0.13916446709747884,A
FOODS_3_329,612,0.005570219350141076,0.14473468644761991,A
FOODS_3_785,608,0.005533812687721853,0.15026849913534177,A
FOODS_1_043,581,0.0052880677163921,0.15555656685173386,A
FOODS_3_318,566,0.005151542732320015,0.16070810958405388,A
FOODS_3_202,560,0.0050969327386911805,0.16580504232274507,A
FOODS_3_086,559,0.005087831073086375,0.17089287339583142,A
FOODS_3_739,559,0.005087831073086375,0.1759807044689178,A
FOODS_3_694,506,0.004605442796031674,0.18058614726494948,A
FOODS_3_389,503,0.004578137799217257,0.18516428506416674,A
FOODS_3_499,502,0.004569036133612451,0.1897333211977792,A
FOODS_3_233,481,0.004377901155911532,0.19411122235369072,A
FOODS_3_458,471,0.004286884499863475,0.1983981068535542,A
FOODS_3_281,440,0.004004732866114499,0.2024028397196687,A
FOODS_3_764,436,0.003968326203695276,0.20637116592336396,A
FOODS_3_263,432,0.003931919541276053,0.21030308546464002,A
FOODS_3_501,429,0.0039046145444616366,0.21420770000910166,A
FOODS_2_360,414,0.0037680895603895512,0.2179757895694912,A
FOODS_3_607,414,0.0037680895603895512,0.22174387912988078,A
FOODS_1_110,407,0.0037043779011559116,0.2254482570310367,A
FOODS_1_018,406,0.003695276235551106,0.2291435332665878,A
FOODS_3_756,402,0.003658869573131883,0.23280240283971967,A
FOODS_3_811,402,0.003658869573131883,0.23646127241285156,A
FOODS_3_804,397,0.003613361245107855,0.24007463365795942,A
FOODS_3_080,393,0.003576954582688632,0.24365158824064803,A
FOODS_2_326,389,0.0035405479202694095,0.24719213616091745,A
FOODS_3_744,385,0.0035041412578501866,0.25069627741876765,A
FOODS_3_295,380,0.003458632929826158,0.2541549103485938,A
FOODS_3_135,376,0.0034222262674069356,0.25757713661600073,A
FOODS_3_406,364,0.0033130062801492673,0.26089014289615,A
FOODS_3_697,364,0.0033130062801492673,0.2642031491762993,A
FOODS_3_789,361,0.00328570128333485,0.2674888504596341,A
FOODS_3_572,344,0.003130972968053154,0.27061982342768726,A
FOODS_3_403,337,0.003067261308819514,0.27368708473650677,A
FOODS_1_055,328,0.0029853463183762627,0.27667243105488304,A
FOODS_3_377,327,0.002976244652771457,0.2796486757076545,A
FOODS_3_313,316,0.002876126331118595,0.2825248020387731,A
FOODS_3_362,313,0.0028488213343041777,0.28537362337307726,A
FOODS_1_170,308,0.002803313006280149,0.28817693637935743,A
FOODS_3_107,305,0.0027760080094657324,0.29095294438882313,A
FOODS_2_347,303,0.002757804678256121,0.2937107490670793,A
FOODS_2_318,302,0.0027487030126513152,0.29645945207973057,A
FOODS_3_711,302,0.0027487030126513152,0.2992081550923819,A
FOODS_3_099,295,0.0026849913534176756,0.30189314644579957,A
FOODS_3_757,295,0.0026849913534176756,0.3045781377992173,A
FOODS_3_682,293,0.002666788022208064,0.3072449258214253,A
FOODS_3_516,292,0.0026576863566032585,0.30990261217802856,A
FOODS_3_511,290,0.002639483025393647,0.31254209520342224,A
FOODS_3_498,287,0.00261217802857923,0.31515427323200146,A
FOODS_3_664,286,0.002603076362974424,0.31775734959497587,A
FOODS_3_752,286,0.002603076362974424,0.3203604259579503,A
FOODS_2_197,282,0.0025666697005552017,0.3229270956585055,A
FOODS_3_772,282,0.0025666697005552017,0.3254937653590607,A
FOODS_3_444,281,0.002557568034950396,0.3280513333940111,A
FOODS_3_370,272,0.002475653044507145,0.33052698643851824,A
FOODS_3_349,268,0.002439246382087922,0.33296623282060617,A
FOODS_3_307,265,0.002411941385273505,0.3353781742058797,A
FOODS_3_455,265,0.002411941385273505,0.3377901155911532,A
FOODS_3_491,265,0.002411941385273505,0.3402020569764267,A
FOODS_2_128,264,0.0024028397196686996,0.3426048966960954,A
FOODS_3_695,261,0.0023755347228542824,0.3449804314189497,A
FOODS_3_299,256,0.002330026394830254,0.34731045781377995,A
FOODS_2_181,253,0.002302721398015837,0.34961317921179574,A
FOODS_1_099,252,0.0022936197324110313,0.3519067989442068,A
FOODS_2_204,252,0.0022936197324110313,0.35420041867661783,A
FOODS_3_324,246,0.002239009738782197,0.3564394284154,A
FOODS_2_244,244,0.0022208064075725856,0.3586602348229726,A
FOODS_3_348,242,0.0022026030763629746,0.3608628378993356,A
FOODS_3_393,242,0.0022026030763629746,0.36306544097569854,A
FOODS_3_150,241,0.002193501410758169,0.36525894238645673,A
FOODS_3_226,238,0.0021661964139437517,0.36742513880040045,A
FOODS_3_570,234,0.002129789751524529,0.369554928551925,A
FOODS_3_151,233,0.0021206880859197235,0.3716756166378447,A
FOODS_1_218,227,0.002066078092290889,0.37374169473013563,A
FOODS_2_241,227,0.002066078092290889,0.3758077728224265,A
FOODS_3_231,223,0.0020296714298716667,0.37783744425229815,A
FOODS_3_580,223,0.0020296714298716667,0.37986711568216985,A
FOODS_1_085,221,0.0020114680986620553,0.3818785837808319,A
FOODS_1_032,212,0.001929553108218804,0.3838081368890507,A
FOODS_3_540,210,0.0019113497770091928,0.3857194866660599,A
FOODS_3_007,209,0.001902248111404387,0.38762173477746426,A
FOODS_3_668,209,0.001902248111404387,0.38952398288886864,A
FOODS_3_734,207,0.0018840447801947756,0.39140802766906346,A
FOODS_3_760,205,0.0018658414489851642,0.3932738691180486,A
FOODS_1_200,204,0.0018567397833803587,0.395130608901429,A
FOODS_3_661,203,0.001847638117775553,0.39697824701920453,A
FOODS_2_019,202,0.0018385364521707472,0.3988167834713753,A
FOODS_3_039,201,0.0018294347865659415,0.4006462182579412,A
FOODS_3_020,200,0.0018203331209611358,0.40246655137890236,A
FOODS_1_162,199,0.0018112314553563303,0.4042777828342587,A
FOODS_3_030,197,0.0017930281241467188,0.4060708109584054,A
FOODS_1_173,196,0.0017839264585419131,0.4078547374169473,A
FOODS_3_547,195,0.0017748247929371074,0.4096295622098844,A
FOODS_3_449,194,0.001765723127332302,0.4113952853372167,A
FOODS_1_210,193,0.0017566214617274962,0.4131519067989442,A
FOODS_3_124,193,0.0017566214617274962,0.4149085282606717,A
FOODS_3_245,191,0.0017384181305178847,0.4166469463911896,A
FOODS_1_004,190,0.001729316464913079,0.4183762628561027,A
FOODS_1_217,189,0.0017202147993082735,0.4200964776554109,A
FOODS_1_019,188,0.0017111131337034678,0.4218075907891144,A
FOODS_3_782,188,0.0017111131337034678,0.4235187039228179,A
FOODS_1_058,187,0.001702011468098662,0.42522071539091655,A
FOODS_3_339,185,0.0016838081368890506,0.4269045235278056,A
FOODS_2_029,183,0.0016656048056794394,0.428570128333485,A
FOODS_2_380,182,0.0016565031400746337,0.43022663147355966,A
FOODS_3_363,182,0.0016565031400746337,0.4318831346136343,A
FOODS_2_276,178,0.001620096477655411,0.4335032310912897,A
FOODS_3_133,178,0.001620096477655411,0.4351233275689451,A
FOODS_3_351,178,0.001620096477655411,0.43674342404660055,A
FOODS_3_292,177,0.0016109948120506053,0.4383544188586511,A
FOODS_3_469,176,0.0016018931464457996,0.43995631200509694,A
FOODS_3_503,176,0.0016018931464457996,0.44155820515154276,A
FOODS_3_399,174,0.0015836898152361881,0.4431418949667789,A
FOODS_3_473,174,0.0015836898152361881,0.4447255847820151,A
FOODS_3_228,173,0.0015745881496313826,0.4463001729316465,A
FOODS_3_578,173,0.0015745881496313826,0.4478747610812779,A
FOODS_3_654,173,0.0015745881496313826,0.44944934923090923,A
FOODS_3_219,172,0.001565486484026577,0.45101483571493584,A
FOODS_3_566,172,0.001565486484026577,0.45258032219896244,A
FOODS_3_121,169,0.0015381814872121597,0.45411850368617457,A
FOODS_2_371,168,0.0015290798216073542,0.45564758350778195,A
FOODS_3_066,168,0.0015290798216073542,0.4571766633293893,A
FOODS_3_087,168,0.0015290798216073542,0.45870574315099666,A
FOODS_3_454,168,0.0015290798216073542,0.460234822972604,A
FOODS_2_346,167,0.0015199781560025485,0.46175480112860656,A
FOODS_3_636,166,0.0015108764903977428,0.4632656776190043,A
FOODS_2_222,165,0.001501774824792937,0.4647674524437972,A
FOODS_3_342,165,0.001501774824792937,0.46626922726859016,A
FOODS_2_115,164,0.0014926731591881313,0.46776190042777827,A
FOODS_3_372,164,0.0014926731591881313,0.46925457358696643,A
FOODS_1_067,163,0.0014835714935833258,0.47073814508054973,A
FOODS_2_352,162,0.0014744698279785201,0.4722126149085283,A
FOODS_3_462,162,0.0014744698279785201,0.4736870847365068,A
FOODS_2_075,161,0.0014653681623737144,0.4751524528988805,A
FOODS_3_412,161,0.0014653681623737144,0.4766178210612542,A
FOODS_3_755,161,0.0014653681623737144,0.4780831892236279,A
FOODS_3_140,159,0.001447164831164103,0.47953035405479205,A
FOODS_2_293,157,0.0014289614999544917,0.4809593155547465,A
FOODS_3_741,157,0.0014289614999544917,0.482388277054701,A
FOODS_3_534,156,0.001419859834349686,0.4838081368890507,A
FOODS_2_021,154,0.0014016565031400746,0.4852097933921908,A
FOODS_2_325,153,0.001392554837535269,0.48660234822972603,A
FOODS_3_413,153,0.001392554837535269,0.4879949030672613,A
FOODS_3_652,153,0.001392554837535269,0.4893874579047966,A
FOODS_3_136,151,0.0013743515063256576,0.49076180941112224,A
FOODS_3_258,151,0.0013743515063256576,0.4921361609174479,A
FOODS_3_070,150,0.001365249840720852,0.4935014107581687,A
FOODS_3_076,150,0.001365249840720852,0.4948666605988896,A
FOODS_3_598,150,0.001365249840720852,0.49623191043961046,A
FOODS_2_306,149,0.0013561481751160462,0.4975880586147265,A
FOODS_3_302,149,0.0013561481751160462,0.4989442067898425,A
FOODS_3_446,149,0.0013561481751160462,0.5003003549649586,A
FOODS_1_120,148,0.0013470465095112405,0.5016474014744698,A
FOODS_2_059,148,0.0013470465095112405,0.5029944479839811,A
FOODS_2_315,148,0.0013470465095112405,0.5043414944934923,A
FOODS_1_023,147,0.001337944843906435,0.5056794393373988,A
FOODS_2_033,144,0.0013106398470920178,0.5069900791844908,A
FOODS_3_148,143,0.001301538181487212,0.5082916173659779,A
FOODS_3_192,143,0.001301538181487212,0.5095931555474652,A
FOODS_3_747,143,0.001301538181487212,0.5108946937289524,A
FOODS_1_139,142,0.0012924365158824066,0.5121871302448348,A
FOODS_3_146,142,0.0012924365158824066,0.5134795667607173,A
FOODS_3_822,142,0.0012924365158824066,0.5147720032765997,A
FOODS_1_137,141,0.0012833348502776008,0.5160553381268772,A
FOODS_3_108,140,0.0012742331846727951,0.51732957131155,A
FOODS_3_142,139,0.0012651315190679894,0.518594702830618,A
FOODS_2_025,138,0.0012560298534631837,0.5198507326840812,A
FOODS_2_131,138,0.0012560298534631837,0.5211067625375444,A
FOODS_3_116,136,0.0012378265222535724,0.522344589059798,A
FOODS_1_215,135,0.0012287248566487667,0.5235733139164467,A
FOODS_2_294,135,0.0012287248566487667,0.5248020387730955,A
FOODS_3_746,135,0.0012287248566487667,0.5260307636297442,A
FOODS_1_154,134,0.001219623191043961,0.5272503868207882,A
FOODS_3_067,133,0.0012105215254391553,0.5284609083462274,A
FOODS_3_238,133,0.0012105215254391553,0.5296714298716665,A
FOODS_3_321,133,0.0012105215254391553,0.5308819513971057,A
FOODS_3_628,133,0.0012105215254391553,0.5320924729225448,A
FOODS_3_236,132,0.0012014198598343498,0.5332938927823792,A
FOODS_3_468,132,0.0012014198598343498,0.5344953126422135,A
FOODS_1_087,131,0.001192318194229544,0.5356876308364431,A
FOODS_3_827,131,0.001192318194229544,0.5368799490306726,A
FOODS_1_104,130,0.0011832165286247383,0.5380631655592973,A
FOODS_2_342,129,0.0011741148630199326,0.5392372804223173,A
FOODS_3_816,128,0.001165013197415127,0.5404022936197325,A
FOODS_2_152,127,0.0011559115318103214,0.5415582051515427,A
FOODS_3_568,127,0.0011559115318103214,0.542714116683353,A
FOODS_3_573,127,0.0011559115318103214,0.5438700282151634,A
FOODS_3_638,127,0.0011559115318103214,0.5450259397469737,A
FOODS_3_769,127,0.0011559115318103214,0.546181851278784,A
FOODS_3_054,126,0.0011468098662055157,0.5473286611449896,A
FOODS_3_144,126,0.0011468098662055157,0.5484754710111951,A
FOODS_3_683,126,0.0011468098662055157,0.5496222808774006,A
FOODS_3_599,125,0.00113770820060071,0.5507599890780013,A
FOODS_3_768,125,0.00113770820060071,0.5518976972786019,A
FOODS_3_259,124,0.0011286065349959042,0.5530263038135979,A
FOODS_3_367,124,0.0011286065349959042,0.5541549103485938,A
FOODS_3_514,124,0.0011286065349959042,0.5552835168835897,A
FOODS_2_199,123,0.0011195048693910985,0.5564030217529808,A
FOODS_3_227,123,0.0011195048693910985,0.5575225266223719,A
FOODS_3_369,123,0.0011195048693910985,0.558642031491763,A
FOODS_3_753,123,0.0011195048693910985,0.5597615363611541,A
FOODS_3_436,122,0.0011104032037862928,0.5608719395649404,A
FOODS_3_725,122,0.0011104032037862928,0.5619823427687267,A
FOODS_2_164,121,0.0011013015381814873,0.5630836443069082,A
FOODS_3_304,121,0.0011013015381814873,0.5641849458450896,A
FOODS_1_061,120,0.0010921998725766816,0.5652771457176663,A
FOODS_3_134,120,0.0010921998725766816,0.566369345590243,A
FOODS_3_477,120,0.0010921998725766816,0.5674615454628197,A
FOODS_1_113,119,0.0010830982069718758,0.5685446436697916,A
FOODS_2_016,119,0.0010830982069718758,0.5696277418767635,A
FOODS_3_041,119,0.0010830982069718758,0.5707108400837353,A
FOODS_3_064,119,0.0010830982069718758,0.5717939382907072,A
FOODS_3_112,119,0.0010830982069718758,0.5728770364976791,A
FOODS_3_688,119,0.0010830982069718758,0.5739601347046509,A
FOODS_3_795,119,0.0010830982069718758,0.5750432329116228,A
FOODS_3_322,118,0.0010739965413670701,0.5761172294529899,A
FOODS_3_435,118,0.0010739965413670701,0.577191225994357,A
FOODS_2_349,116,0.001055793210157459,0.5782470192045144,A
FOODS_3_583,116,0.001055793210157459,0.5793028124146719,A
FOODS_2_368,115,0.0010466915445526532,0.5803495039592246,A
FOODS_3_305,115,0.0010466915445526532,0.5813961955037772,A
FOODS_3_448,115,0.0010466915445526532,0.5824428870483298,A
FOODS_2_079,114,0.0010375898789478475,0.5834804769272777,A
FOODS_3_101,114,0.0010375898789478475,0.5845180668062255,A
FOODS_3_285,114,0.0010375898789478475,0.5855556566851734,A
FOODS_3_562,114,0.0010375898789478475,0.5865932465641213,A
FOODS_3_634,113,0.0010284882133430417,0.5876217347774643,A
FOODS_3_692,113,0.0010284882133430417,0.5886502229908073,A
FOODS_3_376,112,0.001019386547738236,0.5896696095385455,A
FOODS_1_069,111,0.0010102848821334305,0.590679894420679,A
FOODS_3_738,111,0.0010102848821334305,0.5916901793028124,A
FOODS_2_056,110,0.0010011832165286248,0.5926913625193411,A
FOODS_2_145,110,0.0010011832165286248,0.5936925457358697,A
FOODS_3_727,110,0.0010011832165286248,0.5946937289523982,A
FOODS_3_023,109,0.000992081550923819,0.5956858105033221,A
FOODS_3_801,109,0.000992081550923819,0.5966778920542459,A
FOODS_1_094,108,0.0009829798853190133,0.597660871939565,A
FOODS_3_261,108,0.0009829798853190133,0.598643851824884,A
FOODS_3_505,108,0.0009829798853190133,0.5996268317102029,A
FOODS_1_219,107,0.0009738782197142077,0.6006007099299172,A
FOODS_2_101,107,0.0009738782197142077,0.6015745881496314,A
FOODS_3_565,107,0.0009738782197142077,0.6025484663693456,A
FOODS_3_617,107,0.0009738782197142077,0.6035223445890598,A
FOODS_3_809,107,0.0009738782197142077,0.604496222808774,A
FOODS_2_013,106,0.000964776554109402,0.6054609993628834,A
FOODS_3_609,106,0.000964776554109402,0.6064257759169928,A
FOODS_2_035,105,0.0009556748885045964,0.6073814508054974,A
FOODS_2_061,105,0.0009556748885045964,0.608337125694002,A
FOODS_3_125,105,0.0009556748885045964,0.6092928005825066,A
FOODS_3_750,105,0.0009556748885045964,0.6102484754710112,A
FOODS_2_316,104,0.0009465732228997907,0.611195048693911,A
FOODS_3_381,104,0.0009465732228997907,0.6121416219168108,A
FOODS_3_731,104,0.0009465732228997907,0.6130881951397106,A
FOODS_3_106,103,0.000937471557294985,0.6140256666970055,A
FOODS_3_152,103,0.000937471557294985,0.6149631382543005,A
FOODS_3_201,103,0.000937471557294985,0.6159006098115956,A
FOODS_3_230,103,0.000937471557294985,0.6168380813688905,A
FOODS_3_515,103,0.000937471557294985,0.6177755529261855,A
FOODS_1_046,102,0.0009283698916901793,0.6187039228178757,A
FOODS_1_106,102,0.0009283698916901793,0.6196322927095659,A
FOODS_2_381,102,0.0009283698916901793,0.620560662601256,A
FOODS_3_113,102,0.0009283698916901793,0.6214890324929462,A
FOODS_1_027,101,0.0009192682260853736,0.6224083007190316,A
FOODS_3_118,101,0.0009192682260853736,0.623327568945117,A
FOODS_3_265,101,0.0009192682260853736,0.6242468371712023,A
FOODS_3_294,101,0.0009192682260853736,0.6251661053972877,A
FOODS_3_783,101,0.0009192682260853736,0.6260853736233731,A
FOODS_3_793,101,0.0009192682260853736,0.6270046418494585,A
FOODS_1_088,100,0.0009101665604805679,0.6279148084099391,A
FOODS_2_285,100,0.0009101665604805679,0.6288249749704196,A
FOODS_2_086,98,0.0008919632292709566,0.6297169381996905,A
FOODS_3_474,98,0.0008919632292709566,0.6306089014289615,A
FOODS_3_814,98,0.0008919632292709566,0.6315008646582324,A
FOODS_2_074,97,0.000882861563666151,0.6323837262218986,A
FOODS_3_519,97,0.000882861563666151,0.6332665877855648,A
FOODS_3_561,97,0.000882861563666151,0.6341494493492309,A
FOODS_3_700,97,0.000882861563666151,0.635032310912897,A
FOODS_1_196,96,0.0008737598980613452,0.6359060708109584,A
FOODS_3_407,96,0.0008737598980613452,0.6367798307090198,A
FOODS_3_812,96,0.0008737598980613452,0.637653590607081,A
FOODS_3_037,95,0.0008646582324565395,0.6385182488395377,A
FOODS_1_142,94,0.0008555565668517339,0.6393738054063893,A
FOODS_2_082,94,0.0008555565668517339,0.6402293619732411,A
FOODS_3_097,94,0.0008555565668517339,0.6410849185400929,A
FOODS_3_127,94,0.0008555565668517339,0.6419404751069445,A
FOODS_2_384,93,0.0008464549012469282,0.6427869300081915,A
FOODS_3_187,93,0.0008464549012469282,0.6436333849094384,A
FOODS_3_241,93,0.0008464549012469282,0.6444798398106854,A
FOODS_1_083,92,0.0008373532356421226,0.6453171930463275,A
FOODS_3_083,92,0.0008373532356421226,0.6461545462819696,A
FOODS_3_139,92,0.0008373532356421226,0.6469918995176117,A
FOODS_3_439,92,0.0008373532356421226,0.6478292527532539,A
FOODS_3_487,92,0.0008373532356421226,0.6486666059888959,A
FOODS_3_704,92,0.0008373532356421226,0.6495039592245381,A
FOODS_2_201,91,0.0008282515700373168,0.6503322107945754,A
FOODS_2_391,91,0.0008282515700373168,0.6511604623646127,A
FOODS_3_109,91,0.0008282515700373168,0.6519887139346501,A
FOODS_3_131,91,0.0008282515700373168,0.6528169655046874,A
FOODS_2_055,90,0.0008191499044325111,0.6536361154091199,A
FOODS_2_119,90,0.0008191499044325111,0.6544552653135524,A
FOODS_3_557,90,0.0008191499044325111,0.6552744152179849,A
FOODS_3_689,90,0.0008191499044325111,0.6560935651224175,A
FOODS_3_797,90,0.0008191499044325111,0.6569127150268499,A
FOODS_1_042,89,0.0008100482388277055,0.6577227632656776,A
FOODS_1_150,89,0.0008100482388277055,0.6585328115045054,A
FOODS_2_240,89,0.0008100482388277055,0.6593428597433331,A
FOODS_3_355,89,0.0008100482388277055,0.6601529079821608,A
FOODS_3_423,89,0.0008100482388277055,0.6609629562209884,A
FOODS_3_590,89,0.0008100482388277055,0.6617730044598161,A
FOODS_3_530,88,0.0008009465732228998,0.6625739510330391,A
FOODS_1_009,87,0.0007918449076180941,0.6633657959406571,A
FOODS_1_166,87,0.0007918449076180941,0.6641576408482752,A
FOODS_2_289,87,0.0007918449076180941,0.6649494857558933,A
FOODS_3_603,87,0.0007918449076180941,0.6657413306635114,A
FOODS_3_706,87,0.0007918449076180941,0.6665331755711296,A
FOODS_1_031,86,0.0007827432420132884,0.6673159188131428,A
FOODS_3_482,86,0.0007827432420132884,0.6680986620551561,A
FOODS_3_249,85,0.0007736415764084827,0.6688723036315646,A
FOODS_3_551,85,0.0007736415764084827,0.669645945207973,A
FOODS_3_300,84,0.0007645399108036771,0.6704104851187768,A
FOODS_3_459,84,0.0007645399108036771,0.6711750250295804,A
FOODS_3_513,84,0.0007645399108036771,0.6719395649403841,A
FOODS_3_632,84,0.0007645399108036771,0.6727041048511878,A
FOODS_1_005,83,0.0007554382451988714,0.6734595430963867,A
FOODS_3_034,83,0.0007554382451988714,0.6742149813415855,A
FOODS_3_042,83,0.0007554382451988714,0.6749704195867844,A
FOODS_2_036,82,0.0007463365795940657,0.6757167561663785,A
FOODS_3_232,82,0.0007463365795940657,0.6764630927459725,A
FOODS_3_792,82,0.0007463365795940657,0.6772094293255666,A
FOODS_2_183,81,0.0007372349139892601,0.6779466642395559,A
FOODS_2_221,81,0.0007372349139892601,0.6786838991535451,A
FOODS_2_304,81,0.0007372349139892601,0.6794211340675343,A
FOODS_2_396,81,0.0007372349139892601,0.6801583689815236,A
FOODS_3_203,81,0.0007372349139892601,0.6808956038955128,A
FOODS_3_592,81,0.0007372349139892601,0.6816328388095021,A
FOODS_3_803,81,0.0007372349139892601,0.6823700737234913,A
FOODS_1_036,80,0.0007281332483844543,0.6830982069718758,A
FOODS_1_037,80,0.0007281332483844543,0.6838263402202603,A
FOODS_1_194,80,0.0007281332483844543,0.6845544734686447,A
FOODS_3_344,80,0.0007281332483844543,0.6852826067170292,A
FOODS_2_078,79,0.0007190315827796487,0.6860016382998089,A
FOODS_2_374,79,0.0007190315827796487,0.6867206698825885,A
FOODS_3_071,79,0.0007190315827796487,0.6874397014653681,A
FOODS_3_074,79,0.0007190315827796487,0.6881587330481478,A
FOODS_3_675,79,0.0007190315827796487,0.6888777646309274,A
FOODS_3_433,78,0.000709929917174843,0.6895876945481023,A
FOODS_1_181,77,0.0007008282515700373,0.6902885227996723,A
FOODS_2_184,77,0.0007008282515700373,0.6909893510512424,A
FOODS_2_383,77,0.0007008282515700373,0.6916901793028124,A
FOODS_3_574,77,0.0007008282515700373,0.6923910075543824,A
FOODS_3_788,77,0.0007008282515700373,0.6930918358059525,A
FOODS_1_161,76,0.0006917265859652317,0.6937835623919177,A
FOODS_2_356,76,0.0006917265859652317,0.6944752889778829,A
FOODS_3_317,76,0.0006917265859652317,0.6951670155638482,A
FOODS_3_438,76,0.0006917265859652317,0.6958587421498135,A
FOODS_3_735,76,0.0006917265859652317,0.6965504687357786,A
FOODS_2_024,75,0.000682624920360426,0.6972330936561391,A
FOODS_2_247,75,0.000682624920360426,0.6979157185764995,A
FOODS_3_651,75,0.000682624920360426,0.6985983434968599,A
FOODS_3_800,75,0.000682624920360426,0.6992809684172203,A
FOODS_3_813,75,0.000682624920360426,0.6999635933375807,A
FOODS_1_096,74,0.0006735232547556202,0.7006371165923364,A
FOODS_2_034,74,0.0006735232547556202,0.701310639847092,A
FOODS_2_054,74,0.0006735232547556202,0.7019841631018476,A
FOODS_2_274,74,0.0006735232547556202,0.7026576863566033,A
FOODS_3_138,74,0.0006735232547556202,0.7033312096113589,A
FOODS_3_330,74,0.0006735232547556202,0.7040047328661145,A
FOODS_3_385,74,0.0006735232547556202,0.7046782561208701,A
FOODS_3_489,74,0.0006735232547556202,0.7053517793756258,A
FOODS_3_815,74,0.0006735232547556202,0.7060253026303813,A
FOODS_3_823,74,0.0006735232547556202,0.706698825885137,A
FOODS_2_399,73,0.0006644215891508146,0.7073632474742878,A
FOODS_3_163,73,0.0006644215891508146,0.7080276690634386,A
FOODS_3_356,73,0.0006644215891508146,0.7086920906525894,A
FOODS_3_476,73,0.0006644215891508146,0.7093565122417402,A
FOODS_1_015,72,0.0006553199235460089,0.7100118321652863,A
FOODS_2_112,72,0.0006553199235460089,0.7106671520888322,A
FOODS_2_196,72,0.0006553199235460089,0.7113224720123783,A
FOODS_2_249,72,0.0006553199235460089,0.7119777919359243,A
FOODS_2_299,72,0.0006553199235460089,0.7126331118594703,A
FOODS_2_334,72,0.0006553199235460089,0.7132884317830163,A
FOODS_3_059,72,0.0006553199235460089,0.7139437517065623,A
FOODS_3_346,72,0.0006553199235460089,0.7145990716301083,A
FOODS_3_604,72,0.0006553199235460089,0.7152543915536543,A
FOODS_3_646,72,0.0006553199235460089,0.7159097114772003,A
FOODS_1_201,71,0.0006462182579412033,0.7165559297351415,A
FOODS_2_003,71,0.0006462182579412033,0.7172021479930827,A
FOODS_2_026,71,0.0006462182579412033,0.7178483662510239,A
FOODS_2_359,71,0.0006462182579412033,0.7184945845089652,A
FOODS_3_215,71,0.0006462182579412033,0.7191408027669064,A
FOODS_3_431,71,0.0006462182579412033,0.7197870210248476,A
FOODS_1_024,70,0.0006371165923363976,0.7204241376171839,A
FOODS_2_257,70,0.0006371165923363976,0.7210612542095204,A
FOODS_3_177,70,0.0006371165923363976,0.7216983708018567,A
FOODS_3_327,70,0.0006371165923363976,0.7223354873941932,A
FOODS_2_080,69,0.0006280149267315918,0.7229635023209248,A
FOODS_2_309,69,0.0006280149267315918,0.7235915172476564,A
FOODS_2_387,69,0.0006280149267315918,0.724219532174388,A
FOODS_3_001,69,0.0006280149267315918,0.7248475471011195,A
FOODS_3_291,69,0.0006280149267315918,0.7254755620278511,A
FOODS_3_669,69,0.0006280149267315918,0.7261035769545827,A
FOODS_3_166,68,0.0006189132611267862,0.7267224902157094,A
FOODS_3_172,68,0.0006189132611267862,0.7273414034768363,A
FOODS_3_422,68,0.0006189132611267862,0.727960316737963,A
FOODS_3_560,68,0.0006189132611267862,0.7285792299990899,A
FOODS_3_665,68,0.0006189132611267862,0.7291981432602166,A
FOODS_1_180,67,0.0006098115955219805,0.7298079548557386,A
FOODS_1_204,67,0.0006098115955219805,0.7304177664512606,A
FOODS_3_015,67,0.0006098115955219805,0.7310275780467825,A
FOODS_3_126,67,0.0006098115955219805,0.7316373896423045,A
FOODS_3_181,67,0.0006098115955219805,0.7322472012378265,A
FOODS_3_206,67,0.0006098115955219805,0.7328570128333485,A
FOODS_3_273,67,0.0006098115955219805,0.7334668244288705,A
FOODS_3_386,67,0.0006098115955219805,0.7340766360243924,A
FOODS_3_610,67,0.0006098115955219805,0.7346864476199144,A
FOODS_1_183,66,0.0006007099299171749,0.7352871575498316,A
FOODS_2_175,66,0.0006007099299171749,0.7358878674797488,A
FOODS_2_225,66,0.0006007099299171749,0.736488577409666,A
FOODS_3_077,66,0.0006007099299171749,0.7370892873395831,A
FOODS_3_481,66,0.0006007099299171749,0.7376899972695004,A
FOODS_3_712,66,0.0006007099299171749,0.7382907071994175,A
FOODS_1_074,65,0.0005916082643123692,0.7388823154637298,A
FOODS_1_103,65,0.0005916082643123692,0.7394739237280422,A
FOODS_3_277,65,0.0005916082643123692,0.7400655319923546,A
FOODS_3_418,65,0.0005916082643123692,0.740657140256667,A
FOODS_3_504,65,0.0005916082643123692,0.7412487485209793,A
FOODS_3_582,65,0.0005916082643123692,0.7418403567852917,A
FOODS_3_780,65,0.0005916082643123692,0.7424319650496041,A
FOODS_2_189,64,0.0005825065987075634,0.7430144716483117,A
FOODS_2_388,64,0.0005825065987075634,0.7435969782470192,A
FOODS_3_025,64,0.0005825065987075634,0.7441794848457267,A
FOODS_3_032,64,0.0005825065987075634,0.7447619914444343,A
FOODS_3_257,64,0.0005825065987075634,0.7453444980431418,A
FOODS_3_485,64,0.0005825065987075634,0.7459270046418495,A
FOODS_3_584,64,0.0005825065987075634,0.746509511240557,A
FOODS_3_093,63,0.0005734049331027578,0.7470829161736597,A
FOODS_3_639,63,0.0005734049331027578,0.7476563211067625,A
FOODS_3_053,62,0.0005643032674979521,0.7482206243742605,A
FOODS_3_167,62,0.0005643032674979521,0.7487849276417584,A
FOODS_3_184,62,0.0005643032674979521,0.7493492309092564,A
FOODS_3_191,62,0.0005643032674979521,0.7499135341767543,A
FOODS_3_326,62,0.0005643032674979521,0.7504778374442523,A
FOODS_3_332,62,0.0005643032674979521,0.7510421407117502,A
FOODS_3_479,62,0.0005643032674979521,0.7516064439792483,A
FOODS_3_820,62,0.0005643032674979521,0.7521707472467462,A
FOODS_1_047,61,0.0005552016018931464,0.7527259488486393,A
FOODS_2_081,61,0.0005552016018931464,0.7532811504505325,A
FOODS_2_266,61,0.0005552016018931464,0.7538363520524256,A
FOODS_3_130,61,0.0005552016018931464,0.7543915536543188,A
FOODS_3_160,61,0.0005552016018931464,0.7549467552562119,A
FOODS_3_190,61,0.0005552016018931464,0.7555019568581051,A
FOODS_3_310,61,0.0005552016018931464,0.7560571584599982,A
FOODS_1_129,60,0.0005460999362883408,0.7566032583962865,A
FOODS_3_058,60,0.0005460999362883408,0.7571493583325749,A
FOODS_3_117,60,0.0005460999362883408,0.7576954582688632,A
FOODS_3_174,60,0.0005460999362883408,0.7582415582051515,A
FOODS_3_535,60,0.0005460999362883408,0.7587876581414399,A
FOODS_3_585,60,0.0005460999362883408,0.7593337580777282,A
FOODS_3_655,60,0.0005460999362883408,0.7598798580140166,A
FOODS_2_170,59,0.0005369982706835351,0.7604168562847001,A
FOODS_3_283,59,0.0005369982706835351,0.7609538545553837,A
FOODS_3_361,59,0.0005369982706835351,0.7614908528260672,A
FOODS_3_546,59,0.0005369982706835351,0.7620278510967508,A
FOODS_1_045,58,0.0005278966050787294,0.7625557477018294,A
FOODS_1_076,58,0.0005278966050787294,0.7630836443069081,A
FOODS_1_097,58,0.0005278966050787294,0.7636115409119869,A
FOODS_1_184,58,0.0005278966050787294,0.7641394375170656,A
FOODS_2_009,58,0.0005278966050787294,0.7646673341221444,A
FOODS_3_214,58,0.0005278966050787294,0.7651952307272231,A
FOODS_3_336,58,0.0005278966050787294,0.7657231273323019,A
FOODS_3_618,58,0.0005278966050787294,0.7662510239373805,A
FOODS_2_307,57,0.0005187949394739237,0.7667698188768545,A
FOODS_3_079,57,0.0005187949394739237,0.7672886138163284,A
FOODS_3_114,57,0.0005187949394739237,0.7678074087558023,A
FOODS_3_253,57,0.0005187949394739237,0.7683262036952763,A
FOODS_3_398,57,0.0005187949394739237,0.7688449986347502,A
FOODS_3_577,57,0.0005187949394739237,0.7693637935742241,A
FOODS_3_653,57,0.0005187949394739237,0.769882588513698,A
FOODS_3_672,57,0.0005187949394739237,0.7704013834531719,A
FOODS_1_092,56,0.000509693273869118,0.7709110767270411,A
FOODS_1_145,56,0.000509693273869118,0.7714207700009101,A
FOODS_2_063,56,0.000509693273869118,0.7719304632747793,A
FOODS_2_137,56,0.000509693273869118,0.7724401565486484,A
FOODS_2_182,56,0.000509693273869118,0.7729498498225176,A
FOODS_2_262,56,0.000509693273869118,0.7734595430963866,A
FOODS_3_008,56,0.000509693273869118,0.7739692363702557,A
FOODS_3_013,56,0.000509693273869118,0.7744789296441249,A
FOODS_3_208,56,0.000509693273869118,0.774988622917994,A
FOODS_3_333,56,0.000509693273869118,0.7754983161918632,A
FOODS_3_523,56,0.000509693273869118,0.7760080094657322,A
FOODS_1_086,55,0.0005005916082643124,0.7765086010739966,A
FOODS_1_192,55,0.0005005916082643124,0.7770091926822609,A
FOODS_3_183,55,0.0005005916082643124,0.7775097842905252,A
FOODS_3_537,55,0.0005005916082643124,0.7780103758987895,A
FOODS_3_581,55,0.0005005916082643124,0.7785109675070538,A
FOODS_3_818,55,0.0005005916082643124,0.779011559115318,A
FOODS_1_130,54,0.0004914899426595067,0.7795030490579776,A
FOODS_2_162,54,0.0004914899426595067,0.7799945390006371,A
FOODS_2_215,54,0.0004914899426595067,0.7804860289432967,A
FOODS_2_357,54,0.0004914899426595067,0.7809775188859561,A
FOODS_3_100,54,0.0004914899426595067,0.7814690088286156,A
FOODS_3_242,54,0.0004914899426595067,0.7819604987712752,A
FOODS_3_335,54,0.0004914899426595067,0.7824519887139346,A
FOODS_3_440,54,0.0004914899426595067,0.7829434786565942,A
FOODS_3_475,54,0.0004914899426595067,0.7834349685992537,A
FOODS_3_508,54,0.0004914899426595067,0.7839264585419131,A
FOODS_3_509,54,0.0004914899426595067,0.7844179484845727,A
FOODS_3_532,54,0.0004914899426595067,0.7849094384272322,A
FOODS_3_666,54,0.0004914899426595067,0.7854009283698917,A
FOODS_2_049,53,0.000482388277054701,0.7858833166469464,A
FOODS_3_169,53,0.000482388277054701,0.786365704924001,A
FOODS_3_311,53,0.000482388277054701,0.7868480932010558,A
FOODS_3_347,53,0.000482388277054701,0.7873304814781105,A
FOODS_3_378,53,0.000482388277054701,0.7878128697551652,A
FOODS_3_588,53,0.000482388277054701,0.7882952580322199,A
FOODS_3_787,53,0.000482388277054701,0.7887776463092746,A
FOODS_2_144,52,0.00047328661144989534,0.7892509329207245,A
FOODS_2_176,52,0.00047328661144989534,0.7897242195321744,A
FOODS_2_351,52,0.00047328661144989534,0.7901975061436243,A
FOODS_3_279,52,0.00047328661144989534,0.7906707927550741,A
FOODS_3_354,52,0.00047328661144989534,0.7911440793665241,A
FOODS_3_450,52,0.00047328661144989534,0.7916173659779739,A
FOODS_3_621,52,0.00047328661144989534,0.7920906525894239,A
FOODS_3_679,52,0.00047328661144989534,0.7925639392008738,A
FOODS_3_807,52,0.00047328661144989534,0.7930372258123236,A
FOODS_1_187,51,0.00046418494584508967,0.7935014107581687,A
FOODS_1_208,51,0.00046418494584508967,0.7939655957040138,A
FOODS_2_139,51,0.00046418494584508967,0.7944297806498589,A
FOODS_2_150,51,0.00046418494584508967,0.794893965595704,A
FOODS_2_348,51,0.00046418494584508967,0.7953581505415491,A
FOODS_3_732,51,0.00046418494584508967,0.7958223354873942,A
FOODS_1_123,50,0.00045508328024028395,0.7962774187676345,A
FOODS_2_140,50,0.00045508328024028395,0.7967325020478747,A
FOODS_2_361,50,0.00045508328024028395,0.7971875853281151,A
FOODS_3_156,50,0.00045508328024028395,0.7976426686083553,A
FOODS_3_212,50,0.00045508328024028395,0.7980977518885957,A
FOODS_3_382,50,0.00045508328024028395,0.7985528351688359,A
FOODS_3_648,50,0.00045508328024028395,0.7990079184490761,A
FOODS_3_674,50,0.00045508328024028395,0.7994630017293165,A
FOODS_3_825,50,0.00045508328024028395,0.7999180850095567,A
FOODS_1_044,49,0.0004459816146354783,0.8003640666241922,A
FOODS_1_051,49,0.0004459816146354783,0.8008100482388277,A
FOODS_1_091,49,0.0004459816146354783,0.8012560298534632,A
FOODS_2_364,49,0.0004459816146354783,0.8017020114680986,A
FOODS_3_129,49,0.0004459816146354783,0.8021479930827341,A
FOODS_3_331,49,0.0004459816146354783,0.8025939746973696,A
FOODS_3_819,49,0.0004459816146354783,0.8030399563120051,A
FOODS_1_071,48,0.0004368799490306726,0.8034768362610357,B
FOODS_2_005,48,0.0004368799490306726,0.8039137162100665,B
FOODS_2_125,48,0.0004368799490306726,0.8043505961590971,B
FOODS_2_219,48,0.0004368799490306726,0.8047874761081278,B
FOODS_2_367,48,0.0004368799490306726,0.8052243560571585,B
FOODS_3_072,48,0.0004368799490306726,0.8056612360061891,B
FOODS_3_194,48,0.0004368799490306726,0.8060981159552199,B
FOODS_3_320,48,0.0004368799490306726,0.8065349959042505,B
FOODS_3_432,48,0.0004368799490306726,0.8069718758532811,B
FOODS_3_545,48,0.0004368799490306726,0.8074087558023119,B
FOODS_3_591,48,0.0004368799490306726,0.8078456357513425,B
FOODS_3_698,48,0.0004368799490306726,0.8082825157003731,B
FOODS_3_726,48,0.0004368799490306726,0.8087193956494039,B
FOODS_3_751,48,0.0004368799490306726,0.8091562755984345,B
FOODS_1_090,47,0.00042777828342586695,0.8095840538818604,B
FOODS_1_108,47,0.00042777828342586695,0.8100118321652863,B
FOODS_1_143,47,0.00042777828342586695,0.8104396104487122,B
FOODS_1_156,47,0.00042777828342586695,0.8108673887321379,B
FOODS_1_182,47,0.00042777828342586695,0.8112951670155638,B
FOODS_1_190,47,0.00042777828342586695,0.8117229452989897,B
FOODS_2_052,47,0.00042777828342586695,0.8121507235824156,B
FOODS_2_065,47,0.00042777828342586695,0.8125785018658415,B
FOODS_2_185,47,0.00042777828342586695,0.8130062801492673,B
FOODS_3_026,47,0.00042777828342586695,0.8134340584326932,B
FOODS_3_094,47,0.00042777828342586695,0.813861836716119,B
FOODS_3_176,47,0.00042777828342586695,0.8142896149995449,B
FOODS_3_211,47,0.00042777828342586695,0.8147173932829708,B
FOODS_3_483,47,0.00042777828342586695,0.8151451715663967,B
FOODS_3_596,47,0.00042777828342586695,0.8155729498498225,B
FOODS_1_038,46,0.0004186766178210613,0.8159916264676436,B
FOODS_1_109,46,0.0004186766178210613,0.8164103030854647,B
FOODS_1_205,46,0.0004186766178210613,0.8168289797032857,B
FOODS_2_002,46,0.0004186766178210613,0.8172476563211067,B
FOODS_2_153,46,0.0004186766178210613,0.8176663329389279,B
FOODS_2_301,46,0.0004186766178210613,0.8180850095567489,B
FOODS_3_153,46,0.0004186766178210613,0.8185036861745699,B
FOODS_3_224,46,0.0004186766178210613,0.8189223627923911,B
FOODS_3_278,46,0.0004186766178210613,0.8193410394102121,B
FOODS_3_460,46,0.0004186766178210613,0.8197597160280331,B
FOODS_3_496,46,0.0004186766178210613,0.8201783926458542,B
FOODS_3_536,46,0.0004186766178210613,0.8205970692636753,B
FOODS_3_641,46,0.0004186766178210613,0.8210157458814963,B
FOODS_3_642,46,0.0004186766178210613,0.8214344224993174,B
FOODS_3_794,46,0.0004186766178210613,0.8218530991171384,B
FOODS_1_035,45,0.00040957495221625556,0.8222626740693547,B
FOODS_1_082,45,0.00040957495221625556,0.822672249021571,B
FOODS_1_127,45,0.00040957495221625556,0.8230818239737872,B
FOODS_2_106,45,0.00040957495221625556,0.8234913989260034,B
FOODS_2_138,45,0.00040957495221625556,0.8239009738782197,B
FOODS_2_143,45,0.00040957495221625556,0.824310548830436,B
FOODS_2_166,45,0.00040957495221625556,0.8247201237826522,B
FOODS_2_167,45,0.00040957495221625556,0.8251296987348685,B
FOODS_2_218,45,0.00040957495221625556,0.8255392736870847,B
FOODS_3_011,45,0.00040957495221625556,0.825948848639301,B
FOODS_3_048,45,0.00040957495221625556,0.8263584235915172,B
FOODS_3_147,45,0.00040957495221625556,0.8267679985437335,B
FOODS_3_149,45,0.00040957495221625556,0.8271775734959498,B
FOODS_3_368,45,0.00040957495221625556,0.827587148448166,B
FOODS_3_394,45,0.00040957495221625556,0.8279967234003822,B
FOODS_3_589,45,0.00040957495221625556,0.8284062983525985,B
FOODS_3_640,45,0.00040957495221625556,0.8288158733048148,B
FOODS_3_718,45,0.00040957495221625556,0.829225448257031,B
FOODS_3_742,45,0.00040957495221625556,0.8296350232092473,B
FOODS_1_017,44,0.0004004732866114499,0.8300354964958587,B
FOODS_1_153,44,0.0004004732866114499,0.8304359697824701,B
FOODS_1_188,44,0.0004004732866114499,0.8308364430690817,B
FOODS_2_203,44,0.0004004732866114499,0.8312369163556931,B
FOODS_2_245,44,0.0004004732866114499,0.8316373896423045,B
FOODS_2_272,44,0.0004004732866114499,0.832037862928916,B
FOODS_2_321,44,0.0004004732866114499,0.8324383362155274,B
FOODS_3_002,44,0.0004004732866114499,0.8328388095021388,B
FOODS_3_014,44,0.0004004732866114499,0.8332392827887504,B
FOODS_3_060,44,0.0004004732866114499,0.8336397560753618,B
FOODS_3_195,44,0.0004004732866114499,0.8340402293619732,B
FOODS_3_237,44,0.0004004732866114499,0.8344407026485847,B
FOODS_3_274,44,0.0004004732866114499,0.8348411759351961,B
FOODS_3_428,44,0.0004004732866114499,0.8352416492218075,B
FOODS_3_624,44,0.0004004732866114499,0.8356421225084191,B
FOODS_2_134,43,0.0003913716210066442,0.8360334941294257,B
FOODS_2_173,43,0.0003913716210066442,0.8364248657504323,B
FOODS_2_202,43,0.0003913716210066442,0.836816237371439,B
FOODS_2_278,43,0.0003913716210066442,0.8372076089924456,B
FOODS_2_376,43,0.0003913716210066442,0.8375989806134523,B
FOODS_2_398,43,0.0003913716210066442,0.837990352234459,B
FOODS_3_046,43,0.0003913716210066442,0.8383817238554655,B
FOODS_3_251,43,0.0003913716210066442,0.8387730954764722,B
FOODS_3_390,43,0.0003913716210066442,0.8391644670974788,B
FOODS_3_426,43,0.0003913716210066442,0.8395558387184855,B
FOODS_3_643,43,0.0003913716210066442,0.8399472103394922,B
FOODS_3_805,43,0.0003913716210066442,0.8403385819604988,B
FOODS_1_060,42,0.00038226995540183856,0.8407208519159006,B
FOODS_1_072,42,0.00038226995540183856,0.8411031218713024,B
FOODS_2_060,42,0.00038226995540183856,0.8414853918267042,B
FOODS_2_110,42,0.00038226995540183856,0.8418676617821061,B
FOODS_2_233,42,0.00038226995540183856,0.842249931737508,B
FOODS_2_253,42,0.00038226995540183856,0.8426322016929098,B
FOODS_2_286,42,0.00038226995540183856,0.8430144716483117,B
FOODS_3_081,42,0.00038226995540183856,0.8433967416037135,B
FOODS_3_205,42,0.00038226995540183856,0.8437790115591153,B
FOODS_3_213,42,0.00038226995540183856,0.8441612815145172,B
FOODS_3_314,42,0.00038226995540183856,0.844543551469919,B
FOODS_3_478,42,0.00038226995540183856,0.8449258214253208,B
FOODS_3_520,42,0.00038226995540183856,0.8453080913807227,B
FOODS_3_645,42,0.00038226995540183856,0.8456903613361245,B
FOODS_3_721,42,0.00038226995540183856,0.8460726312915263,B
FOODS_3_743,42,0.00038226995540183856,0.8464549012469282,B
FOODS_1_011,41,0.00037316828979703284,0.8468280695367252,B
FOODS_1_105,41,0.00037316828979703284,0.8472012378265222,B
FOODS_1_121,41,0.00037316828979703284,0.8475744061163193,B
FOODS_1_138,41,0.00037316828979703284,0.8479475744061163,B
FOODS_2_004,41,0.00037316828979703284,0.8483207426959134,B
FOODS_2_095,41,0.00037316828979703284,0.8486939109857103,B
FOODS_2_151,41,0.00037316828979703284,0.8490670792755074,B
FOODS_2_194,41,0.00037316828979703284,0.8494402475653045,B
FOODS_3_003,41,0.00037316828979703284,0.8498134158551015,B
FOODS_3_021,41,0.00037316828979703284,0.8501865841448986,B
FOODS_3_157,41,0.00037316828979703284,0.8505597524346955,B
FOODS_3_225,41,0.00037316828979703284,0.8509329207244926,B
FOODS_3_272,41,0.00037316828979703284,0.8513060890142896,B
FOODS_3_387,41,0.00037316828979703284,0.8516792573040867,B
FOODS_3_388,41,0.00037316828979703284,0.8520524255938837,B
FOODS_3_405,41,0.00037316828979703284,0.8524255938836807,B
FOODS_3_502,41,0.00037316828979703284,0.8527987621734777,B
FOODS_3_553,41,0.00037316828979703284,0.8531719304632748,B
FOODS_3_650,41,0.00037316828979703284,0.8535450987530718,B
FOODS_3_716,41,0.00037316828979703284,0.8539182670428689,B
FOODS_3_786,41,0.00037316828979703284,0.8542914353326658,B
FOODS_1_198,40,0.00036406662419222717,0.8546555019568581,B
FOODS_1_209,40,0.00036406662419222717,0.8550195685810503,B
FOODS_2_030,40,0.00036406662419222717,0.8553836352052425,B
FOODS_2_031,40,0.00036406662419222717,0.8557477018294348,B
FOODS_2_146,40,0.00036406662419222717,0.856111768453627,B
FOODS_2_171,40,0.00036406662419222717,0.8564758350778192,B
FOODS_2_311,40,0.00036406662419222717,0.8568399017020115,B
FOODS_2_338,40,0.00036406662419222717,0.8572039683262037,B
FOODS_2_340,40,0.00036406662419222717,0.8575680349503959,B
FOODS_2_344,40,0.00036406662419222717,0.8579321015745881,B
FOODS_2_377,40,0.00036406662419222717,0.8582961681987804,B
FOODS_3_031,40,0.00036406662419222717,0.8586602348229726,B
FOODS_3_178,40,0.00036406662419222717,0.8590243014471648,B
FOODS_3_470,40,0.00036406662419222717,0.8593883680713571,B
FOODS_3_544,40,0.00036406662419222717,0.8597524346955493,B
FOODS_3_552,40,0.00036406662419222717,0.8601165013197415,B
FOODS_3_569,40,0.00036406662419222717,0.8604805679439338,B
FOODS_3_605,40,0.00036406662419222717,0.860844634568126,B
FOODS_3_684,40,0.00036406662419222717,0.8612087011923182,B
FOODS_1_014,39,0.0003549649585874215,0.8615636661509056,B
FOODS_1_028,39,0.0003549649585874215,0.8619186311094931,B
FOODS_1_041,39,0.0003549649585874215,0.8622735960680804,B
FOODS_1_149,39,0.0003549649585874215,0.8626285610266679,B
FOODS_1_185,39,0.0003549649585874215,0.8629835259852553,B
FOODS_1_206,39,0.0003549649585874215,0.8633384909438427,B
FOODS_2_010,39,0.0003549649585874215,0.8636934559024302,B
FOODS_2_107,39,0.0003549649585874215,0.8640484208610175,B
FOODS_2_130,39,0.0003549649585874215,0.864403385819605,B
FOODS_2_180,39,0.0003549649585874215,0.8647583507781924,B
FOODS_2_187,39,0.0003549649585874215,0.8651133157367799,B
FOODS_2_385,39,0.0003549649585874215,0.8654682806953673,B
FOODS_3_248,39,0.0003549649585874215,0.8658232456539546,B
FOODS_3_301,39,0.0003549649585874215,0.8661782106125421,B
FOODS_3_488,39,0.0003549649585874215,0.8665331755711295,B
FOODS_3_616,39,0.0003549649585874215,0.866888140529717,B
FOODS_3_748,39,0.0003549649585874215,0.8672431054883044,B
FOODS_1_006,38,0.00034586329298261583,0.867588968781287,B
FOODS_1_112,38,0.00034586329298261583,0.8679348320742696,B
FOODS_1_207,38,0.00034586329298261583,0.8682806953672522,B
FOODS_2_104,38,0.00034586329298261583,0.8686265586602349,B
FOODS_2_135,38,0.00034586329298261583,0.8689724219532174,B
FOODS_2_192,38,0.00034586329298261583,0.8693182852462,B
FOODS_2_208,38,0.00034586329298261583,0.8696641485391827,B
FOODS_2_279,38,0.00034586329298261583,0.8700100118321653,B
FOODS_2_291,38,0.00034586329298261583,0.8703558751251479,B
FOODS_2_327,38,0.00034586329298261583,0.8707017384181305,B
FOODS_3_250,38,0.00034586329298261583,0.8710476017111132,B
FOODS_3_264,38,0.00034586329298261583,0.8713934650040958,B
FOODS_3_270,38,0.00034586329298261583,0.8717393282970783,B
FOODS_3_316,38,0.00034586329298261583,0.8720851915900609,B
FOODS_3_414,38,0.00034586329298261583,0.8724310548830436,B
FOODS_3_434,38,0.00034586329298261583,0.8727769181760262,B
FOODS_3_457,38,0.00034586329298261583,0.8731227814690088,B
FOODS_3_676,38,0.00034586329298261583,0.8734686447619915,B
FOODS_1_013,37,0.0003367616273778101,0.8738054063893692,B
FOODS_1_026,37,0.0003367616273778101,0.874142168016747,B
FOODS_1_135,37,0.0003367616273778101,0.8744789296441249,B
FOODS_1_214,37,0.0003367616273778101,0.8748156912715027,B
FOODS_2_020,37,0.0003367616273778101,0.8751524528988804,B
FOODS_2_142,37,0.0003367616273778101,0.8754892145262583,B
FOODS_2_212,37,0.0003367616273778101,0.8758259761536361,B
FOODS_2_235,37,0.0003367616273778101,0.876162737781014,B
FOODS_2_353,37,0.0003367616273778101,0.8764994994083918,B
FOODS_3_019,37,0.0003367616273778101,0.8768362610357695,B
FOODS_3_051,37,0.0003367616273778101,0.8771730226631473,B
FOODS_3_132,37,0.0003367616273778101,0.8775097842905252,B
FOODS_3_182,37,0.0003367616273778101,0.877846545917903,B
FOODS_3_207,37,0.0003367616273778101,0.8781833075452807,B
FOODS_3_217,37,0.0003367616273778101,0.8785200691726586,B
FOODS_3_334,37,0.0003367616273778101,0.8788568308000364,B
FOODS_3_340,37,0.0003367616273778101,0.8791935924274142,B
FOODS_3_415,37,0.0003367616273778101,0.8795303540547921,B
FOODS_3_500,37,0.0003367616273778101,0.8798671156821698,B
FOODS_3_685,37,0.0003367616273778101,0.8802038773095476,B
FOODS_3_761,37,0.0003367616273778101,0.8805406389369255,B
FOODS_3_765,37,0.0003367616273778101,0.8808774005643033,B
FOODS_3_766,37,0.0003367616273778101,0.881214162191681,B
FOODS_1_117,36,0.00032765996177300445,0.8815418221534541,B
FOODS_1_132,36,0.00032765996177300445,0.8818694821152271,B
FOODS_1_168,36,0.00032765996177300445,0.8821971420770001,B
FOODS_2_067,36,0.00032765996177300445,0.8825248020387731,B
FOODS_2_099,36,0.00032765996177300445,0.8828524620005461,B
FOODS_2_132,36,0.00032765996177300445,0.8831801219623191,B
FOODS_2_214,36,0.00032765996177300445,0.8835077819240921,B
FOODS_2_251,36,0.00032765996177300445,0.8838354418858652,B
FOODS_2_288,36,0.00032765996177300445,0.8841631018476381,B
FOODS_2_328,36,0.00032765996177300445,0.8844907618094111,B
FOODS_2_339,36,0.00032765996177300445,0.8848184217711841,B
FOODS_3_200,36,0.00032765996177300445,0.8851460817329572,B
FOODS_3_286,36,0.00032765996177300445,0.8854737416947301,B
FOODS_3_289,36,0.00032765996177300445,0.8858014016565031,B
FOODS_3_373,36,0.00032765996177300445,0.8861290616182761,B
FOODS_3_410,36,0.00032765996177300445,0.8864567215800492,B
FOODS_3_451,36,0.00032765996177300445,0.8867843815418222,B
FOODS_3_701,36,0.00032765996177300445,0.8871120415035951,B
FOODS_3_722,36,0.00032765996177300445,0.8874397014653682,B
FOODS_3_784,36,0.00032765996177300445,0.8877673614271412,B
FOODS_1_125,35,0.0003185582961681988,0.8880859197233094,B
FOODS_1_177,35,0.0003185582961681988,0.8884044780194775,B
FOODS_2_041,35,0.0003185582961681988,0.8887230363156458,B
FOODS_2_210,35,0.0003185582961681988,0.889041594611814,B
FOODS_2_256,35,0.0003185582961681988,0.8893601529079822,B
FOODS_2_264,35,0.0003185582961681988,0.8896787112041503,B
FOODS_2_277,35,0.0003185582961681988,0.8899972695003185,B
FOODS_2_302,35,0.0003185582961681988,0.8903158277964868,B
FOODS_3_103,35,0.0003185582961681988,0.890634386092655,B
FOODS_3_411,35,0.0003185582961681988,0.8909529443888231,B
FOODS_3_493,35,0.0003185582961681988,0.8912715026849913,B
FOODS_3_715,35,0.0003185582961681988,0.8915900609811596,B
FOODS_3_773,35,0.0003185582961681988,0.8919086192773278,B
FOODS_3_821,35,0.0003185582961681988,0.8922271775734959,B
FOODS_1_054,34,0.0003094566305633931,0.8925366342040594,B
FOODS_1_140,34,0.0003094566305633931,0.8928460908346227,B
FOODS_2_123,34,0.0003094566305633931,0.8931555474651861,B
FOODS_2_373,34,0.0003094566305633931,0.8934650040957495,B
FOODS_3_082,34,0.0003094566305633931,0.893774460726313,B
FOODS_3_098,34,0.0003094566305633931,0.8940839173568763,B
FOODS_3_105,34,0.0003094566305633931,0.8943933739874397,B
FOODS_3_115,34,0.0003094566305633931,0.894702830618003,B
FOODS_3_123,34,0.0003094566305633931,0.8950122872485665,B
FOODS_3_267,34,0.0003094566305633931,0.8953217438791299,B
FOODS_3_416,34,0.0003094566305633931,0.8956312005096932,B
FOODS_3_606,34,0.0003094566305633931,0.8959406571402566,B
FOODS_3_663,34,0.0003094566305633931,0.8962501137708201,B
FOODS_1_021,33,0.00030035496495858745,0.8965504687357786,B
FOODS_1_102,33,0.00030035496495858745,0.8968508237007372,B
FOODS_1_133,33,0.00030035496495858745,0.8971511786656958,B
FOODS_1_155,33,0.00030035496495858745,0.8974515336306544,B
FOODS_1_160,33,0.00030035496495858745,0.897751888595613,B
FOODS_2_014,33,0.00030035496495858745,0.8980522435605716,B
FOODS_2_084,33,0.00030035496495858745,0.8983525985255302,B
FOODS_2_267,33,0.00030035496495858745,0.8986529534904888,B
FOODS_3_062,33,0.00030035496495858745,0.8989533084554473,B
FOODS_3_104,33,0.00030035496495858745,0.8992536634204059,B
FOODS_3_128,33,0.00030035496495858745,0.8995540183853645,B
FOODS_3_143,33,0.00030035496495858745,0.8998543733503231,B
FOODS_3_325,33,0.00030035496495858745,0.9001547283152816,B
FOODS_3_379,33,0.00030035496495858745,0.9004550832802403,B
FOODS_3_383,33,0.00030035496495858745,0.9007554382451989,B
FOODS_3_429,33,0.00030035496495858745,0.9010557932101575,B
FOODS_3_445,33,0.00030035496495858745,0.901356148175116,B
FOODS_3_461,33,0.00030035496495858745,0.9016565031400746,B
FOODS_3_480,33,0.00030035496495858745,0.9019568581050332,B
FOODS_3_593,33,0.00030035496495858745,0.9022572130699918,B
FOODS_3_608,33,0.00030035496495858745,0.9025575680349504,B
FOODS_3_658,33,0.00030035496495858745,0.902857922999909,B
FOODS_3_776,33,0.00030035496495858745,0.9031582779648676,B
FOODS_1_048,32,0.0002912532993537817,0.9034495312642213,B
FOODS_2_088,32,0.0002912532993537817,0.9037407845635751,B
FOODS_2_118,32,0.0002912532993537817,0.904032037862929,B
FOODS_2_141,32,0.0002912532993537817,0.9043232911622827,B
FOODS_2_296,32,0.0002912532993537817,0.9046145444616365,B
FOODS_3_029,32,0.0002912532993537817,0.9049057977609902,B
FOODS_3_096,32,0.0002912532993537817,0.9051970510603441,B
FOODS_3_185,32,0.0002912532993537817,0.9054883043596978,B
FOODS_3_222,32,0.0002912532993537817,0.9057795576590516,B
FOODS_3_296,32,0.0002912532993537817,0.9060708109584054,B
FOODS_3_419,32,0.0002912532993537817,0.9063620642577591,B
FOODS_3_492,32,0.0002912532993537817,0.906653317557113,B
FOODS_3_533,32,0.0002912532993537817,0.9069445708564667,B
FOODS_3_558,32,0.0002912532993537817,0.9072358241558205,B
FOODS_3_657,32,0.0002912532993537817,0.9075270774551742,B
FOODS_3_678,32,0.0002912532993537817,0.9078183307545281,B
FOODS_3_720,32,0.0002912532993537817,0.9081095840538819,B
FOODS_3_771,32,0.0002912532993537817,0.9084008373532356,B
FOODS_1_025,31,0.00028215163374897606,0.9086829889869846,B
FOODS_1_050,31,0.00028215163374897606,0.9089651406207336,B
FOODS_1_062,31,0.00028215163374897606,0.9092472922544825,B
FOODS_1_163,31,0.00028215163374897606,0.9095294438882315,B
FOODS_1_216,31,0.00028215163374897606,0.9098115955219805,B
FOODS_2_093,31,0.00028215163374897606,0.9100937471557295,B
FOODS_2_109,31,0.00028215163374897606,0.9103758987894784,B
FOODS_2_121,31,0.00028215163374897606,0.9106580504232274,B
FOODS_2_236,31,0.00028215163374897606,0.9109402020569765,B
FOODS_2_260,31,0.00028215163374897606,0.9112223536907254,B
FOODS_2_375,31,0.00028215163374897606,0.9115045053244744,B
FOODS_3_010,31,0.00028215163374897606,0.9117866569582234,B
FOODS_3_012,31,0.00028215163374897606,0.9120688085919724,B
FOODS_3_028,31,0.00028215163374897606,0.9123509602257213,B
FOODS_3_063,31,0.00028215163374897606,0.9126331118594703,B
FOODS_3_102,31,0.00028215163374897606,0.9129152634932193,B
FOODS_3_111,31,0.00028215163374897606,0.9131974151269683,B
FOODS_3_197,31,0.00028215163374897606,0.9134795667607172,B
FOODS_3_221,31,0.00028215163374897606,0.9137617183944662,B
FOODS_3_464,31,0.00028215163374897606,0.9140438700282152,B
FOODS_3_612,31,0.00028215163374897606,0.9143260216619642,B
FOODS_3_703,31,0.00028215163374897606,0.9146081732957131,B
FOODS_1_063,30,0.0002730499681441704,0.9148812232638572,B
FOODS_1_089,30,0.0002730499681441704,0.9151542732320015,B
FOODS_1_134,30,0.0002730499681441704,0.9154273232001456,B
FOODS_1_144,30,0.0002730499681441704,0.9157003731682898,B
FOODS_1_172,30,0.0002730499681441704,0.9159734231364339,B
FOODS_1_175,30,0.0002730499681441704,0.9162464731045782,B
FOODS_1_178,30,0.0002730499681441704,0.9165195230727223,B
FOODS_2_072,30,0.0002730499681441704,0.9167925730408665,B
FOODS_2_108,30,0.0002730499681441704,0.9170656230090106,B
FOODS_2_206,30,0.0002730499681441704,0.9173386729771548,B
FOODS_2_232,30,0.0002730499681441704,0.917611722945299,B
FOODS_2_237,30,0.0002730499681441704,0.9178847729134432,B
FOODS_2_248,30,0.0002730499681441704,0.9181578228815873,B
FOODS_2_263,30,0.0002730499681441704,0.9184308728497315,B
FOODS_2_329,30,0.0002730499681441704,0.9187039228178757,B
FOODS_2_333,30,0.0002730499681441704,0.9189769727860199,B
FOODS_2_363,30,0.0002730499681441704,0.919250022754164,B
FOODS_2_392,30,0.0002730499681441704,0.9195230727223082,B
FOODS_3_352,30,0.0002730499681441704,0.9197961226904523,B
FOODS_3_392,30,0.0002730499681441704,0.9200691726585966,B
FOODS_3_424,30,0.0002730499681441704,0.9203422226267407,B
FOODS_3_495,30,0.0002730499681441704,0.9206152725948848,B
FOODS_3_510,30,0.0002730499681441704,0.920888322563029,B
FOODS_3_549,30,0.0002730499681441704,0.9211613725311733,B
FOODS_3_595,30,0.0002730499681441704,0.9214344224993174,B
FOODS_3_635,30,0.0002730499681441704,0.9217074724674615,B
FOODS_3_707,30,0.0002730499681441704,0.9219805224356057,B
FOODS_3_791,30,0.0002730499681441704,0.9222535724037498,B
FOODS_1_115,29,0.0002639483025393647,0.9225175207062892,B
FOODS_2_022,29,0.0002639483025393647,0.9227814690088286,B
FOODS_2_062,29,0.0002639483025393647,0.923045417311368,B
FOODS_2_100,29,0.0002639483025393647,0.9233093656139073,B
FOODS_2_147,29,0.0002639483025393647,0.9235733139164467,B
FOODS_2_216,29,0.0002639483025393647,0.9238372622189861,B
FOODS_2_234,29,0.0002639483025393647,0.9241012105215254,B
FOODS_2_283,29,0.0002639483025393647,0.9243651588240648,B
FOODS_2_330,29,0.0002639483025393647,0.9246291071266042,B
FOODS_2_345,29,0.0002639483025393647,0.9248930554291436,B
FOODS_3_016,29,0.0002639483025393647,0.9251570037316829,B
FOODS_3_198,29,0.0002639483025393647,0.9254209520342223,B
FOODS_3_199,29,0.0002639483025393647,0.9256849003367617,B
FOODS_3_239,29,0.0002639483025393647,0.925948848639301,B
FOODS_3_269,29,0.0002639483025393647,0.9262127969418403,B
FOODS_3_400,29,0.0002639483025393647,0.9264767452443797,B
FOODS_3_443,29,0.0002639483025393647,0.9267406935469191,B
FOODS_3_525,29,0.0002639483025393647,0.9270046418494584,B
FOODS_3_550,29,0.0002639483025393647,0.9272685901519978,B
FOODS_3_631,29,0.0002639483025393647,0.9275325384545372,B
FOODS_3_660,29,0.0002639483025393647,0.9277964867570766,B
FOODS_3_680,29,0.0002639483025393647,0.9280604350596159,B
FOODS_3_749,29,0.0002639483025393647,0.9283243833621553,B
FOODS_1_003,28,0.000254846636934559,0.9285792299990898,B
FOODS_1_116,28,0.000254846636934559,0.9288340766360244,B
FOODS_2_089,28,0.000254846636934559,0.929088923272959,B
FOODS_2_238,28,0.000254846636934559,0.9293437699098935,B
FOODS_2_280,28,0.000254846636934559,0.9295986165468281,B
FOODS_2_284,28,0.000254846636934559,0.9298534631837626,B
FOODS_2_369,28,0.000254846636934559,0.9301083098206971,B
FOODS_2_393,28,0.000254846636934559,0.9303631564576318,B
FOODS_3_049,28,0.000254846636934559,0.9306180030945663,B
FOODS_3_061,28,0.000254846636934559,0.9308728497315009,B
FOODS_3_075,28,0.000254846636934559,0.9311276963684354,B
FOODS_3_091,28,0.000254846636934559,0.9313825430053699,B
FOODS_3_262,28,0.000254846636934559,0.9316373896423046,B
FOODS_3_298,28,0.000254846636934559,0.9318922362792391,B
FOODS_3_467,28,0.000254846636934559,0.9321470829161737,B
FOODS_3_615,28,0.000254846636934559,0.9324019295531082,B
FOODS_1_001,27,0.00024574497132975333,0.932647674524438,B
FOODS_1_020,27,0.00024574497132975333,0.9328934194957678,B
FOODS_1_049,27,0.00024574497132975333,0.9331391644670974,B
FOODS_1_146,27,0.00024574497132975333,0.9333849094384272,B
FOODS_1_186,27,0.00024574497132975333,0.933630654409757,B
FOODS_2_032,27,0.00024574497132975333,0.9338763993810867,B
FOODS_2_085,27,0.00024574497132975333,0.9341221443524165,B
FOODS_2_102,27,0.00024574497132975333,0.9343678893237463,B
FOODS_3_085,27,0.00024574497132975333,0.934613634295076,B
FOODS_3_290,27,0.00024574497132975333,0.9348593792664057,B
FOODS_3_312,27,0.00024574497132975333,0.9351051242377355,B
FOODS_3_391,27,0.00024574497132975333,0.9353508692090653,B
FOODS_3_437,27,0.00024574497132975333,0.935596614180395,B
FOODS_3_517,27,0.00024574497132975333,0.9358423591517248,B
FOODS_3_522,27,0.00024574497132975333,0.9360881041230545,B
FOODS_3_620,27,0.00024574497132975333,0.9363338490943842,B
FOODS_3_671,27,0.00024574497132975333,0.936579594065714,B
FOODS_3_673,27,0.00024574497132975333,0.9368253390370438,B
FOODS_3_724,27,0.00024574497132975333,0.9370710840083736,B
FOODS_3_810,27,0.00024574497132975333,0.9373168289797033,B
FOODS_1_059,26,0.00023664330572494767,0.9375534722854282,B
FOODS_1_078,26,0.00023664330572494767,0.9377901155911532,B
FOODS_1_107,26,0.00023664330572494767,0.9380267588968781,B
FOODS_2_047,26,0.00023664330572494767,0.9382634022026031,B
FOODS_2_116,26,0.00023664330572494767,0.938500045508328,B
FOODS_2_133,26,0.00023664330572494767,0.9387366888140529,B
FOODS_2_156,26,0.00023664330572494767,0.938973332119778,B
FOODS_2_358,26,0.00023664330572494767,0.9392099754255029,B
FOODS_3_040,26,0.00023664330572494767,0.9394466187312278,B
FOODS_3_119,26,0.00023664330572494767,0.9396832620369527,B
FOODS_3_154,26,0.00023664330572494767,0.9399199053426777,B
FOODS_3_170,26,0.00023664330572494767,0.9401565486484027,B
FOODS_3_218,26,0.00023664330572494767,0.9403931919541276,B
FOODS_3_531,26,0.00023664330572494767,0.9406298352598526,B
FOODS_3_625,26,0.00023664330572494767,0.9408664785655775,B
FOODS_3_730,26,0.00023664330572494767,0.9411031218713024,B
FOODS_3_770,26,0.00023664330572494767,0.9413397651770274,B
FOODS_1_052,25,0.00022754164012014197,0.9415673068171475,B
FOODS_1_212,25,0.00022754164012014197,0.9417948484572677,B
FOODS_2_044,25,0.00022754164012014197,0.9420223900973879,B
FOODS_2_295,25,0.00022754164012014197,0.9422499317375079,B
FOODS_2_335,25,0.00022754164012014197,0.9424774733776281,B
FOODS_2_343,25,0.00022754164012014197,0.9427050150177483,B
FOODS_2_355,25,0.00022754164012014197,0.9429325566578683,B
FOODS_2_372,25,0.00022754164012014197,0.9431600982979885,B
FOODS_2_382,25,0.00022754164012014197,0.9433876399381087,B
FOODS_3_006,25,0.00022754164012014197,0.9436151815782288,B
FOODS_3_240,25,0.00022754164012014197,0.943842723218349,B
FOODS_3_243,25,0.00022754164012014197,0.9440702648584691,B
FOODS_3_538,25,0.00022754164012014197,0.9442978064985892,B
FOODS_3_611,25,0.00022754164012014197,0.9445253481387094,B
FOODS_3_759,25,0.00022754164012014197,0.9447528897788295,B
FOODS_3_762,25,0.00022754164012014197,0.9449804314189497,B
FOODS_1_065,24,0.0002184399745153363,0.945198871393465,B
FOODS_1_124,24,0.0002184399745153363,0.9454173113679804,B
FOODS_1_128,24,0.0002184399745153363,0.9456357513424957,B
FOODS_1_152,24,0.0002184399745153363,0.945854191317011,B
FOODS_1_195,24,0.0002184399745153363,0.9460726312915263,B
FOODS_2_042,24,0.0002184399745153363,0.9462910712660417,B
FOODS_2_177,24,0.0002184399745153363,0.946509511240557,B
FOODS_2_178,24,0.0002184399745153363,0.9467279512150724,B
FOODS_2_224,24,0.0002184399745153363,0.9469463911895877,B
FOODS_2_230,24,0.0002184399745153363,0.947164831164103,B
FOODS_3_057,24,0.0002184399745153363,0.9473832711386184,B
FOODS_3_110,24,0.0002184399745153363,0.9476017111131337,B
FOODS_3_244,24,0.0002184399745153363,0.947820151087649,B
FOODS_3_297,24,0.0002184399745153363,0.9480385910621644,B
FOODS_3_303,24,0.0002184399745153363,0.9482570310366797,B
FOODS_3_539,24,0.0002184399745153363,0.948475471011195,B
FOODS_3_637,24,0.0002184399745153363,0.9486939109857104,B
FOODS_1_010,23,0.00020933830891053064,0.9489032492946209,B
FOODS_1_126,23,0.00020933830891053064,0.9491125876035315,B
FOODS_2_023,23,0.00020933830891053064,0.949321925912442,B
FOODS_2_038,23,0.00020933830891053064,0.9495312642213525,B
FOODS_2_050,23,0.00020933830891053064,0.949740602530263,B
FOODS_2_090,23,0.00020933830891053064,0.9499499408391736,B
FOODS_2_092,23,0.00020933830891053064,0.9501592791480841,B
FOODS_2_172,23,0.00020933830891053064,0.9503686174569946,B
FOODS_2_220,23,0.00020933830891053064,0.9505779557659052,B
FOODS_2_322,23,0.00020933830891053064,0.9507872940748157,B
FOODS_2_332,23,0.00020933830891053064,0.9509966323837262,B
FOODS_2_365,23,0.00020933830891053064,0.9512059706926368,B
FOODS_3_068,23,0.00020933830891053064,0.9514153090015472,B
FOODS_3_095,23,0.00020933830891053064,0.9516246473104578,B
FOODS_3_168,23,0.00020933830891053064,0.9518339856193684,B
FOODS_3_287,23,0.00020933830891053064,0.9520433239282788,B
FOODS_3_453,23,0.00020933830891053064,0.9522526622371894,B
FOODS_3_527,23,0.00020933830891053064,0.9524620005461,B
FOODS_3_579,23,0.00020933830891053064,0.9526713388550104,B
FOODS_3_659,23,0.00020933830891053064,0.952880677163921,B
FOODS_3_705,23,0.00020933830891053064,0.9530900154728316,B
FOODS_1_118,22,0.00020023664330572495,0.9532902521161373,C
FOODS_1_122,22,0.00020023664330572495,0.953490488759443,C
FOODS_1_131,22,0.00020023664330572495,0.9536907254027487,C
FOODS_1_167,22,0.00020023664330572495,0.9538909620460544,C
FOODS_2_011,22,0.00020023664330572495,0.9540911986893601,C
FOODS_2_051,22,0.00020023664330572495,0.9542914353326659,C
FOODS_2_083,22,0.00020023664330572495,0.9544916719759716,C
FOODS_2_186,22,0.00020023664330572495,0.9546919086192773,C
FOODS_2_211,22,0.00020023664330572495,0.954892145262583,C
FOODS_2_223,22,0.00020023664330572495,0.9550923819058887,C
FOODS_2_250,22,0.00020023664330572495,0.9552926185491944,C
FOODS_2_258,22,0.00020023664330572495,0.9554928551925003,C
FOODS_2_314,22,0.00020023664330572495,0.955693091835806,C
FOODS_2_370,22,0.00020023664330572495,0.9558933284791117,C
FOODS_2_390,22,0.00020023664330572495,0.9560935651224174,C
FOODS_2_394,22,0.00020023664330572495,0.9562938017657231,C
FOODS_3_065,22,0.00020023664330572495,0.9564940384090288,C
FOODS_3_122,22,0.00020023664330572495,0.9566942750523346,C
FOODS_3_186,22,0.00020023664330572495,0.9568945116956403,C
FOODS_3_280,22,0.00020023664330572495,0.957094748338946,C
FOODS_3_328,22,0.00020023664330572495,0.9572949849822517,C
FOODS_3_366,22,0.00020023664330572495,0.9574952216255574,C
FOODS_3_529,22,0.00020023664330572495,0.9576954582688632,C
FOODS_3_559,22,0.00020023664330572495,0.957895694912169,C
FOODS_3_629,22,0.00020023664330572495,0.9580959315554747,C
FOODS_3_733,22,0.00020023664330572495,0.9582961681987804,C
FOODS_3_775,22,0.00020023664330572495,0.9584964048420861,C
FOODS_3_817,22,0.00020023664330572495,0.9586966414853918,C
FOODS_1_002,21,0.00019113497770091928,0.9588877764630928,C
FOODS_1_034,21,0.00019113497770091928,0.9590789114407937,C
FOODS_1_040,21,0.00019113497770091928,0.9592700464184946,C
FOODS_1_081,21,0.00019113497770091928,0.9594611813961955,C
FOODS_1_147,21,0.00019113497770091928,0.9596523163738965,C
FOODS_1_174,21,0.00019113497770091928,0.9598434513515973,C
FOODS_1_191,21,0.00019113497770091928,0.9600345863292983,C
FOODS_2_290,21,0.00019113497770091928,0.9602257213069992,C
FOODS_2_292,21,0.00019113497770091928,0.9604168562847001,C
FOODS_2_324,21,0.00019113497770091928,0.960607991262401,C
FOODS_3_044,21,0.00019113497770091928,0.9607991262401019,C
FOODS_3_161,21,0.00019113497770091928,0.9609902612178028,C
FOODS_3_162,21,0.00019113497770091928,0.9611813961955038,C
FOODS_3_247,21,0.00019113497770091928,0.9613725311732046,C
FOODS_3_255,21,0.00019113497770091928,0.9615636661509056,C
FOODS_3_358,21,0.00019113497770091928,0.9617548011286066,C
FOODS_3_359,21,0.00019113497770091928,0.9619459361063074,C
FOODS_3_417,21,0.00019113497770091928,0.9621370710840084,C
FOODS_3_619,21,0.00019113497770091928,0.9623282060617093,C
FOODS_1_057,20,0.00018203331209611358,0.9625102393738054,C
FOODS_2_120,20,0.00018203331209611358,0.9626922726859015,C
FOODS_2_122,20,0.00018203331209611358,0.9628743059979976,C
FOODS_2_124,20,0.00018203331209611358,0.9630563393100937,C
FOODS_2_163,20,0.00018203331209611358,0.9632383726221898,C
FOODS_2_190,20,0.00018203331209611358,0.963420405934286,C
FOODS_2_246,20,0.00018203331209611358,0.9636024392463821,C
FOODS_2_273,20,0.00018203331209611358,0.9637844725584782,C
FOODS_2_323,20,0.00018203331209611358,0.9639665058705743,C
FOODS_3_038,20,0.00018203331209611358,0.9641485391826704,C
FOODS_3_141,20,0.00018203331209611358,0.9643305724947665,C
FOODS_3_235,20,0.00018203331209611358,0.9645126058068627,C
FOODS_3_364,20,0.00018203331209611358,0.9646946391189588,C
FOODS_3_395,20,0.00018203331209611358,0.9648766724310549,C
FOODS_3_396,20,0.00018203331209611358,0.965058705743151,C
FOODS_3_425,20,0.00018203331209611358,0.9652407390552471,C
FOODS_3_430,20,0.00018203331209611358,0.9654227723673432,C
FOODS_3_526,20,0.00018203331209611358,0.9656048056794393,C
FOODS_3_556,20,0.00018203331209611358,0.9657868389915355,C
FOODS_3_600,20,0.00018203331209611358,0.9659688723036316,C
FOODS_3_686,20,0.00018203331209611358,0.9661509056157277,C
FOODS_3_708,20,0.00018203331209611358,0.9663329389278238,C
FOODS_3_778,20,0.00018203331209611358,0.9665149722399199,C
FOODS_1_056,19,0.00017293164649130792,0.9666879038864112,C
FOODS_1_169,19,0.00017293164649130792,0.9668608355329025,C
FOODS_2_071,19,0.00017293164649130792,0.9670337671793938,C
FOODS_2_113,19,0.00017293164649130792,0.9672066988258852,C
FOODS_2_114,19,0.00017293164649130792,0.9673796304723764,C
FOODS_2_149,19,0.00017293164649130792,0.9675525621188678,C
FOODS_2_157,19,0.00017293164649130792,0.9677254937653591,C
FOODS_2_270,19,0.00017293164649130792,0.9678984254118503,C
FOODS_2_282,19,0.00017293164649130792,0.9680713570583417,C
FOODS_2_320,19,0.00017293164649130792,0.968244288704833,C
FOODS_2_336,19,0.00017293164649130792,0.9684172203513243,C
FOODS_2_350,19,0.00017293164649130792,0.9685901519978156,C
FOODS_2_397,19,0.00017293164649130792,0.9687630836443069,C
FOODS_3_045,19,0.00017293164649130792,0.9689360152907982,C
FOODS_3_254,19,0.00017293164649130792,0.9691089469372896,C
FOODS_3_308,19,0.00017293164649130792,0.9692818785837808,C
FOODS_3_402,19,0.00017293164649130792,0.9694548102302721,C
FOODS_3_497,19,0.00017293164649130792,0.9696277418767635,C
FOODS_3_518,19,0.00017293164649130792,0.9698006735232547,C
FOODS_3_719,19,0.00017293164649130792,0.9699736051697461,C
FOODS_1_098,18,0.00016382998088650222,0.9701374351506326,C
FOODS_1_179,18,0.00016382998088650222,0.970301265131519,C
FOODS_2_015,18,0.00016382998088650222,0.9704650951124055,C
FOODS_2_126,18,0.00016382998088650222,0.9706289250932921,C
FOODS_2_179,18,0.00016382998088650222,0.9707927550741786,C
FOODS_2_298,18,0.00016382998088650222,0.9709565850550651,C
FOODS_2_303,18,0.00016382998088650222,0.9711204150359516,C
FOODS_3_055,18,0.00016382998088650222,0.9712842450168381,C
FOODS_3_173,18,0.00016382998088650222,0.9714480749977246,C
FOODS_3_175,18,0.00016382998088650222,0.971611904978611,C
FOODS_3_365,18,0.00016382998088650222,0.9717757349594975,C
FOODS_3_371,18,0.00016382998088650222,0.9719395649403841,C
FOODS_3_374,18,0.00016382998088650222,0.9721033949212706,C
FOODS_3_409,18,0.00016382998088650222,0.9722672249021571,C
FOODS_3_463,18,0.00016382998088650222,0.9724310548830436,C
FOODS_3_623,18,0.00016382998088650222,0.9725948848639301,C
FOODS_3_627,18,0.00016382998088650222,0.9727587148448166,C
FOODS_3_630,18,0.00016382998088650222,0.9729225448257031,C
FOODS_3_649,18,0.00016382998088650222,0.9730863748065897,C
FOODS_3_691,18,0.00016382998088650222,0.9732502047874761,C
FOODS_3_710,18,0.00016382998088650222,0.9734140347683626,C
FOODS_1_039,17,0.00015472831528169656,0.9735687630836443,C
FOODS_1_066,17,0.00015472831528169656,0.973723491398926,C
FOODS_1_111,17,0.00015472831528169656,0.9738782197142077,C
FOODS_1_199,17,0.00015472831528169656,0.9740329480294894,C
FOODS_2_008,17,0.00015472831528169656,0.9741876763447711,C
FOODS_2_018,17,0.00015472831528169656,0.9743424046600528,C
FOODS_2_043,17,0.00015472831528169656,0.9744971329753345,C
FOODS_2_057,17,0.00015472831528169656,0.9746518612906162,C
FOODS_2_058,17,0.00015472831528169656,0.9748065896058978,C
FOODS_2_097,17,0.00015472831528169656,0.9749613179211796,C
FOODS_3_088,17,0.00015472831528169656,0.9751160462364613,C
FOODS_3_179,17,0.00015472831528169656,0.9752707745517429,C
FOODS_3_204,17,0.00015472831528169656,0.9754255028670247,C
FOODS_3_323,17,0.00015472831528169656,0.9755802311823064,C
FOODS_3_357,17,0.00015472831528169656,0.975734959497588,C
FOODS_3_465,17,0.00015472831528169656,0.9758896878128698,C
FOODS_3_494,17,0.00015472831528169656,0.9760444161281514,C
FOODS_3_656,17,0.00015472831528169656,0.9761991444434331,C
FOODS_1_016,16,0.00014562664967689086,0.97634477109311,C
FOODS_1_064,16,0.00014562664967689086,0.9764903977427869,C
FOODS_1_114,16,0.00014562664967689086,0.9766360243924638,C
FOODS_2_027,16,0.00014562664967689086,0.9767816510421408,C
FOODS_2_105,16,0.00014562664967689086,0.9769272776918176,C
FOODS_2_155,16,0.00014562664967689086,0.9770729043414945,C
FOODS_2_198,16,0.00014562664967689086,0.9772185309911714,C
FOODS_2_242,16,0.00014562664967689086,0.9773641576408483,C
FOODS_2_297,16,0.00014562664967689086,0.9775097842905252,C
FOODS_2_317,16,0.00014562664967689086,0.977655410940202,C
FOODS_2_331,16,0.00014562664967689086,0.9778010375898789,C
FOODS_2_341,16,0.00014562664967689086,0.9779466642395558,C
FOODS_3_009,16,0.00014562664967689086,0.9780922908892328,C
FOODS_3_018,16,0.00014562664967689086,0.9782379175389097,C
FOODS_3_043,16,0.00014562664967689086,0.9783835441885865,C
FOODS_3_180,16,0.00014562664967689086,0.9785291708382634,C
FOODS_3_284,16,0.00014562664967689086,0.9786747974879403,C
FOODS_3_353,16,0.00014562664967689086,0.9788204241376172,C
FOODS_3_564,16,0.00014562664967689086,0.978966050787294,C
FOODS_3_633,16,0.00014562664967689086,0.9791116774369709,C
FOODS_3_687,16,0.00014562664967689086,0.9792573040866479,C
FOODS_3_717,16,0.00014562664967689086,0.9794029307363248,C
FOODS_3_758,16,0.00014562664967689086,0.9795485573860017,C
FOODS_3_790,16,0.00014562664967689086,0.9796941840356785,C
FOODS_1_093,15,0.0001365249840720852,0.9798307090197507,C
FOODS_2_001,15,0.0001365249840720852,0.9799672340038227,C
FOODS_2_048,15,0.0001365249840720852,0.9801037589878948,C
FOODS_2_159,15,0.0001365249840720852,0.9802402839719668,C
FOODS_2_209,15,0.0001365249840720852,0.980376808956039,C
FOODS_2_213,15,0.0001365249840720852,0.9805133339401111,C
FOODS_2_261,15,0.0001365249840720852,0.9806498589241831,C
FOODS_2_319,15,0.0001365249840720852,0.9807863839082552,C
FOODS_2_378,15,0.0001365249840720852,0.9809229088923272,C
FOODS_3_035,15,0.0001365249840720852,0.9810594338763994,C
FOODS_3_047,15,0.0001365249840720852,0.9811959588604715,C
FOODS_3_188,15,0.0001365249840720852,0.9813324838445435,C
FOODS_3_196,15,0.0001365249840720852,0.9814690088286157,C
FOODS_3_216,15,0.0001365249840720852,0.9816055338126877,C
FOODS_3_229,15,0.0001365249840720852,0.9817420587967598,C
FOODS_3_306,15,0.0001365249840720852,0.9818785837808319,C
FOODS_3_452,15,0.0001365249840720852,0.9820151087649039,C
FOODS_3_506,15,0.0001365249840720852,0.9821516337489761,C
FOODS_3_597,15,0.0001365249840720852,0.9822881587330482,C
FOODS_3_677,15,0.0001365249840720852,0.9824246837171202,C
FOODS_3_729,15,0.0001365249840720852,0.9825612087011923,C
FOODS_3_754,15,0.0001365249840720852,0.9826977336852644,C
FOODS_3_774,15,0.0001365249840720852,0.9828342586693365,C
FOODS_3_802,15,0.0001365249840720852,0.9829707836534086,C
FOODS_1_022,14,0.0001274233184672795,0.9830982069718759,C
FOODS_1_029,14,0.0001274233184672795,0.9832256302903432,C
FOODS_1_068,14,0.0001274233184672795,0.9833530536088104,C
FOODS_1_148,14,0.0001274233184672795,0.9834804769272777,C
FOODS_1_151,14,0.0001274233184672795,0.983607900245745,C
FOODS_1_176,14,0.0001274233184672795,0.9837353235642122,C
FOODS_2_017,14,0.0001274233184672795,0.9838627468826795,C
FOODS_2_168,14,0.0001274233184672795,0.9839901702011468,C
FOODS_2_239,14,0.0001274233184672795,0.9841175935196141,C
FOODS_2_265,14,0.0001274233184672795,0.9842450168380814,C
FOODS_3_084,14,0.0001274233184672795,0.9843724401565487,C
FOODS_3_155,14,0.0001274233184672795,0.984499863475016,C
FOODS_3_268,14,0.0001274233184672795,0.9846272867934832,C
FOODS_3_384,14,0.0001274233184672795,0.9847547101119505,C
FOODS_3_543,14,0.0001274233184672795,0.9848821334304177,C
FOODS_3_662,14,0.0001274233184672795,0.985009556748885,C
FOODS_3_667,14,0.0001274233184672795,0.9851369800673523,C
FOODS_3_690,14,0.0001274233184672795,0.9852644033858196,C
FOODS_3_798,14,0.0001274233184672795,0.9853918267042869,C
FOODS_3_824,14,0.0001274233184672795,0.9855192500227542,C
FOODS_1_193,13,0.00011832165286247383,0.9856375716756166,C
FOODS_1_213,13,0.00011832165286247383,0.9857558933284791,C
FOODS_2_007,13,0.00011832165286247383,0.9858742149813415,C
FOODS_2_045,13,0.00011832165286247383,0.985992536634204,C
FOODS_2_069,13,0.00011832165286247383,0.9861108582870666,C
FOODS_2_091,13,0.00011832165286247383,0.986229179939929,C
FOODS_2_129,13,0.00011832165286247383,0.9863475015927915,C
FOODS_2_161,13,0.00011832165286247383,0.9864658232456539,C
FOODS_2_174,13,0.00011832165286247383,0.9865841448985164,C
FOODS_2_217,13,0.00011832165286247383,0.9867024665513789,C
FOODS_2_255,13,0.00011832165286247383,0.9868207882042414,C
FOODS_2_268,13,0.00011832165286247383,0.9869391098571039,C
FOODS_2_308,13,0.00011832165286247383,0.9870574315099663,C
FOODS_3_004,13,0.00011832165286247383,0.9871757531628288,C
FOODS_3_022,13,0.00011832165286247383,0.9872940748156913,C
FOODS_3_137,13,0.00011832165286247383,0.9874123964685537,C
FOODS_3_159,13,0.00011832165286247383,0.9875307181214162,C
FOODS_3_164,13,0.00011832165286247383,0.9876490397742786,C
FOODS_3_189,13,0.00011832165286247383,0.9877673614271412,C
FOODS_3_375,13,0.00011832165286247383,0.9878856830800037,C
FOODS_3_401,13,0.00011832165286247383,0.9880040047328661,C
FOODS_3_427,13,0.00011832165286247383,0.9881223263857286,C
FOODS_3_456,13,0.00011832165286247383,0.988240648038591,C
FOODS_3_484,13,0.00011832165286247383,0.9883589696914535,C
FOODS_3_490,13,0.00011832165286247383,0.9884772913443161,C
FOODS_3_613,13,0.00011832165286247383,0.9885956129971785,C
FOODS_3_622,13,0.00011832165286247383,0.988713934650041,C
FOODS_3_696,13,0.00011832165286247383,0.9888322563029034,C
FOODS_3_736,13,0.00011832165286247383,0.9889505779557659,C
FOODS_3_796,13,0.00011832165286247383,0.9890688996086284,C
FOODS_1_030,12,0.00010921998725766815,0.9891781195958861,C
FOODS_1_073,12,0.00010921998725766815,0.9892873395831437,C
FOODS_1_101,12,0.00010921998725766815,0.9893965595704014,C
FOODS_1_171,12,0.00010921998725766815,0.9895057795576591,C
FOODS_1_202,12,0.00010921998725766815,0.9896149995449167,C
FOODS_2_028,12,0.00010921998725766815,0.9897242195321744,C
FOODS_2_040,12,0.00010921998725766815,0.989833439519432,C
FOODS_2_053,12,0.00010921998725766815,0.9899426595066897,C
FOODS_2_076,12,0.00010921998725766815,0.9900518794939474,C
FOODS_2_310,12,0.00010921998725766815,0.990161099481205,C
FOODS_2_312,12,0.00010921998725766815,0.9902703194684628,C
FOODS_3_033,12,0.00010921998725766815,0.9903795394557204,C
FOODS_3_036,12,0.00010921998725766815,0.9904887594429781,C
FOODS_3_092,12,0.00010921998725766815,0.9905979794302358,C
FOODS_3_260,12,0.00010921998725766815,0.9907071994174934,C
FOODS_3_275,12,0.00010921998725766815,0.9908164194047511,C
FOODS_3_293,12,0.00010921998725766815,0.9909256393920087,C
FOODS_3_420,12,0.00010921998725766815,0.9910348593792664,C
FOODS_3_421,12,0.00010921998725766815,0.991144079366524,C
FOODS_3_528,12,0.00010921998725766815,0.9912532993537817,C
FOODS_3_542,12,0.00010921998725766815,0.9913625193410394,C
FOODS_1_157,11,0.00010011832165286247,0.9914626376626923,C
FOODS_1_211,11,0.00010011832165286247,0.9915627559843452,C
FOODS_2_103,11,0.00010011832165286247,0.991662874305998,C
FOODS_2_200,11,0.00010011832165286247,0.9917629926276509,C
FOODS_2_228,11,0.00010011832165286247,0.9918631109493037,C
FOODS_2_243,11,0.00010011832165286247,0.9919632292709566,C
FOODS_2_252,11,0.00010011832165286247,0.9920633475926095,C
FOODS_2_254,11,0.00010011832165286247,0.9921634659142623,C
FOODS_2_386,11,0.00010011832165286247,0.9922635842359152,C
FOODS_2_389,11,0.00010011832165286247,0.992363702557568,C
FOODS_3_145,11,0.00010011832165286247,0.9924638208792209,C
FOODS_3_158,11,0.00010011832165286247,0.9925639392008737,C
FOODS_3_309,11,0.00010011832165286247,0.9926640575225266,C
FOODS_3_486,11,0.00010011832165286247,0.9927641758441795,C
FOODS_3_554,11,0.00010011832165286247,0.9928642941658323,C
FOODS_3_575,11,0.00010011832165286247,0.9929644124874852,C
FOODS_3_626,11,0.00010011832165286247,0.993064530809138,C
FOODS_3_806,11,0.00010011832165286247,0.9931646491307909,C
FOODS_1_070,10,9.101665604805679e-05,0.993255665786839,C
FOODS_1_164,10,9.101665604805679e-05,0.993346682442887,C
FOODS_2_012,10,9.101665604805679e-05,0.9934376990989351,C
FOODS_2_094,10,9.101665604805679e-05,0.9935287157549831,C
FOODS_2_148,10,9.101665604805679e-05,0.9936197324110312,C
FOODS_2_205,10,9.101665604805679e-05,0.9937107490670792,C
FOODS_2_229,10,9.101665604805679e-05,0.9938017657231273,C
FOODS_3_056,10,9.101665604805679e-05,0.9938927823791754,C
FOODS_3_380,10,9.101665604805679e-05,0.9939837990352235,C
FOODS_3_397,10,9.101665604805679e-05,0.9940748156912715,C
FOODS_3_472,10,9.101665604805679e-05,0.9941658323473196,C
FOODS_3_521,10,9.101665604805679e-05,0.9942568490033676,C
FOODS_3_571,10,9.101665604805679e-05,0.9943478656594157,C
FOODS_3_576,10,9.101665604805679e-05,0.9944388823154637,C
FOODS_3_693,10,9.101665604805679e-05,0.9945298989715118,C
FOODS_3_737,10,9.101665604805679e-05,0.9946209156275598,C
FOODS_1_080,9,8.191499044325111e-05,0.9947028306180031,C
FOODS_2_064,9,8.191499044325111e-05,0.9947847456084463,C
FOODS_2_271,9,8.191499044325111e-05,0.9948666605988896,C
FOODS_2_275,9,8.191499044325111e-05,0.9949485755893328,C
FOODS_2_300,9,8.191499044325111e-05,0.9950304905797761,C
FOODS_2_337,9,8.191499044325111e-05,0.9951124055702194,C
FOODS_3_165,9,8.191499044325111e-05,0.9951943205606626,C
FOODS_3_350,9,8.191499044325111e-05,0.9952762355511059,C
FOODS_3_442,9,8.191499044325111e-05,0.9953581505415491,C
FOODS_3_507,9,8.191499044325111e-05,0.9954400655319924,C
FOODS_3_763,9,8.191499044325111e-05,0.9955219805224356,C
FOODS_1_033,8,7.281332483844543e-05,0.995594793847274,C
FOODS_1_075,8,7.281332483844543e-05,0.9956676071721124,C
FOODS_1_119,8,7.281332483844543e-05,0.995740420496951,C
FOODS_1_189,8,7.281332483844543e-05,0.9958132338217894,C
FOODS_1_203,8,7.281332483844543e-05,0.9958860471466279,C
FOODS_2_037,8,7.281332483844543e-05,0.9959588604714663,C
FOODS_2_039,8,7.281332483844543e-05,0.9960316737963048,C
FOODS_2_073,8,7.281332483844543e-05,0.9961044871211432,C
FOODS_2_077,8,7.281332483844543e-05,0.9961773004459816,C
FOODS_2_087,8,7.281332483844543e-05,0.9962501137708201,C
FOODS_2_136,8,7.281332483844543e-05,0.9963229270956585,C
FOODS_2_188,8,7.281332483844543e-05,0.996395740420497,C
FOODS_2_191,8,7.281332483844543e-05,0.9964685537453354,C
FOODS_2_227,8,7.281332483844543e-05,0.9965413670701738,C
FOODS_2_269,8,7.281332483844543e-05,0.9966141803950123,C
FOODS_2_287,8,7.281332483844543e-05,0.9966869937198507,C
FOODS_2_366,8,7.281332483844543e-05,0.9967598070446891,C
FOODS_2_395,8,7.281332483844543e-05,0.9968326203695276,C
FOODS_3_078,8,7.281332483844543e-05,0.996905433694366,C
FOODS_3_337,8,7.281332483844543e-05,0.9969782470192046,C
FOODS_3_345,8,7.281332483844543e-05,0.997051060344043,C
FOODS_3_670,8,7.281332483844543e-05,0.9971238736688814,C
FOODS_3_799,8,7.281332483844543e-05,0.9971966869937199,C
FOODS_2_096,7,6.371165923363975e-05,0.9972603986529535,C
FOODS_2_158,7,6.371165923363975e-05,0.9973241103121872,C
FOODS_2_160,7,6.371165923363975e-05,0.9973878219714207,C
FOODS_2_165,7,6.371165923363975e-05,0.9974515336306544,C
FOODS_2_207,7,6.371165923363975e-05,0.997515245289888,C
FOODS_2_379,7,6.371165923363975e-05,0.9975789569491217,C
FOODS_3_017,7,6.371165923363975e-05,0.9976426686083554,C
FOODS_3_266,7,6.371165923363975e-05,0.997706380267589,C
FOODS_3_341,7,6.371165923363975e-05,0.9977700919268226,C
FOODS_3_343,7,6.371165923363975e-05,0.9978338035860562,C
FOODS_3_709,7,6.371165923363975e-05,0.9978975152452899,C
FOODS_3_779,7,6.371165923363975e-05,0.9979612269045235,C
FOODS_1_159,6,5.460999362883408e-05,0.9980158368981523,C
FOODS_2_111,6,5.460999362883408e-05,0.9980704468917811,C
FOODS_2_117,6,5.460999362883408e-05,0.99812505688541,C
FOODS_2_169,6,5.460999362883408e-05,0.9981796668790389,C
FOODS_2_259,6,5.460999362883408e-05,0.9982342768726677,C
FOODS_2_313,6,5.460999362883408e-05,0.9982888868662966,C
FOODS_2_362,6,5.460999362883408e-05,0.9983434968599254,C
FOODS_3_027,6,5.460999362883408e-05,0.9983981068535542,C
FOODS_3_220,6,5.460999362883408e-05,0.9984527168471831,C
FOODS_3_360,6,5.460999362883408e-05,0.9985073268408119,C
FOODS_3_408,6,5.460999362883408e-05,0.9985619368344407,C
FOODS_3_647,6,5.460999362883408e-05,0.9986165468280696,C
FOODS_3_808,6,5.460999362883408e-05,0.9986711568216984,C
FOODS_1_084,5,4.5508328024028396e-05,0.9987166651497223,C
FOODS_1_095,5,4.5508328024028396e-05,0.9987621734777464,C
FOODS_2_046,5,4.5508328024028396e-05,0.9988076818057705,C
FOODS_2_281,5,4.5508328024028396e-05,0.9988531901337945,C
FOODS_2_305,5,4.5508328024028396e-05,0.9988986984618186,C
FOODS_2_354,5,4.5508328024028396e-05,0.9989442067898425,C
FOODS_3_050,5,4.5508328024028396e-05,0.9989897151178666,C
FOODS_3_193,5,4.5508328024028396e-05,0.9990352234458906,C
FOODS_3_223,5,4.5508328024028396e-05,0.9990807317739147,C
FOODS_3_471,5,4.5508328024028396e-05,0.9991262401019386,C
FOODS_3_567,5,4.5508328024028396e-05,0.9991717484299627,C
FOODS_3_826,5,4.5508328024028396e-05,0.9992172567579867,C
FOODS_1_008,4,3.6406662419222716e-05,0.9992536634204059,C
FOODS_1_141,4,3.6406662419222716e-05,0.9992900700828251,C
FOODS_1_197,4,3.6406662419222716e-05,0.9993264767452443,C
FOODS_2_068,4,3.6406662419222716e-05,0.9993628834076635,C
FOODS_2_193,4,3.6406662419222716e-05,0.9993992900700829,C
FOODS_3_005,4,3.6406662419222716e-05,0.9994356967325021,C
FOODS_3_209,4,3.6406662419222716e-05,0.9994721033949213,C
FOODS_3_541,4,3.6406662419222716e-05,0.9995085100573405,C
FOODS_1_077,3,2.730499681441704e-05,0.9995358150541549,C
FOODS_1_136,3,2.730499681441704e-05,0.9995631200509694,C
FOODS_3_210,3,2.730499681441704e-05,0.9995904250477837,C
FOODS_3_512,3,2.730499681441704e-05,0.9996177300445982,C
FOODS_3_713,3,2.730499681441704e-05,0.9996450350414126,C
FOODS_3_781,3,2.730499681441704e-05,0.999672340038227,C
FOODS_1_158,2,1.8203331209611358e-05,0.9996905433694366,C
FOODS_2_154,2,1.8203331209611358e-05,0.9997087467006462,C
FOODS_2_195,2,1.8203331209611358e-05,0.9997269500318559,C
FOODS_2_226,2,1.8203331209611358e-05,0.9997451533630655,C
FOODS_3_234,2,1.8203331209611358e-05,0.9997633566942751,C
FOODS_3_315,2,1.8203331209611358e-05,0.9997815600254847,C
FOODS_3_319,2,1.8203331209611358e-05,0.9997997633566943,C
FOODS_3_338,2,1.8203331209611358e-05,0.9998179666879039,C
FOODS_3_404,2,1.8203331209611358e-05,0.9998361700191135,C
FOODS_3_548,2,1.8203331209611358e-05,0.9998543733503231,C
FOODS_3_745,2,1.8203331209611358e-05,0.9998725766815327,C
FOODS_3_777,2,1.8203331209611358e-05,0.9998907800127423,C
FOODS_1_053,1,9.101665604805679e-06,0.9998998816783471,C
FOODS_2_006,1,9.101665604805679e-06,0.999908983343952,C
FOODS_2_070,1,9.101665604805679e-06,0.9999180850095567,C
FOODS_2_127,1,9.101665604805679e-06,0.9999271866751616,C
FOODS_3_024,1,9.101665604805679e-06,0.9999362883407663,C
FOODS_3_171,1,9.101665604805679e-06,0.9999453900063712,C
FOODS_3_256,1,9.101665604805679e-06,0.9999544916719759,C
FOODS_3_271,1,9.101665604805679e-06,0.9999635933375808,C
FOODS_3_276,1,9.101665604805679e-06,0.9999726950031855,C
FOODS_3_594,1,9.101665604805679e-06,0.9999817966687904,C
FOODS_3_601,1,9.101665604805679e-06,0.9999908983343951,C
FOODS_3_767,1,9.101665604805679e-06,1.0,C
FOODS_1_012,0,0.0,1.0,C
FOODS_1_079,0,0.0,1.0,C
FOODS_2_066,0,0.0,1.0,C
FOODS_2_231,0,0.0,1.0,C
FOODS_3_069,0,0.0,1.0,C
FOODS_3_073,0,0.0,1.0,C
FOODS_3_089,0,0.0,1.0,C
FOODS_3_246,0,0.0,1.0,C
FOODS_3_441,0,0.0,1.0,C
FOODS_3_447,0,0.0,1.0,C
FOODS_3_466,0,0.0,1.0,C
FOODS_3_524,0,0.0,1.0,C
FOODS_3_563,0,0.0,1.0,C
FOODS_3_602,0,0.0,1.0,C
FOODS_3_614,0,0.0,1.0,C
FOODS_3_644,0,0.0,1.0,C
