item_id,mean_daily_lgbm,expected_lead_time_demand,order_qty,safety_stock,reorder_point,fill_rate,units_short,units_demanded,days_stocked_out,cycles,cycles_with_stockout,avg_on_hand,cycle_stock_units
FOODS_1_004,0.9025878582571109,6.318115007799776,7,56,62.318115007799776,0.045694131537895914,8.681884992200224,190,3,19,3,28.884704468464154,3.5
FOODS_1_005,2.7808984821368745,19.466289374958123,20,1,20.466289374958123,0.04257482680773346,3.533710625041877,83,1,4,1,10.707062008919596,10.0
FOODS_1_009,0.6968835470121343,4.87818482908494,5,22,26.87818482908494,0.047377185872586894,4.12181517091506,87,2,16,2,9.116753891946773,2.5
FOODS_1_015,1.7625813803705024,12.338069662593517,13,20,32.33806966259352,0.03697125468620113,2.6619303374064813,72,1,6,1,21.728389486204133,6.5
FOODS_1_018,11.18576971792369,78.30038802546584,79,44,122.30038802546584,0.048521211759936365,19.699611974534164,406,1,5,1,71.81436886259982,39.5
FOODS_1_019,6.442967198540354,45.10077038978248,46,12,57.10077038978248,0.020740583033071903,3.8992296102175175,188,1,5,1,37.128736512096246,23.0
FOODS_1_023,4.729066658959757,33.1034666127183,34,1,34.1034666127183,0.012901587668582992,1.8965333872816998,147,1,5,1,16.30788570272535,17.0
FOODS_1_024,1.76938957923978,12.38572705467846,13,17,29.385727054678462,0.03734675636173626,2.614272945321538,70,1,5,1,18.404084368859667,6.5
FOODS_1_027,2.341299096081118,16.389093672567824,17,9,25.389093672567824,0.04565253789536807,4.6109063274321755,101,1,6,1,10.652858228508789,8.5
FOODS_1_031,3.2779946347152986,22.94596244300709,23,0,22.94596244300709,0.0,0.0,86,0,4,0,11.053105300149948,11.5
FOODS_1_032,9.280284756920045,64.96199329844032,65,0,64.96199329844032,0.023764182554526798,5.038006701559681,212,1,4,1,50.96470806283746,32.5
FOODS_1_036,2.8211081576231867,19.747757103362307,20,1,20.747757103362307,0.0,0.0,80,0,5,0,11.283471389076592,10.0
FOODS_1_037,2.6603959290345043,18.62277150324153,19,1,19.62277150324153,0.04221535620948087,3.3772284967584696,80,2,5,2,12.454242894477906,9.5
FOODS_1_042,3.2160775259733185,22.51254268181323,23,0,22.51254268181323,0.0,0.0,89,0,4,0,13.405399824670363,11.5
FOODS_1_043,0.7330788003491308,5.131551602443915,6,163,168.13155160244392,0.03936049638133576,22.86844839755608,581,4,27,4,46.71615760069825,3.0
FOODS_1_044,0.7520503387346674,5.264352371142672,6,7,12.264352371142671,0.03542138018076182,1.735647628857329,49,1,8,1,4.117394550816194,3.0
FOODS_1_045,1.2516909131084104,8.761836391758873,9,13,21.761836391758873,0.03858902772829529,2.238163608241127,58,2,7,1,12.477864296762416,4.5
FOODS_1_046,3.1956120911949464,22.369284638364626,23,21,43.369284638364626,0.04539917021211151,4.6307153616353744,102,1,5,1,31.007703851078134,11.5
FOODS_1_047,2.2592785473511676,15.814949831458174,16,1,16.814949831458172,0.03582049456625948,2.185050168541828,61,1,4,1,9.51728738563233,8.0
FOODS_1_051,1.8747938554179233,13.123556987925463,14,1,14.123556987925463,0.03829475534845994,1.876443012074537,49,2,4,1,9.772063747843832,7.0
FOODS_1_055,7.099386102151996,49.69570271506397,50,83,132.695702715064,0.049708223429682966,16.304297284936013,328,1,7,1,76.51555502592716,25.0
FOODS_1_058,0.7330788003491308,5.131551602443915,6,87,92.13155160244392,0.0474248577409416,8.86844839755608,187,1,19,1,53.05637925819024,3.0
FOODS_1_061,3.9748821733301107,27.824175213310774,28,5,32.824175213310774,0.043131873222410216,5.175824786689226,120,3,5,2,18.790031288091207,14.0
FOODS_1_067,5.1197030468393745,35.83792132787562,36,6,41.83792132787562,0.04393913295781828,7.16207867212438,163,2,5,2,23.000983141687634,18.0
FOODS_1_069,4.087465089331942,28.61225562532359,29,0,28.61225562532359,0.01250220157366134,1.3877443746764087,111,1,4,1,17.5699758260431,14.5
FOODS_1_074,1.7990149283384937,12.593104498369456,13,9,21.593104498369456,0.037029161563546825,2.4068955016305438,65,3,5,2,12.94852239250774,6.5
FOODS_1_076,1.3778336093632235,9.644835265542564,10,6,15.644835265542564,0.0406062885251282,2.3551647344574356,58,1,6,1,7.320078554079415,5.0
FOODS_1_083,3.125957148109363,21.88170003676554,22,3,24.88170003676554,0.04476413003515717,4.11829996323446,92,2,4,2,14.688935722164045,11.0
FOODS_1_085,5.593367164106069,39.15357014874248,40,16,55.15357014874248,0.04907886810523764,10.846429851257518,221,2,6,1,27.420280383704014,20.0
FOODS_1_086,2.3203201291720275,16.24224090420419,17,0,16.24224090420419,0.01377743810537834,0.7577590957958087,55,1,4,1,10.40905162232947,8.5
FOODS_1_087,4.605379417493968,32.237655922457776,33,0,32.237655922457776,0.028720183798032244,3.762344077542224,131,1,4,1,16.106813370414756,16.5
FOODS_1_088,3.976184468830652,27.833291281814564,28,0,27.833291281814564,0.0016670871818543276,0.16670871818543276,100,1,4,1,19.011880732465468,14.0
FOODS_1_091,0.6968835470121343,4.87818482908494,5,12,16.87818482908494,0.04330235042683795,2.1218151709150597,49,2,9,2,7.902468177661059,2.5
FOODS_1_092,1.4139113990842396,9.897379793589677,10,7,16.89737979358968,0.019689646543041457,1.1026202064103217,56,2,6,1,7.855271281135482,5.0
FOODS_1_094,3.2123958285512804,22.486770799858963,23,1,23.486770799858963,0.041789159260565194,4.513229200141041,108,2,5,1,10.044594471332866,11.5
FOODS_1_096,2.322735145375127,16.259146017625888,17,4,20.259146017625888,0.03703856732937989,2.7408539823741123,74,2,5,1,12.062064159224034,8.5
FOODS_1_097,1.9135958770670316,13.395171139469221,14,1,14.395171139469221,0.04491084242294446,2.6048288605307786,58,2,4,2,8.191822387029118,7.0
FOODS_1_099,7.838335206865699,54.86834644805989,55,11,65.8683464480599,0.048141482348968666,12.131653551940104,252,3,5,2,33.54791900858213,27.5
FOODS_1_103,1.0573663862775,7.4015647039425,8,23,30.4015647039425,0.03997592763165388,2.5984352960575023,65,1,6,1,21.74436596451599,4.0
FOODS_1_104,4.657771160503578,32.604398123525044,33,1,33.604398123525044,0.018427706742115045,2.395601876474956,130,2,4,1,24.39364252205804,16.5
FOODS_1_106,3.133927585719511,21.937493100036576,22,12,33.937493100036576,0.0496324205878767,5.062506899963424,102,1,5,1,23.540175121446868,11.0
FOODS_1_110,0.7489936509414932,5.242955556590452,6,108,113.24295555659046,0.04854310674056398,19.75704444340954,407,3,27,3,30.649521428904077,3.0
FOODS_1_113,3.8690341265701664,27.083238885991165,28,2,29.083238885991165,0.04972068163032635,5.916761114008835,119,2,5,1,14.39872182270607,14.0
FOODS_1_120,0.7330788003491308,5.131551602443915,6,54,59.13155160244391,0.04640843511862221,6.868448397556087,148,2,16,2,27.637204372650523,3.0
FOODS_1_123,2.376155760725992,16.633090325081945,17,0,16.633090325081945,0.0,0.0,50,0,3,0,12.383090325081941,8.5
FOODS_1_129,1.2187514929001708,8.531260450301195,9,9,17.531260450301197,0.04114565916164672,2.468739549698803,60,1,7,1,9.117196830626074,4.5
FOODS_1_130,1.3870899292705683,9.709629504893979,10,3,12.709629504893979,0.042414268427889285,2.2903704951060213,54,2,6,1,5.79719566473434,5.0
FOODS_1_137,4.675742621273992,32.730198348917945,33,3,35.730198348917945,0.04446667837646848,6.269801651082055,141,2,5,2,20.543670603030403,16.5
FOODS_1_139,4.501126816808774,31.507887717661415,32,7,38.50788771766142,0.031634593537595644,4.4921122823385815,142,2,5,2,24.235241603366983,16.0
FOODS_1_142,2.531446467268142,17.72012527087699,18,15,32.72012527087699,0.0029773907353511553,0.2798747291230086,94,1,6,1,17.53290635641596,9.0
FOODS_1_145,2.2413332712134375,15.689332898494062,16,0,15.689332898494062,0.0,0.0,56,0,4,0,11.653618612779775,8.0
FOODS_1_150,3.135368081933268,21.947576573532874,22,4,25.947576573532874,0.04553284748839467,4.052423426467126,89,1,4,1,15.595909265757044,11.0
FOODS_1_154,5.6023553934273735,39.216487753991615,40,0,39.216487753991615,0.0,0.0,134,0,4,0,21.716487753991604,20.0
FOODS_1_161,6.256944106875013,43.79860874812509,44,0,43.79860874812509,0.0,0.0,76,0,2,0,44.084323033839375,22.0
FOODS_1_162,5.331041304510243,37.3172891315717,38,35,72.3172891315717,0.04865683853481559,9.682710868428302,199,1,5,1,45.57588423965827,19.0
FOODS_1_166,2.545564893352079,17.818954253464554,18,1,18.818954253464554,0.025069491339487885,2.181045746535446,87,3,5,2,8.110527545261528,9.0
FOODS_1_170,8.976725540685049,62.83707878479534,63,10,72.83707878479534,0.04923026368572942,15.162921215204662,308,2,5,2,31.82223116817043,31.5
FOODS_1_173,8.150691819132675,57.05484273392872,58,0,57.05484273392872,0.0,0.0,196,0,4,0,39.376271305357285,29.0
FOODS_1_180,0.7291784436825582,5.104249105777908,6,15,20.104249105777907,0.04322016260032975,2.8957508942220933,67,2,11,2,9.058053379809552,3.0
FOODS_1_181,2.9466426238179686,20.62649836672578,21,7,27.62649836672578,0.043811709523041815,3.37350163327422,77,1,4,1,20.134249650012666,10.5
FOODS_1_183,2.327880004460534,16.295160031223737,17,8,24.295160031223737,0.04098242376933731,2.7048399687762625,66,2,4,1,16.01762573881866,8.5
FOODS_1_184,2.8088582476740847,19.662007733718593,20,0,19.662007733718593,0.0,0.0,58,0,3,0,14.412007733718607,10.0
FOODS_1_187,2.1507547087092833,15.055282960964984,16,4,19.055282960964984,0.03813170664774541,1.944717039035016,51,2,4,1,15.295586243029462,8.0
FOODS_1_192,0.6968835470121343,4.87818482908494,5,13,17.87818482908494,0.03857845765300109,2.1218151709150597,55,1,11,1,9.6176638431139,2.5
FOODS_1_194,2.847839744053278,19.934878208372947,20,7,26.934878208372947,0.03831402239533812,3.0651217916270497,80,2,4,1,18.143684754485502,10.0
FOODS_1_196,3.3847076001589356,23.692953201112548,24,0,23.692953201112548,0.01361507082174429,1.307046798887452,96,2,4,2,11.786013986230826,12.0
FOODS_1_200,5.856026656866867,40.992186598068066,41,6,46.992186598068066,0.0343520264800585,7.007813401931934,204,2,5,2,21.569754271014585,20.5
FOODS_1_201,2.8609897250970873,20.02692807567961,21,0,20.02692807567961,0.0,0.0,71,0,4,0,13.884070932822473,10.5
FOODS_1_204,2.2651021544385173,15.85571508106962,16,4,19.85571508106962,0.046929625655677334,3.1442849189303814,67,2,4,1,13.861582001925177,8.0
FOODS_1_208,2.3534041401510994,16.473828981057697,17,0,16.473828981057697,0.0,0.0,51,0,4,0,12.259543266771981,8.5
FOODS_1_210,0.7330788003491308,5.131551602443915,6,55,60.13155160244391,0.04595050983189682,8.868448397556087,193,3,19,3,22.332697000872823,3.0
FOODS_1_215,5.041654860944765,35.29158402661335,36,6,41.29158402661335,0.04969197017323444,6.70841597338665,135,1,4,1,32.955339434274286,18.0
FOODS_1_217,8.022901617038354,56.16031131926847,57,0,56.16031131926847,0.0,0.0,189,0,4,0,34.053168462125605,28.5
FOODS_1_218,9.572274751057538,67.00592325740277,68,0,67.00592325740277,0.0,0.0,227,0,4,0,40.79163754311704,34.0
FOODS_1_219,3.6675939606049126,25.67315772423439,26,1,26.67315772423439,0.040437778278183276,4.32684227576561,107,1,4,1,14.181353310386166,13.0
FOODS_2_003,1.7575927334149857,12.303149133904899,13,10,22.3031491339049,0.03798381501542396,2.696850866095101,71,1,6,1,11.243531957265334,6.5
FOODS_2_009,1.656094057608316,11.592658403258213,12,8,19.592658403258213,0.04150588959899633,2.4073415967417873,58,2,4,2,11.305569657841046,6.0
FOODS_2_013,2.9535729720302832,20.675010804211983,21,10,30.675010804211983,0.040801784865924694,4.324989195788017,106,2,5,1,15.860718916090848,10.5
FOODS_2_016,5.076580271142966,35.53606189800076,36,0,35.53606189800076,0.03751208489074991,4.46393810199924,119,1,4,1,24.186298978143018,18.0
FOODS_2_019,8.900774379399625,62.30542065579738,63,0,62.30542065579738,0.0,0.0,202,0,4,0,45.448277798654544,31.5
FOODS_2_021,5.814108455647459,40.69875918953222,41,4,44.69875918953222,0.04741065461342715,7.301240810467782,154,1,4,1,29.706522451908963,20.5
FOODS_2_024,3.1982352907945275,22.38764703556169,23,0,22.38764703556169,0.0,0.0,75,0,4,0,16.744789892704556,11.5
FOODS_2_025,2.835785594722964,19.85049916306075,20,17,36.850499163060746,0.04456160026767575,6.149500836939254,138,1,7,1,14.03939267779873,10.0
FOODS_2_026,1.7327628421570263,12.129339895099184,13,7,19.129339895099186,0.02634732542113823,1.8706601049008142,71,1,6,1,8.956287120378397,6.5
FOODS_2_029,7.136483428010872,49.95538399607611,50,0,49.95538399607611,0.0,0.0,183,0,4,0,25.84824113893323,25.0
FOODS_2_033,6.7752302875917305,47.42661201314211,48,0,47.42661201314211,0.003981861019846445,0.5733879868578882,144,1,3,1,33.48427400281617,24.0
FOODS_2_034,3.0141685007826338,21.099179505478435,22,0,21.099179505478435,0.0,0.0,74,0,4,0,16.670608076907012,11.0
FOODS_2_035,3.309633576068329,23.167435032478302,24,1,24.167435032478302,0.036500618738301883,3.832564967521698,105,2,5,1,12.31561339865684,12.0
FOODS_2_036,2.845967519067964,19.921772633475747,20,8,27.921772633475747,0.04973448007956406,4.078227366524253,82,2,4,1,17.878887970263527,10.0
FOODS_2_049,2.3163287766716922,16.214301436701845,17,0,16.214301436701845,0.0,0.0,53,0,4,0,12.285730008130413,8.5
FOODS_2_054,2.641170280774158,18.488191965419105,19,0,18.488191965419105,0.006916324791633714,0.5118080345808949,74,1,4,1,9.172667411280981,9.5
FOODS_2_055,1.7125613129092887,11.987929190365021,12,18,29.987929190365023,0.04457856455149975,4.012070809634977,90,1,8,1,16.777092278832168,6.0
FOODS_2_056,3.0507902602161843,21.35553182151329,22,9,30.35553182151329,0.04222243798624283,4.6444681784867115,110,1,5,1,15.407127599544259,11.0
FOODS_2_059,5.4699388353808045,38.289571847665634,39,0,38.289571847665634,0.0,0.0,148,0,4,0,22.753857561951353,19.5
FOODS_2_061,2.750009046019214,19.250063322134498,20,8,27.250063322134498,0.03571368264633812,3.7499366778655023,105,1,6,1,12.696442140457393,10.0
FOODS_2_063,2.190806335683134,15.335644349781937,16,0,15.335644349781937,0.0,0.0,56,0,4,0,10.121358635496227,8.0
FOODS_2_074,2.456501743993345,17.195512207953414,18,8,25.195512207953414,0.04953080197986172,4.8044877920465865,97,2,6,2,12.40521951769432,9.0
FOODS_2_075,5.203553183340655,36.42487228338459,37,1,37.42487228338459,0.028416942339226165,4.5751277166154125,161,1,5,1,16.733901203582413,18.5
FOODS_2_078,2.684700645666564,18.79290451966595,19,0,18.79290451966595,0.04059614532068419,3.2070954803340506,79,2,4,2,8.610737974118688,9.5
FOODS_2_079,2.7001200708028423,18.900840495619896,19,9,27.900840495619896,0.04472946933666758,5.099159504380104,114,3,6,2,10.88607449812281,9.5
FOODS_2_080,0.6961378674652041,4.872965072256429,5,24,28.872965072256427,0.04531934677889236,3.1270349277435727,69,2,12,2,18.275477546450556,2.5
FOODS_2_081,1.9492916923590997,13.645041846513697,14,6,19.6450418465137,0.038605871368627885,2.354958153486301,61,1,5,1,11.42393753853865,7.0
FOODS_2_082,3.335579896833353,23.349059277833472,24,1,24.349059277833472,0.03883979491666519,3.6509407221665278,94,2,4,2,13.789084130964316,12.0
FOODS_2_086,4.234376203679325,29.640633425755276,30,0,29.640633425755276,0.0,0.0,98,0,4,0,21.497776282898126,15.0
FOODS_2_101,3.5432604019444582,24.802822813611208,25,2,26.802822813611208,0.03922595501297937,4.197177186388792,107,1,5,1,14.029176317202403,12.5
FOODS_2_112,2.724239942411775,19.069679596882427,20,1,20.069679596882427,0.040698894487744074,2.930320403117573,72,2,4,1,13.963411227012642,10.0
FOODS_2_115,4.205239267785793,29.436674874500554,30,13,42.436674874500554,0.046117836131094186,7.563325125499446,164,1,6,1,17.535242785428895,15.0
FOODS_2_119,3.0860397898063354,21.602278528644348,22,0,21.602278528644348,0.026641349681729466,2.397721471355652,90,1,4,1,11.330768581192757,11.0
FOODS_2_128,5.21429882745708,36.50009179219956,37,39,75.50009179219956,0.04734813715075926,12.499908207800445,264,2,7,1,33.17861732467121,18.5
FOODS_2_131,5.34974862407286,37.44824036851002,38,0,37.44824036851002,0.003998258199202747,0.5517596314899791,138,1,4,1,18.70811159966537,19.0
FOODS_2_137,1.757972066179853,12.305804463258971,13,5,17.305804463258973,0.0481106345846612,2.6941955367410273,56,1,5,1,11.315529527841209,6.5
FOODS_2_139,2.6729411234872438,18.710587864410705,19,0,18.710587864410705,0.025282590893907744,1.289412135589295,51,2,3,1,14.055462118644769,9.5
FOODS_2_140,2.0124165725827723,14.086916008079406,15,0,14.086916008079406,0.0,0.0,50,0,4,0,9.622630293793696,7.5
FOODS_2_144,1.7489836054611294,12.242885238227906,13,6,18.242885238227906,0.03379066849561719,1.757114761772094,52,1,4,1,12.655124115750498,6.5
FOODS_2_145,3.6283706073506643,25.39859425145465,26,15,40.398594251454654,0.04183096135041224,4.601405748545346,110,1,5,1,24.599397536337708,13.0
FOODS_2_150,1.6656180128453555,11.659326089917489,12,3,14.659326089917489,0.0,0.0,51,0,5,0,7.730754661346061,6.0
FOODS_2_152,4.008683497884647,28.060784485192528,29,1,29.060784485192528,0.023143429250452537,2.939215514807472,127,2,5,1,14.755532329237786,14.5
FOODS_2_162,1.6325761024935654,11.428032717454958,12,3,14.428032717454958,0.04762902375083412,2.5719672825450424,54,2,5,1,7.453735318363899,6.0
FOODS_2_164,2.9167673054029817,20.417371137820872,21,7,27.417371137820872,0.046137428613050646,5.582628862179128,121,3,6,2,10.878252947001059,10.5
FOODS_2_170,2.2527315485962935,15.769120840174054,16,0,15.769120840174054,0.0,0.0,59,0,4,0,10.126263697316915,8.0
FOODS_2_175,3.6108426260796955,25.27589838255787,26,0,25.27589838255787,0.0,0.0,66,0,3,0,21.418755525415026,13.0
FOODS_2_176,1.4108256365331713,9.875779455732198,10,3,12.875779455732198,0.021619625851303878,1.1242205442678017,52,2,6,2,6.228040461589949,5.0
FOODS_2_181,9.80927715237692,68.66494006663844,69,0,68.66494006663844,0.0052769167326544,1.3350599333615634,253,1,4,1,36.1782014428511,34.5
FOODS_2_182,1.6332632723409637,11.432842906386746,12,2,13.432842906386746,0.04584209095737953,2.567157093613254,56,2,5,1,7.534120958817687,6.0
FOODS_2_183,3.3643007143301946,23.550105000311362,24,0,23.550105000311362,0.0,0.0,81,0,4,0,16.835819286025647,12.0
FOODS_2_184,2.154784039330395,15.083488275312767,16,3,18.083488275312767,0.037876775645288734,2.9165117246872327,77,2,5,2,7.696528176986776,8.0
FOODS_2_189,2.1520982231435397,15.064687562004778,16,6,21.064687562004778,0.045864256843675344,2.935312437995222,64,1,4,1,14.228147334715308,8.0
FOODS_2_196,2.6849335465210125,18.794534825647087,19,0,18.794534825647087,0.016742571866012676,1.2054651743529128,72,1,4,1,10.884543176924376,9.5
FOODS_2_197,10.15228897885494,71.06602285198458,72,0,71.06602285198458,0.04586516719154403,12.933977148015416,282,2,4,2,37.209224895564276,36.0
FOODS_2_199,4.5637298076403745,31.94610865348262,32,0,31.94610865348262,0.049218628833474595,6.053891346517375,123,3,4,2,20.615911469598448,16.0
FOODS_2_201,3.1331969724456736,21.932378807119715,22,1,22.932378807119715,0.04469913398769544,4.067621192880285,91,2,4,2,11.056938315811367,11.0
FOODS_2_204,4.641305719562825,32.48914003693978,33,23,55.48914003693978,0.049646269694683415,12.51085996306022,252,4,8,3,16.747672865058522,16.5
FOODS_2_215,1.7901156865644534,12.530809805951174,13,12,24.530809805951172,0.04572574433423755,2.469190194048828,54,1,4,1,16.594787465348425,6.5
FOODS_2_221,2.814728059377191,19.703096415640335,20,7,26.703096415640335,0.0407025133871564,3.2969035843596686,81,2,4,1,17.395068868314528,10.0
FOODS_2_222,4.675998203362112,32.73198742353478,33,12,44.73198742353478,0.04404856106948617,7.2680125764652175,165,1,5,1,23.187422283195968,16.5
FOODS_2_225,1.655062260554287,11.58543582388001,12,8,19.58543582388001,0.0365843056987877,2.4145641761199883,66,2,6,2,10.839736247974288,6.0
FOODS_2_240,0.6961378674652041,4.872965072256429,5,32,36.87296507225643,0.046371178963410926,4.127034927743573,89,2,14,2,20.846906117879133,2.5
FOODS_2_241,9.234802683462428,64.64361878423699,65,0,64.64361878423699,0.0,0.0,227,0,4,0,38.71504735566556,32.5
FOODS_2_244,9.260020574635169,64.82014402244619,65,0,64.82014402244619,0.02942563925226973,7.179855977553814,244,2,4,2,33.98150058265166,32.5
FOODS_2_247,1.727710409876894,12.093972869138259,13,12,24.09397286913826,0.03874702841148988,2.906027130861741,75,1,6,1,13.433131229630684,6.5
FOODS_2_249,2.964460373299747,20.75122261309823,21,0,20.75122261309823,0.0,0.0,72,0,4,0,13.822651184526796,10.5
FOODS_2_257,2.2063676932701535,15.444573852891075,16,2,17.444573852891075,0.03650608781584178,2.555426147108925,70,1,5,1,9.837347804603954,8.0
FOODS_2_262,1.2175760041126644,8.52303202878865,9,7,15.52303202878865,0.044231570914488386,2.4769679712113497,56,1,6,1,8.466992882847013,4.5
FOODS_2_266,1.8504660739488614,12.95326251764203,13,5,17.95326251764203,0.049946516104229,3.046737482357969,61,1,5,1,10.2656839361323,6.5
FOODS_2_274,2.705681791815213,18.939772542706493,19,1,19.939772542706493,0.014327398071533883,1.0602274572935073,74,1,4,1,8.509902518302782,9.5
FOODS_2_276,8.552917100211982,59.87041970148387,60,0,59.87041970148387,0.0,0.0,178,0,3,0,47.15613398719815,30.0
FOODS_2_285,3.048163997795851,21.337147984570958,22,11,32.33714798457096,0.016628520154290383,1.6628520154290385,100,1,5,1,19.90653299283651,11.0
FOODS_2_289,2.7386430820469463,19.170501574328625,20,7,26.170501574328625,0.04401722328357902,3.8294984256713747,87,1,5,1,15.786536051641848,10.0
FOODS_2_293,4.747983812442347,33.235886687096425,34,4,37.235886687096425,0.04308352428601003,6.764113312903575,157,2,5,2,18.514832861520663,17.0
FOODS_2_294,3.8825614010157063,27.177929807109944,28,7,34.17792980710995,0.043126445873259645,5.8220701928900525,135,3,5,3,14.647684203047119,14.0
FOODS_2_299,2.0774098693559053,14.541869085491337,15,5,19.541869085491335,0.04802959603484257,3.458130914508665,72,2,5,1,10.900420516191165,7.5
FOODS_2_304,3.0938109926307686,21.65667694841538,22,0,21.65667694841538,0.016584235204748384,1.343323051584619,81,1,4,1,11.640716488946152,11.0
FOODS_2_306,2.058902106669901,14.412314746689308,15,69,83.4123147466893,0.04421265270678319,6.5876852533106955,149,2,6,1,55.60934191905166,7.5
FOODS_2_307,1.76932347699752,12.385264338982639,13,3,15.385264338982639,0.04587255545644493,2.6147356610173613,57,2,5,1,7.247368631961185,6.5
FOODS_2_309,2.23312409781443,15.63186868470101,16,1,16.63186868470101,0.019827990076796937,1.3681313152989887,69,1,5,1,7.250196607475684,8.0
FOODS_2_315,4.506173501125664,31.543214507879647,32,13,44.54321450787965,0.0436269290008132,6.456785492120353,148,2,5,1,21.847002590692796,16.0
FOODS_2_316,0.5442218373280191,3.8095528612961336,4,25,28.809552861296133,0.04029276094907564,4.190447138703867,104,3,21,2,7.7891260218914775,2.0
FOODS_2_318,9.722281420585407,68.05596994409785,69,1,69.05596994409785,0.013059702171861413,3.9440300559021466,302,1,5,1,34.216551033494966,34.5
FOODS_2_325,5.492019891632473,38.44413924142731,39,4,42.44413924142731,0.04938471084034439,7.555860758572692,153,1,4,1,24.595172694591565,19.5
FOODS_2_326,14.274378339339886,99.9206483753792,100,0,99.9206483753792,0.015628153276660187,6.079351624620813,389,2,4,2,66.02608478593096,50.0
FOODS_2_334,3.0161020174185778,21.112714121930043,22,1,22.112714121930043,0.04010119275097167,2.88728587806996,72,1,4,1,15.461290716886092,11.0
FOODS_2_342,4.888001555368611,34.216010887580275,35,0,34.216010887580275,0.0,0.0,129,0,4,0,21.82315374472314,17.5
FOODS_2_346,5.21214411112109,36.48500877784763,37,1,37.48500877784763,0.03302389953384651,5.514991222152368,167,1,5,1,17.46107330953878,18.5
FOODS_2_347,10.31971581865865,72.23801073061055,73,1,73.23801073061055,0.03221778636762193,9.761989269389446,303,2,5,2,38.872430870845115,36.5
FOODS_2_348,1.2652713961616406,8.856899773131484,9,8,16.856899773131484,0.04202157307585325,2.1431002268685155,51,1,6,1,9.183621379956747,4.5
FOODS_2_349,3.9065639440563293,27.345947608394304,28,2,29.345947608394304,0.048741830962118066,5.6540523916056955,116,1,4,1,16.20868808991144,14.0
FOODS_2_351,1.8207010881581582,12.744907617107108,13,7,19.74490761710711,0.04336716120947866,2.25509238289289,52,1,4,1,13.801025237124987,6.5
FOODS_2_352,6.885790535526774,48.20053374868742,49,0,48.20053374868742,0.0,0.0,162,0,4,0,28.557676605830288,24.5
FOODS_2_356,2.0212296484006425,14.148607538804498,15,5,19.148607538804498,0.03751832185783555,2.851392461195502,76,2,5,2,9.496130186886678,7.5
FOODS_2_357,1.8659323756568165,13.061526629597715,14,2,15.061526629597715,0.03589765500744972,1.938473370402285,54,1,4,1,10.010430686484003,7.0
FOODS_2_359,1.9012706560868335,13.308894592607835,14,2,15.308894592607835,0.037902893061861474,2.6911054073921648,71,2,5,2,7.071986775139351,7.0
FOODS_2_360,15.139536808802902,105.97675766162031,106,1,106.97675766162031,0.041118942846327784,17.023242338379703,414,1,4,1,62.05980740223871,53.0
FOODS_2_361,1.9169694851986072,13.418786396390251,14,3,16.418786396390253,0.03162427207219494,1.581213603609747,50,1,4,1,12.388873082362382,7.0
FOODS_2_364,2.6130329927466076,18.291230949226254,19,0,18.291230949226254,0.0,0.0,49,0,3,0,15.68408809208339,9.5
FOODS_2_368,3.889880831738761,27.22916582217133,28,3,30.22916582217133,0.04148551458981454,4.770834177828672,115,2,4,1,17.183035171395854,14.0
FOODS_2_371,5.763836755818311,40.346857290728174,41,1,41.346857290728174,0.01579251612661801,2.653142709271826,168,1,5,1,20.732469456409508,20.5
FOODS_2_374,2.4717454793237317,17.30221835526612,18,1,18.30221835526612,0.0468073625915681,3.6977816447338796,79,2,5,2,8.35047536184274,9.0
FOODS_2_380,5.402139828246133,37.81497879772293,38,5,42.81497879772293,0.04497264396855533,8.18502120227707,182,2,5,2,19.638924028083487,19.0
FOODS_2_381,3.3699135096473847,23.58939456753169,24,1,24.58939456753169,0.023633386592826554,2.4106054324683086,102,2,5,2,12.733441693042506,12.0
FOODS_2_383,3.0610711724257924,21.427498206980548,22,0,21.427498206980548,0.02042210120804483,1.5725017930194518,77,1,4,1,13.595980541946917,11.0
FOODS_2_384,3.9434805104808963,27.604363573366275,28,0,27.604363573366275,0.02575953146917988,2.395636426633729,93,1,4,1,17.910883062885386,14.0
FOODS_2_387,1.4818172368991644,10.372720658294151,11,10,20.37272065829415,0.03807651219863552,2.627279341705851,69,1,7,1,10.881812039844572,5.5
FOODS_2_388,3.154297311941614,22.080081183591297,23,0,22.080081183591297,0.0,0.0,64,0,3,0,16.544366897877005,11.5
FOODS_2_391,1.7968535292222467,12.577974704555727,13,10,22.57797470455573,0.04859368456532166,4.422025295444271,91,3,7,2,8.227061491075464,6.5
FOODS_2_396,2.6182834027094897,18.327983818966427,19,1,19.327983818966427,0.008296496062142878,0.6720161810335732,81,1,5,1,8.71313938977852,9.5
FOODS_2_399,2.34993441854071,16.44954092978497,17,2,18.44954092978497,0.04863642561938398,3.5504590702150303,73,2,5,2,9.453473056382494,8.5
FOODS_3_001,1.9285145622534954,13.499601935774468,14,11,24.499601935774468,0.036237653104717854,2.500398064225532,69,1,5,1,17.053187580925385,7.0
FOODS_3_007,7.669209149054617,53.68446404338232,54,0,53.68446404338232,0.0,0.0,209,0,4,0,28.970178329096623,27.0
FOODS_3_008,1.4824198761250478,10.376939132875334,11,14,24.376939132875336,0.046840372627226144,2.6230608671246642,56,2,5,1,16.728855902102886,5.5
FOODS_3_013,1.020516215699349,7.143613509895443,8,10,17.143613509895445,0.03314975875186705,1.8563864901045548,56,1,7,1,9.17894961209058,4.0
FOODS_3_015,1.0153123057777012,7.107186140443908,8,12,19.107186140443908,0.04317632626203123,2.8928138595560924,67,2,9,1,9.830389605332925,4.0
FOODS_3_020,9.012002441070766,63.08401708749537,64,0,63.08401708749537,0.0,0.0,200,0,4,0,42.01258851606678,32.0
FOODS_3_023,3.306288560316713,23.14401992221699,24,1,24.14401992221699,0.03537596401635788,3.855980077783009,109,3,5,2,11.20943284047507,12.0
FOODS_3_025,1.1171733265041202,7.820213285528841,8,13,20.82021328552884,0.04968416741361187,3.1797867144711596,64,2,8,2,9.140843780499653,4.0
FOODS_3_030,7.034216976442243,49.2395188350957,50,0,49.2395188350957,0.03939330540560557,7.760481164904299,197,2,4,1,26.929639126321778,25.0
FOODS_3_032,2.533701219370497,17.73590853559348,18,0,17.73590853559348,0.0,0.0,64,0,4,0,12.271622821307758,9.0
FOODS_3_034,2.1045204257940417,14.731642980558291,15,5,19.73164298055829,0.039377795414960344,3.2683570194417086,83,2,6,1,7.761301064485104,7.5
FOODS_3_037,4.489787172430562,31.428510207013936,32,0,31.428510207013936,0.0,0.0,95,0,3,0,23.035653064156783,16.0
FOODS_3_039,6.775620533625735,47.429343735380144,48,0,47.429343735380144,0.0476152052966162,9.570656264619856,201,2,4,2,23.52095981098582,24.0
FOODS_3_041,3.862213029129825,27.035491203908773,28,1,28.035491203908773,0.04171856131169099,4.964508796091227,119,1,5,1,14.93617668655188,14.0
FOODS_3_042,2.108592287703051,14.760146013921357,15,5,19.760146013921357,0.03903438537444148,3.239853986078643,83,3,6,3,8.361491148823438,7.5
FOODS_3_053,3.1776784773389544,22.24374934137268,23,0,22.24374934137268,0.0,0.0,62,0,3,0,17.99374934137268,11.5
FOODS_3_054,1.6165553171456764,11.315887220019734,12,41,52.31588722001973,0.04511200619031958,5.684112779980268,126,1,10,1,32.8064747600169,6.0
FOODS_3_058,2.0620269138425638,14.434188396897946,15,3,17.434188396897945,0.04276352671836759,2.5658116031020555,60,1,4,1,11.105250512513114,7.5
FOODS_3_059,2.9888229601847387,20.92176072129317,21,6,26.92176072129317,0.04275332331537266,3.078239278706832,72,2,4,1,25.182937761108416,10.5
FOODS_3_064,5.0226438302916305,35.158506812041416,36,0,35.158506812041416,0.032281455360996504,3.8414931879585836,119,2,4,1,24.45687621643597,18.0
FOODS_3_066,6.752514279778707,47.26759995845095,48,0,47.26759995845095,0.0,0.0,168,0,4,0,29.874742815593823,24.0
FOODS_3_067,3.551429350634482,24.860005454441374,25,6,30.860005454441374,0.04616537252299718,6.139994545558626,133,2,6,2,14.255715454523152,12.5
FOODS_3_070,5.221729846279385,36.55210892395569,37,2,38.55210892395569,0.04965260717362872,7.447891076044307,150,2,4,1,26.205733736420658,18.5
FOODS_3_071,1.6389191812601538,11.472434268821077,12,14,25.472434268821075,0.04465273077441677,3.5275657311789246,79,2,7,1,14.835484068359417,6.0
FOODS_3_074,2.055413595280139,14.387895166960973,15,1,15.387895166960973,0.04572284598783578,3.6121048330390266,79,4,6,3,5.5831203929202085,7.5
FOODS_3_076,7.390542419694836,51.73379693786385,52,0,51.73379693786385,0.0,0.0,150,0,3,0,40.76951122357815,26.0
FOODS_3_077,1.0271345174361879,7.189941622053315,8,14,21.189941622053315,0.04257664209010129,2.8100583779466852,66,2,8,2,12.508178841960941,4.0
FOODS_3_079,2.5643353292003863,17.950347304402705,18,0,17.950347304402705,0.0,0.0,57,0,4,0,13.486061590116993,9.0
FOODS_3_080,12.186253129563607,85.30377190694524,86,2,87.30377190694524,0.047573099473421775,18.696228093054756,393,2,5,1,42.70613093685571,43.0
FOODS_3_083,3.0388889137328428,21.272222396129898,22,8,29.272222396129898,0.040519321781196764,3.727777603870102,92,1,5,1,17.493254055207807,11.0
FOODS_3_086,12.099704820459019,84.69793374321313,85,107,191.69793374321313,0.048840905647203704,27.302066256786873,559,1,7,1,115.06586468095547,42.5
FOODS_3_087,6.753611830575854,47.27528281403097,48,0,47.27528281403097,0.00431379277362516,0.7247171859690269,168,1,4,1,26.563604967666084,24.0
FOODS_3_090,101.84075322908883,712.8852726036218,713,38,750.8852726036218,0.04978097330842364,167.11472739637816,3357,3,5,2,345.9080843935039,356.5
FOODS_3_093,2.612024778317404,18.28417344822183,19,3,21.28417344822183,0.04310835796473288,2.7158265517781714,63,1,4,1,16.003726293055212,9.5
FOODS_3_097,3.535154261926795,24.746079833487563,25,3,27.746079833487563,0.03461617198417486,3.2539201665124367,94,2,4,2,14.302731392890191,12.5
FOODS_3_099,10.3690316509908,72.5832215569356,73,0,72.5832215569356,0.01497213031547255,4.416778443064402,295,2,4,2,30.946404619343344,36.5
FOODS_3_100,1.8694080993701614,13.08585669559113,14,0,13.08585669559113,0.016928579711275385,0.9141433044088707,54,1,4,1,6.232683577626671,7.0
FOODS_3_101,5.212615456815802,36.48830819771061,37,0,36.48830819771061,0.013260454406047291,1.5116918022893913,114,1,4,1,24.92606604236656,18.5
FOODS_3_106,5.163002620123643,36.1410183408655,37,0,36.1410183408655,0.0,0.0,103,0,3,0,31.39101834086549,18.5
FOODS_3_107,8.368279833051432,58.57795883136002,59,5,63.57795883136002,0.04728538088078681,14.422041168639979,305,3,5,2,25.838134035291432,29.5
FOODS_3_108,4.835312326877761,33.84718628814433,34,1,34.84718628814433,0.04394866937039765,6.152813711855671,140,2,4,2,15.217254204602357,17.0
FOODS_3_109,3.7235037056202063,26.064525939341443,27,2,28.064525939341443,0.04324696769954458,3.9354740606585565,91,1,4,1,20.345631229388484,13.5
FOODS_3_112,3.337860111138854,23.365020777971978,24,4,27.365020777971978,0.038949405227126234,4.634979222028022,119,2,5,1,12.19215176198799,12.0
FOODS_3_113,4.062577225710239,28.438040579971673,29,1,29.438040579971673,0.044725092353218886,4.561959420028327,102,2,4,1,19.506792960709227,14.5
FOODS_3_114,1.5744078926916207,11.020855248841345,12,4,15.020855248841345,0.03472183773962556,1.9791447511586568,57,2,5,1,6.874273954405389,6.0
FOODS_3_116,3.7071772344500653,25.950240641150458,26,5,30.950240641150458,0.0444835246974231,6.049759358849542,136,2,5,2,12.01438884620734,13.0
FOODS_3_117,1.7793551754688168,12.455486228281718,13,9,21.455486228281718,0.04240856286197137,2.5445137717182824,60,1,5,1,14.770186099782716,6.5
FOODS_3_118,3.6339003874829237,25.437302712380465,26,1,26.437302712380465,0.015472250372470646,1.5626972876195353,101,1,4,1,15.43293707047595,13.0
FOODS_3_120,62.007231040692815,434.0506172848497,435,0,434.0506172848497,0.04016659413429209,64.9493827151503,1617,2,4,2,222.0822751324678,217.5
FOODS_3_121,6.394565418613499,44.76195793029449,45,0,44.76195793029449,0.03691149153671898,6.238042069705507,169,1,4,1,21.258541378781786,22.5
FOODS_3_124,3.9349321407158513,27.54452498501096,28,29,56.54452498501096,0.03344805707248208,6.455475014989041,193,2,7,1,26.25599552768445,14.0
FOODS_3_125,2.0183716096128124,14.128601267289687,15,13,27.12860126728969,0.04639427364486011,4.871398732710311,105,1,7,1,8.282150316822422,7.5
FOODS_3_126,2.7439018767516914,19.20731313726184,20,0,19.20731313726184,0.011831147205047188,0.7926868627381616,67,1,4,1,12.789632037818844,10.0
FOODS_3_127,4.107218661070747,28.75053062749523,29,0,28.75053062749523,0.0,0.0,94,0,4,0,20.357673484638077,14.5
FOODS_3_129,1.8489150958442016,12.94240567090941,13,0,12.94240567090941,0.001175394471236554,0.057594329090591145,49,1,4,1,7.5598332296755855,6.5
FOODS_3_130,1.708550967976087,11.959856775832609,12,16,27.95985677583261,0.04983841351094089,3.0401432241673945,61,1,5,1,20.965591522142223,6.0
FOODS_3_131,4.88016317752778,34.16114224269446,35,0,34.16114224269446,0.0,0.0,91,0,3,0,26.875427956980182,17.5
FOODS_3_133,7.5012262327155454,52.50858362900882,53,0,52.50858362900882,0.0,0.0,178,0,4,0,35.65144077186597,26.5
FOODS_3_134,4.330936782919931,30.316557480439517,31,0,30.316557480439517,0.04736202099633736,5.683442519560483,120,2,4,2,15.932687401632633,15.5
FOODS_3_135,12.014781124953982,84.10346787467788,85,4,88.10346787467788,0.04759715990777161,17.896532125322125,376,2,5,2,45.87931454457383,42.5
FOODS_3_136,4.794400370031445,33.56080259022011,34,1,34.56080259022011,0.022776141786621764,3.4391974097798865,151,2,5,2,15.26302912647574,17.0
FOODS_3_138,2.74891363081374,19.24239541569618,20,2,21.24239541569618,0.037264926814916485,2.75760458430382,74,1,4,1,13.873370446220608,10.0
FOODS_3_139,2.433158250575062,17.032107754025436,18,4,21.032107754025436,0.04312926354320178,3.9678922459745642,92,1,5,1,8.562088512235182,9.0
FOODS_3_140,3.6401451965062948,25.481016375544062,26,16,41.48101637554406,0.0472892051852575,7.518983624455942,159,2,6,2,18.745932080473725,13.0
FOODS_3_142,3.8027115331467547,26.618980732027282,27,10,36.61898073202728,0.04590661343865265,6.381019267972718,139,2,5,1,17.493171001867864,13.5
FOODS_3_144,3.7943592308835803,26.560514616185063,27,4,30.560514616185063,0.043170518919166165,5.439485383814937,126,1,5,1,14.837583956730054,13.5
FOODS_3_146,3.582791296226298,25.079539073584087,26,9,34.07953907358409,0.04873564032687263,6.920460926415913,142,1,6,1,18.713874172842946,13.0
FOODS_3_148,5.421684740424736,37.95179318297315,38,0,37.95179318297315,0.04229515256662134,6.048206817026852,143,2,4,2,19.812820211245203,19.0
FOODS_3_150,8.523753398406692,59.666273788846844,60,0,59.666273788846844,0.0055341336562371906,1.333726211153163,241,1,4,1,39.78533543924518,30.0
FOODS_3_151,6.049218858907399,42.34453201235179,43,20,62.34453201235179,0.03714793127746012,8.655467987648208,233,1,6,1,28.088532720020478,21.5
FOODS_3_152,1.018980229966118,7.132861609762825,8,19,26.132861609762827,0.047253770779001676,4.867138390237173,103,2,13,2,9.128369261326924,4.0
FOODS_3_156,1.6603587410048315,11.62251118703382,12,4,15.62251118703382,0.047549776259323585,2.3774888129661793,50,1,4,1,10.204823825792962,6.0
FOODS_3_160,1.1133633267218277,7.793543287052794,8,12,19.793543287052792,0.036171421523724726,2.206456712947208,61,1,7,1,9.784561301259426,4.0
FOODS_3_163,2.87096953704964,20.09678675934748,21,0,20.09678675934748,0.039770044392500266,2.9032132406525193,73,1,4,1,10.199311448431603,10.5
FOODS_3_166,2.4314170540189894,17.019919378132926,18,1,18.019919378132926,0.0,0.0,68,0,4,0,9.877062235275783,9.0
FOODS_3_167,3.140623157101973,21.98436209971381,22,0,21.98436209971381,0.0,0.0,62,0,3,0,17.91293352828523,11.0
FOODS_3_169,2.65155231326364,18.56086619284548,19,0,18.56086619284548,0.008285543531217344,0.4391338071545192,53,1,3,1,15.121892603310078,9.5
FOODS_3_172,1.9441116943437404,13.608781860406182,14,4,17.608781860406182,0.04987085499402673,3.3912181395938177,68,2,5,1,9.698816262418477,7.0
FOODS_3_174,2.3853363876278366,16.697354713394855,17,2,18.697354713394855,0.03837742144341908,2.302645286605145,60,1,4,1,12.062963070983143,8.5
FOODS_3_177,4.681807798475769,32.772654589330386,33,0,32.772654589330386,0.0,0.0,70,0,3,0,30.379797446473244,16.5
FOODS_3_181,3.661269020105791,25.628883140740538,26,0,25.628883140740538,0.0,0.0,67,0,3,0,20.62888314074053,13.0
FOODS_3_183,1.7308371176053952,12.115859823237766,13,2,14.115859823237766,0.0,0.0,55,0,5,0,8.365859823237768,6.5
FOODS_3_184,2.384682301604556,16.692776111231893,17,0,16.692776111231893,0.021084256270453332,1.3072238887681067,62,1,4,1,10.469880595263977,8.5
FOODS_3_187,2.253983404470927,15.777883831296489,16,9,24.77788383129649,0.0453990985882098,4.222116168703511,93,2,6,2,11.373076475026567,8.0
FOODS_3_190,2.2638094890069946,15.846666423048962,16,0,15.846666423048962,0.0,0.0,61,0,4,0,11.73952356590611,8.0
FOODS_3_191,1.8962416459576654,13.273691521703658,14,4,17.273691521703658,0.04397271739187649,2.7263084782963425,62,1,5,1,8.942488253071382,7.0
FOODS_3_192,3.8820272291037874,27.17419060372651,28,5,32.174190603726515,0.04073992584806633,5.825809396273485,143,3,5,2,12.173962607808306,14.0
FOODS_3_201,3.404680665581496,23.832764659070474,24,1,24.832764659070474,0.030749857678927437,3.167235340929526,103,2,5,1,11.077279403405441,12.0
FOODS_3_202,21.131480247314396,147.92036173120079,148,0,147.92036173120079,0.0,0.0,560,0,4,0,92.6703617312008,74.0
FOODS_3_203,3.2554546539426403,22.788182577598484,23,0,22.788182577598484,0.0396520669432286,3.2118174224015164,81,2,4,1,13.069318317428301,11.5
FOODS_3_206,0.9655717323892513,6.759002126724759,7,14,20.75900212672476,0.04837310258619762,3.2409978732752407,67,1,10,1,9.029679255018674,3.5
FOODS_3_208,1.9468567842746256,13.627997489922379,14,1,14.627997489922379,0.024500044822814666,1.3720025100776212,56,1,4,1,9.07314142281279,7.0
FOODS_3_212,1.2951703448897063,9.066192414227944,10,6,15.066192414227944,0.03867615171544113,1.9338075857720565,50,1,5,1,8.085612660191702,5.0
FOODS_3_214,2.6330869045165555,18.431608331615887,19,2,20.431608331615887,0.04428261497213987,2.5683916683841126,58,1,3,1,16.663916071060548,9.5
FOODS_3_215,2.1809447567469227,15.266613297228458,16,7,22.26661329722846,0.03849840426438789,2.73338670277154,71,1,5,1,13.771417135120386,8.0
FOODS_3_219,5.598697936878261,39.190885558147826,40,4,43.190885558147826,0.04540182815030334,7.809114441852174,172,1,5,1,20.469475476745963,20.0
FOODS_3_226,5.958174946656883,41.70722462659818,42,13,54.70722462659818,0.03064191333362108,7.292775373401817,238,1,6,1,20.901548134271042,21.0
FOODS_3_227,4.417531238331135,30.92271866831794,31,5,35.92271866831794,0.04940879131448828,6.077281331682059,123,1,4,1,23.027267810467396,15.5
FOODS_3_228,6.5987696005256735,46.19138720367972,47,0,46.19138720367972,0.004674062406475623,0.8086127963202827,173,1,4,1,28.576725829359937,23.5
FOODS_3_230,4.227549778723318,29.592848451063222,30,0,29.592848451063222,0.0,0.0,103,0,4,0,19.91427702249179,15.0
FOODS_3_231,4.70425566122511,32.92978962857577,33,22,54.92978962857577,0.049642198974996554,11.070210371424231,223,4,7,3,20.319530158165588,16.5
FOODS_3_232,2.2265741304810516,15.586018913367361,16,2,17.58601891336736,0.04163391569064193,3.4139810866326386,82,2,5,1,6.640360520244172,8.0
FOODS_3_233,24.826656238995376,173.78659367296763,174,0,173.78659367296763,0.0,0.0,481,0,3,0,129.28659367296765,87.0
FOODS_3_236,7.4816444124607955,52.37151088722557,53,0,52.37151088722557,0.0,0.0,132,0,3,0,42.585796601511284,26.5
FOODS_3_238,4.6684971558892965,32.679480091225074,33,0,32.679480091225074,0.04000390908853328,5.320519908774926,133,1,4,1,17.35530578596255,16.5
FOODS_3_241,1.6188623000618148,11.332036100432703,12,13,24.332036100432703,0.028687783866315025,2.6679638995672974,93,3,8,2,8.99958303228194,6.0
FOODS_3_242,2.027203496144691,14.190424473012838,15,0,14.190424473012838,0.01499213938865115,0.8095755269871621,54,1,4,1,8.040805244217037,7.5
FOODS_3_245,5.7116005139847905,39.98120359789353,40,2,41.98120359789353,0.04721882933040035,9.018796402106467,191,3,5,2,18.026987384736284,20.0
FOODS_3_249,3.056770786709817,21.39739550696872,22,2,23.39739550696872,0.042383582270956226,3.6026044930312793,85,1,4,1,14.105282504977662,11.0
FOODS_3_252,38.779479761909606,271.45635833336723,272,71,342.45635833336723,0.049497253855254636,69.54364166663277,1405,2,5,2,141.59779107143584,136.0
FOODS_3_253,1.8851211102506464,13.195847771754526,14,2,15.195847771754526,0.04919565312711358,2.8041522282454743,57,2,4,2,8.434824522518827,7.0
FOODS_3_257,2.8293236858931037,19.805265801251725,20,0,19.805265801251725,0.0,0.0,64,0,4,0,13.948122944108865,10.0
FOODS_3_258,4.277071974610414,29.939503822272897,30,7,36.9395038222729,0.04675825283262982,7.060496177727103,151,2,5,1,17.024911396834447,15.0
FOODS_3_259,5.800111347348467,40.600779431439264,41,0,40.600779431439264,0.0,0.0,124,0,4,0,28.88649371715355,20.5
FOODS_3_261,3.63272348587405,25.42906440111835,26,2,27.42906440111835,0.042323477767422686,4.5709355988816505,108,1,4,1,16.84218885794168,13.0
FOODS_3_263,14.982450320469798,104.87715224328859,105,0,104.87715224328859,0.028062147584980112,12.122847756711408,432,2,4,2,50.69796588806327,52.5
FOODS_3_265,3.4289738218983055,24.002816753288137,25,2,26.002816753288137,0.049477061848632306,4.997183246711863,101,2,4,2,14.85774644713317,12.5
FOODS_3_273,2.2755838852694734,15.929087196886314,16,2,17.929087196886314,0.045834519449457996,3.0709128031136856,67,2,4,2,10.020518685047067,8.0
FOODS_3_277,2.4970284849457927,17.479199394620547,18,0,17.479199394620547,0.0,0.0,65,0,4,0,9.193485108906257,9.0
FOODS_3_279,4.059704648851072,28.417932541957505,29,0,28.417932541957505,0.0,0.0,52,0,2,0,31.310789684814644,14.5
FOODS_3_281,16.5745782250986,116.02204757569018,117,0,116.02204757569018,0.011313528237067771,4.977952424309819,440,1,4,1,68.89758162336219,58.5
FOODS_3_282,44.49048818276794,311.4334172793756,312,0,311.4334172793756,0.0,0.0,745,0,3,0,268.82627442223253,156.0
FOODS_3_283,5.198621327946144,36.39034929562301,37,0,36.39034929562301,0.0,0.0,59,0,2,0,41.28320643848015,18.5
FOODS_3_285,4.5799228196207995,32.0594597373456,33,2,34.0594597373456,0.043338072479424575,4.940540262654402,114,1,4,1,25.086679774867658,16.5
FOODS_3_288,33.084324170653396,231.59026919457378,232,1,232.59026919457378,0.049758037064880384,49.40973080542622,993,2,5,2,115.55505768455153,116.0
FOODS_3_291,2.3709448552922714,16.5966139870459,17,1,17.5966139870459,0.049324434970349294,3.403386012954101,69,2,4,2,8.270702997224122,8.5
FOODS_3_292,5.254076259744994,36.77853381821496,37,4,40.77853381821496,0.04644896147901152,8.22146618178504,177,2,5,2,21.1471764155998,18.5
FOODS_3_294,2.1816778627578097,15.271745039304669,16,6,21.27174503930467,0.04681440555143892,4.728254960695331,101,2,7,1,8.441383042732976,8.0
FOODS_3_295,15.946290238454951,111.62403166918466,112,0,111.62403166918466,0.008884127186356158,3.37596833081534,380,1,4,1,71.3834444060209,56.0
FOODS_3_299,7.775255849173701,54.4267909442159,55,4,58.4267909442159,0.04130159787415663,10.573209055784098,256,1,5,1,26.698598059474836,27.5
FOODS_3_300,3.847604299711452,26.933230097980164,27,0,26.933230097980164,0.0,0.0,84,0,4,0,21.433230097980175,13.5
FOODS_3_302,4.908835749124198,34.361850243869384,35,1,35.361850243869384,0.017705703061279304,2.638149756130616,149,2,5,2,15.73943047036793,17.5
FOODS_3_304,3.3862147472173043,23.70350323052113,24,7,30.70350323052113,0.04377270057420555,5.296496769478871,121,4,5,3,13.257893549397384,12.0
FOODS_3_305,4.749828420168783,33.248798941181484,34,0,33.248798941181484,0.006532183120161011,0.7512010588185163,115,1,4,1,21.660456915967462,17.0
FOODS_3_307,9.85713083599768,68.99991585198376,69,0,68.99991585198376,0.0,0.0,265,0,4,0,41.142772994840925,34.5
FOODS_3_310,2.331633398349005,16.321433788443034,17,1,17.321433788443034,0.04391092150093386,2.6785662115569657,61,1,4,1,12.247450097523508,8.5
FOODS_3_311,1.633245812316599,11.432720686216193,12,2,13.432720686216193,0.04843923233554353,2.567279313783807,53,2,5,1,7.3650604656467,6.0
FOODS_3_313,12.81623823270016,89.71366762890112,90,0,89.71366762890112,0.0,0.0,316,0,4,0,60.74938191461538,45.0
FOODS_3_317,2.9858913065729227,20.901239146010457,21,0,20.901239146010457,0.0012994849209150342,0.0987608539895426,76,1,4,1,13.839949542505602,10.5
FOODS_3_318,22.416437640379176,156.91506348265423,157,0,156.91506348265423,0.00368363342287238,2.084936517345767,566,1,4,1,92.5973554371362,78.5
FOODS_3_321,4.660664558077394,32.62465190654176,33,1,33.62465190654176,0.025378557093670998,3.3753480934582427,133,2,4,2,19.67837251802387,16.5
FOODS_3_322,5.340485843767611,37.383400906373275,38,2,39.383400906373275,0.04759829740361631,5.616599093626725,118,2,3,1,29.342886102731402,19.0
FOODS_3_324,1.595805863105578,11.170641041739046,12,62,73.17064104173905,0.039956743732768106,9.829358958260954,246,1,17,1,27.626277477701837,6.0
FOODS_3_326,2.1583727997360875,15.108609598152613,16,1,16.10860959815261,0.014377264545925623,0.8913904018473886,62,1,4,1,8.978193255691338,8.0
FOODS_3_327,2.0244571948255228,14.17120036377866,15,2,16.17120036377866,0.026125709088876292,1.8287996362213406,70,1,5,1,8.352000064960475,7.5
FOODS_3_329,25.62716643590043,179.39016505130303,180,0,179.39016505130303,0.004264436190681325,2.609834948696971,612,1,4,1,101.61932108242208,90.0
FOODS_3_330,2.608536915619936,18.25975840933955,19,9,27.25975840933955,0.037030291765681705,2.740241590660446,74,1,4,1,20.884061380101027,9.5
FOODS_3_331,1.6784733517198698,11.749313462039089,12,2,13.749313462039089,0.045932378325732846,2.2506865379609096,49,2,4,1,9.446085302448113,6.0
FOODS_3_332,2.612763908532959,18.289347359730712,19,0,18.289347359730712,0.0,0.0,62,0,4,0,12.289347359730703,9.5
FOODS_3_333,3.208286986360446,22.458008904523123,23,0,22.458008904523123,0.02753555527637281,1.5419910954768774,56,1,3,1,18.20528762239781,11.5
FOODS_3_335,1.8905094870150119,13.233566409105084,14,3,16.233566409105084,0.032711733164720674,1.7664335908949163,54,1,4,1,9.46923075001114,7.0
FOODS_3_336,1.060558003358924,7.423906023512467,8,14,21.423906023512465,0.04441541338771611,2.5760939764875346,58,2,5,1,11.894793373097746,4.0
FOODS_3_339,5.790311676977095,40.53218173883966,41,1,41.53218173883966,0.04036658519546129,7.467818261160339,185,2,5,2,19.221181801179927,20.5
FOODS_3_342,7.90074035235687,55.30518246649809,56,0,55.30518246649809,0.0,0.0,165,0,3,0,40.30518246649808,28.0
FOODS_3_344,2.3830740321941732,16.681518225359213,17,9,25.681518225359213,0.04148102218300984,3.3184817746407873,80,1,5,1,14.60213346177392,8.5
FOODS_3_346,2.1895564472193962,15.326895130535775,16,1,16.326895130535775,0.037126456520336464,2.6731048694642254,72,2,5,2,6.498620385114809,8.0
FOODS_3_347,2.0969274308187487,14.67849201573124,15,0,14.67849201573124,0.0,0.0,53,0,4,0,10.642777730016961,7.5
FOODS_3_348,10.67345857179865,74.71421000259055,75,0,74.71421000259055,0.0,0.0,242,0,4,0,53.42849571687627,37.5
FOODS_3_349,10.652695920381351,74.56887144266946,75,0,74.56887144266946,0.0,0.0,268,0,4,0,45.9260142998123,37.5
FOODS_3_351,7.884447291586481,55.191131041105365,56,0,55.191131041105365,0.03825207280277885,6.808868958894635,178,1,4,1,36.445882269084635,28.0
FOODS_3_354,2.7462853712388773,19.223997598672142,20,0,19.223997598672142,0.0,0.0,52,0,3,0,15.366854741529295,10.0
FOODS_3_355,3.187466309674672,22.312264167722702,23,1,23.312264167722702,0.0,0.0,89,0,4,0,12.13369273915127,11.5
FOODS_3_356,2.134646607006505,14.942526249045535,15,4,18.942526249045535,0.04188320206786938,3.0574737509544647,73,1,5,1,11.032428526138037,7.5
FOODS_3_361,1.9109277517147467,13.376494262003227,14,3,16.376494262003227,0.04446619894909784,2.623505737996773,59,2,5,2,9.259248770429263,7.0
FOODS_3_362,33.12235279878656,231.8564695915059,232,0,231.8564695915059,0.0,0.0,313,0,2,0,272.28504102007724,116.0
FOODS_3_363,5.388016418469552,37.71611492928686,38,13,50.71611492928686,0.045515852036885386,8.28388507071314,182,1,5,1,23.796310341990043,19.0
FOODS_3_367,3.9587674503219548,27.711372152253684,28,7,34.71137215225369,0.042650224578599294,5.288627847746312,124,2,5,1,20.374845569949866,14.0
FOODS_3_369,3.5200123561606587,24.64008649312461,25,6,30.64008649312461,0.011056207372970653,1.3599135068753903,123,2,5,2,13.994304248526703,12.5
FOODS_3_370,7.99172146282441,55.94205023977087,56,3,58.94205023977087,0.04065422705966591,11.057949760229128,272,2,5,2,23.95186790852233,28.0
FOODS_3_372,7.344149956699013,51.40904969689309,52,0,51.40904969689309,0.0,0.0,164,0,4,0,36.48047826832168,26.0
FOODS_3_376,6.315983591568162,44.21188514097713,45,0,44.21188514097713,0.0,0.0,112,0,3,0,39.92617085526281,22.5
FOODS_3_377,10.364947645483554,72.55463351838488,73,1,73.55463351838488,0.03805922471441934,12.445366481615125,327,3,5,3,32.36885003965391,36.5
FOODS_3_378,1.8077655176813467,12.654358623769427,13,1,13.654358623769427,0.04425738445718062,2.3456413762305726,53,2,4,1,8.509706897101683,6.5
FOODS_3_381,0.7557496121202806,5.290247284841964,6,24,29.290247284841964,0.0452860837995965,4.709752715158036,104,2,16,2,9.70270312683447,3.0
FOODS_3_382,10.233940952670647,71.63758666869452,72,0,71.63758666869452,0.0,0.0,50,0,1,0,94.63758666869448,36.0
FOODS_3_385,2.043696254164554,14.305873779151877,15,3,17.305873779151877,0.04992062460605571,3.6941262208481227,74,4,5,2,8.447477460562835,7.5
FOODS_3_386,3.3587603100695924,23.511322170487148,24,0,23.511322170487148,0.0,0.0,67,0,3,0,19.11846502762999,12.0
FOODS_3_389,16.31229934642415,114.18609542496905,115,11,125.18609542496905,0.049331818240618185,24.813904575030946,503,2,5,2,62.50416330535051,57.5
FOODS_3_393,6.908813897827386,48.3616972847917,49,11,59.3616972847917,0.04809215998019958,11.638302715208297,242,1,5,1,30.716562928110143,24.5
FOODS_3_398,1.89707144066895,13.279500084682649,14,3,16.27950008468265,0.04772806868977809,2.720499915317351,57,1,4,1,10.202750018146281,7.0
FOODS_3_399,4.349533584053076,30.446735088371533,31,15,45.44673508837153,0.04915669489441648,8.553264911628467,174,1,6,1,27.952871804651043,15.5
FOODS_3_403,14.27392401123929,99.91746807867503,100,0,99.91746807867503,0.0,0.0,337,0,4,0,67.13175379296074,50.0
FOODS_3_406,13.617488410834772,95.32241887584341,96,0,95.32241887584341,0.0,0.0,364,0,4,0,51.75099030441481,48.0
FOODS_3_407,3.7063376318695327,25.944363423086727,26,0,25.944363423086727,0.000579547676179922,0.055636576913272506,96,1,4,1,15.599142689568136,13.0
FOODS_3_412,7.104919377290055,49.73443564103039,50,0,49.73443564103039,0.0,0.0,161,0,4,0,35.87729278388751,25.0
FOODS_3_413,6.299857037256101,44.0989992607927,45,0,44.0989992607927,0.0,0.0,153,0,4,0,27.491856403649837,22.5
FOODS_3_418,2.5726521406455447,18.008564984518813,19,0,18.008564984518813,0.04602207716124903,2.991435015481187,65,1,4,1,12.111119457098019,9.5
FOODS_3_422,2.326015716051404,16.282110012359826,17,7,23.282110012359826,0.03996897040647314,2.7178899876401736,68,1,4,1,14.793987506621335,8.5
FOODS_3_423,2.8301934534610758,19.81135417422753,20,1,20.81135417422753,0.04706343624463447,4.188645825772468,89,2,5,2,9.888147323048758,10.0
FOODS_3_431,3.2671215045054334,22.869850531538034,23,0,22.869850531538034,0.0,0.0,71,0,4,0,14.655564817252312,11.5
FOODS_3_433,2.6526417748502893,18.568492423952026,19,1,19.568492423952026,0.0311731740518971,2.4315075760479736,78,2,4,2,10.105674783404583,9.5
FOODS_3_435,3.699039875182088,25.893279126274617,26,2,27.893279126274617,0.04327729554004562,5.106720873725383,118,2,5,2,13.629022451484644,13.0
FOODS_3_436,2.9103203618218605,20.372242532753024,21,16,36.37224253275302,0.046129159567598194,5.62775746724698,122,2,6,1,20.209329023705898,10.5
FOODS_3_438,2.571349049498594,17.99944334649016,18,1,18.99944334649016,0.03948100859881368,3.0005566535098396,76,1,5,1,10.642598696584715,9.0
FOODS_3_439,4.022092859738161,28.15465001816713,29,0,28.15465001816713,0.04179728241122683,3.845349981832868,92,2,4,1,19.093894653887183,14.5
FOODS_3_440,1.7240599350428822,12.068419545300175,13,3,15.068419545300175,0.03577000842036716,1.9315804546998265,54,1,5,1,10.034209772650087,6.5
FOODS_3_444,0.6395597894476662,4.476918526133663,5,96,100.47691852613366,0.0374486885190973,10.523081473866341,281,3,20,3,49.199447623943065,2.5
FOODS_3_446,5.151253587194504,36.05877511036153,37,2,38.05877511036153,0.046585401943882346,6.94122488963847,149,3,4,2,22.745772380550818,18.5
FOODS_3_448,0.8821984044734564,6.175388831314195,7,24,30.175388831314194,0.02456183624944179,2.8246111686858058,115,2,16,1,7.5920892672081335,3.5
FOODS_3_449,10.026429516574193,70.18500661601935,71,0,70.18500661601935,0.0,0.0,194,0,3,0,56.39929233030506,35.5
FOODS_3_450,1.7253973455805132,12.077781419063593,13,1,13.077781419063593,0.036965741941084755,1.9222185809364074,52,2,4,1,7.156746681975641,6.5
FOODS_3_454,5.419564223869344,37.936949567085406,38,16,53.936949567085406,0.04799434781496782,8.063050432914594,168,2,5,1,34.00869267160804,19.0
FOODS_3_455,6.303755779677923,44.12629045774546,45,15,59.12629045774546,0.04858003600850769,12.873709542254538,265,2,6,1,23.773289271880532,22.5
FOODS_3_458,16.797792049084034,117.58454434358823,118,0,117.58454434358823,0.0,0.0,471,0,4,0,63.79883005787398,59.0
FOODS_3_459,2.951473862506495,20.660317037545465,21,1,21.660317037545465,0.03975813050541114,3.3396829624545354,84,1,4,1,12.911677672357147,10.5
FOODS_3_462,7.47634787713177,52.33443513992239,53,0,52.33443513992239,0.0,0.0,162,0,4,0,38.12014942563665,26.5
FOODS_3_468,4.012735453962018,28.089148177734128,29,3,31.089148177734128,0.04477918047171115,5.910851822265872,132,2,5,1,15.58416402539059,14.5
FOODS_3_469,6.112741720795286,42.789192045567006,43,1,43.789192045567006,0.018243227013823828,3.210807954432994,176,1,5,1,21.597684009764357,21.5
FOODS_3_473,5.341739920491186,37.3921794434383,38,2,39.3921794434383,0.0379759802101247,6.607820556561698,174,2,5,2,17.548324166451064,19.0
FOODS_3_474,7.945465039113333,55.61825527379333,56,0,55.61825527379333,0.0,0.0,98,0,2,0,61.58254098807902,28.0
FOODS_3_475,2.0598510025005865,14.418957017504106,15,0,14.418957017504106,0.04779709226844249,2.5810429824958945,54,2,4,2,8.375490789465164,7.5
FOODS_3_476,3.657227063106549,25.600589441745843,26,0,25.600589441745843,0.01917000764731722,1.3994105582541572,73,1,3,1,17.800294720872923,13.0
FOODS_3_477,4.388059510221731,30.716416571552116,31,3,33.71641657155212,0.04402986190373236,5.2835834284478835,120,2,4,1,18.592217244920022,15.5
FOODS_3_479,2.0827022887616606,14.578916021331624,15,5,19.578916021331622,0.03904974159142545,2.4210839786683778,62,2,4,1,12.872160299427472,7.5
FOODS_3_481,3.022773970847427,21.159417795931986,22,0,21.159417795931986,0.012736094001030509,0.8405822040680135,66,1,3,1,14.472566040823136,11.0
FOODS_3_482,2.8326410552954147,19.828487387067902,20,1,20.828487387067902,0.03687805363874532,3.171512612932098,86,3,5,2,9.969372747690697,10.0
FOODS_3_485,2.9154957866942146,20.4084705068595,21,0,20.4084705068595,0.0,0.0,64,0,4,0,15.694184792573777,10.5
FOODS_3_487,2.913277948758038,20.392945641306266,21,4,24.392945641306266,0.03920711259449711,3.607054358693734,92,1,5,1,13.70924688664733,10.5
FOODS_3_489,2.6636315177802996,18.645420624462098,19,1,19.645420624462098,0.04533215372348517,3.3545793755379023,74,1,4,1,12.399973347791647,9.5
FOODS_3_491,10.210508486616348,71.47355940631444,72,0,71.47355940631444,0.0397224173346625,10.526440593685564,265,2,4,1,42.01313560827043,36.0
FOODS_3_498,9.179616267944127,64.25731387560889,65,19,83.25731387560889,0.04788392377836625,13.742686124391113,287,1,5,1,51.735799794947305,32.5
FOODS_3_499,25.847447234230337,180.93213063961235,181,0,180.93213063961235,0.0,0.0,502,0,3,0,143.89641635389802,90.5
FOODS_3_501,16.294942123960208,114.06459486772145,115,0,114.06459486772145,0.0045114338747752,1.9354051322785608,429,1,4,1,68.42515457671786,57.5
FOODS_3_503,8.829597504445001,61.807182531115004,62,0,61.807182531115004,0.0,0.0,176,0,3,0,47.91432538825785,31.0
FOODS_3_504,2.25600822006079,15.79205754042553,16,1,16.79205754042553,0.049352960916530283,3.2079424595744683,65,3,4,3,8.812583758662614,8.0
FOODS_3_505,4.025123499050596,28.175864493354172,29,1,29.175864493354172,0.01689014358005396,1.8241355066458276,108,2,4,2,16.82339953429018,14.5
FOODS_3_508,1.968101382382081,13.776709676674567,14,0,13.776709676674567,0.02265352450602653,1.2232903233254326,54,2,4,1,9.94001843286053,7.0
FOODS_3_509,2.345156278661384,16.416093950629687,17,0,16.416093950629687,0.0,0.0,54,0,4,0,11.451808236343977,8.5
FOODS_3_511,9.668068048595073,67.67647634016551,68,1,68.67647634016551,0.014908702275291353,4.323523659834493,290,1,5,1,37.41176881440394,34.0
FOODS_3_513,2.243623718564274,15.705366029949916,16,6,21.705366029949914,0.03922183297678673,3.2946339700500857,84,1,6,1,9.722578434989268,8.0
FOODS_3_514,3.008411485787073,21.058880400509512,22,17,38.05888040050951,0.023718706447503964,2.9411195994904915,124,1,6,1,19.941188657252038,11.0
FOODS_3_515,3.715527546885128,26.008692828195898,27,1,27.008692828195898,0.04845929293013692,4.991307171804102,103,1,4,1,17.969873960983072,13.5
FOODS_3_516,11.396456575577801,79.77519602904461,80,0,79.77519602904461,0.004194534147107507,1.2248039709553922,292,1,4,1,50.316169443093735,40.0
FOODS_3_519,3.7228638987759894,26.060047291431925,27,6,32.06004729143193,0.04061806916049558,3.9399527085680717,97,1,4,1,23.69143870530684,13.5
FOODS_3_523,2.474721386608775,17.323049706261425,18,0,17.323049706261425,0.012088398102474545,0.6769502937385745,56,1,4,1,11.104939222770307,9.0
FOODS_3_530,2.2551775078856724,15.786242555199706,16,9,24.786242555199706,0.0365199709636397,3.2137574448002937,88,1,6,1,11.13276626182851,8.0
FOODS_3_532,3.1995778530441936,22.397044971309356,23,0,22.397044971309356,0.0,0.0,54,0,3,0,19.36133068559507,11.5
FOODS_3_534,3.812122793997137,26.68485955797996,27,11,37.68485955797996,0.04689192591038486,7.315140442020038,156,2,6,2,14.968184190995705,13.5
FOODS_3_535,2.1023014444849832,14.716110111394883,15,1,15.716110111394883,0.03806483147675195,2.283889888605117,60,2,4,1,9.163591091320514,7.5
FOODS_3_537,1.9675950294808258,13.77316520636578,14,1,14.77316520636578,0.040487905338803996,2.22683479363422,55,2,4,2,8.237106829935524,7.0
FOODS_3_540,7.740116279246858,54.18081395472801,55,0,54.18081395472801,0.02294850497748567,4.819186045271991,210,2,4,1,31.06418189461744,27.5
FOODS_3_546,3.8436012212159882,26.90520854851192,27,0,26.90520854851192,0.0,0.0,59,0,3,0,23.548065691369082,13.5
FOODS_3_547,7.5889693816895045,53.122785671826534,54,17,70.12278567182653,0.04552417604191521,8.877214328173466,195,2,4,1,48.41478315568331,27.0
FOODS_3_551,2.1008848659344492,14.706194061541144,15,6,20.706194061541144,0.026985952217163014,2.2938059384588563,85,2,6,2,8.082110892309224,7.5
FOODS_3_555,28.40170210127715,198.81191470894004,199,4,202.81191470894004,0.04541133990194042,41.18808529105996,907,2,5,2,99.24541029477288,99.5
FOODS_3_557,1.8483577266945146,12.938504086861602,13,13,25.938504086861602,0.045127732368204415,4.061495913138398,90,3,7,2,13.630253211105543,6.5
FOODS_3_560,2.992965834931543,20.9507608445208,21,0,20.9507608445208,0.0,0.0,68,0,4,0,13.9507608445208,10.5
FOODS_3_561,4.981714257396855,34.87199980177799,35,0,34.87199980177799,0.0,0.0,97,0,3,0,28.80057123034941,17.5
FOODS_3_562,4.346344033736139,30.424408236152978,31,0,30.424408236152978,0.022592910209184407,2.5755917638470223,114,2,4,1,17.06830617711474,15.5
FOODS_3_565,3.337080562386032,23.359563936702223,24,10,33.35956393670222,0.04336856133923156,4.640436063297777,107,2,5,1,20.055387238240947,12.0
FOODS_3_566,6.917360347491363,48.421522432439545,49,0,48.421522432439545,0.02080510213697939,3.578477567560455,172,1,4,1,28.376040521237048,24.5
FOODS_3_568,4.4652387442424155,31.256671209696908,32,0,31.256671209696908,0.005852982600811751,0.7433287903030923,127,1,4,1,16.30500097350648,16.0
FOODS_3_570,5.997838401303428,41.984868809123995,42,12,53.984868809123995,0.01715868030288891,4.015131190876005,234,2,6,2,19.53247188766943,21.0
FOODS_3_572,12.002898872987405,84.02029211091184,85,0,84.02029211091184,0.014475895026419073,4.979707889088161,344,1,4,1,35.19813882123644,42.5
FOODS_3_573,5.556154826289358,38.89308378402551,39,0,38.89308378402551,0.048085954456492074,6.106916215974493,127,1,4,1,28.619946525148322,19.5
FOODS_3_574,4.960261758582482,34.721832310077374,35,0,34.721832310077374,0.0,0.0,77,0,3,0,30.328975167220243,17.5
FOODS_3_577,1.7571129687640439,12.299790781348307,13,4,16.299790781348307,0.047372091555292865,2.7002092186516933,57,1,5,1,9.549865502295338,6.5
FOODS_3_578,0.9148865118770516,6.404205583139361,7,36,42.40420558313936,0.026565285646593304,4.595794416860642,173,3,21,2,9.358644851121198,3.5
FOODS_3_580,6.7449076491261835,47.214353543883284,48,24,71.21435354388328,0.048366127605904585,10.785646456116723,223,1,5,1,45.33168110277375,24.0
FOODS_3_581,1.8835880634660147,13.185116444262103,14,5,18.185116444262103,0.03299788283159812,1.8148835557378966,55,1,4,1,12.461627936475375,7.0
FOODS_3_582,1.3033964476725368,9.123775133707758,10,11,20.12377513370776,0.04424961332757293,2.8762248662922403,65,2,7,1,10.383316138282453,5.0
FOODS_3_583,4.020585457972909,28.144098205810362,29,4,32.144098205810366,0.03324053270853133,3.8559017941896343,116,1,4,1,20.50093079721491,14.5
FOODS_3_584,1.8502363662777905,12.951654563944533,13,14,26.951654563944533,0.04763039743836667,3.0483454360554667,64,2,4,1,19.050709098833376,6.5
FOODS_3_585,1.7856085532104458,12.49925987247312,13,3,15.49925987247312,0.041679002125448,2.50074012752688,60,1,5,1,8.713968516774193,6.5
FOODS_3_586,67.69352758540394,473.8546930978276,474,0,473.8546930978276,0.010698516676671493,20.145306902172422,1883,1,4,1,242.2902913781059,237.0
FOODS_3_587,30.869639682142175,216.08747777499522,217,0,216.08747777499522,0.018164979708909564,15.912522225004778,876,1,4,1,103.0267698392823,108.5
FOODS_3_588,2.0487518402970415,14.34126288207929,15,0,14.34126288207929,0.012429002224919022,0.6587371179207082,53,1,4,1,9.742060012468217,7.5
FOODS_3_590,2.4316744984387717,17.021721489071403,18,2,19.021721489071403,0.03346380349357974,2.9782785109285967,89,2,5,2,8.013963814403047,9.0
FOODS_3_592,4.0067159794372476,28.047011856060735,29,0,28.047011856060735,0.0,0.0,81,0,3,0,23.83272614177503,14.5
FOODS_3_598,5.1761115676399685,36.23278097347978,37,8,44.23278097347978,0.045114793510134824,6.767219026520223,150,2,4,2,27.97845306574567,18.5
FOODS_3_599,3.1302262349036125,21.911583644325287,22,10,31.911583644325287,0.0487073308453977,6.088416355674713,125,1,6,1,14.481053638069705,11.0
FOODS_3_603,4.105248224183978,28.736737569287843,29,0,28.736737569287843,0.026014510697840883,2.2632624307121567,87,1,3,1,22.02062815716935,14.5
FOODS_3_604,2.251188997736895,15.758322984158264,16,1,16.758322984158262,0.0033566252200241367,0.24167701584173784,72,1,5,1,8.965474712022608,8.0
FOODS_3_607,13.309172564233739,93.16420794963618,94,1,94.16420794963618,0.038250705435661406,15.835792050363821,414,3,5,3,45.97496111767524,47.0
FOODS_3_609,2.967086680044608,20.769606760312254,21,4,24.769606760312254,0.0493433324498844,5.230393239687746,106,3,5,1,11.967086680044607,10.5
FOODS_3_610,2.2728672622448722,15.910070835714105,16,0,15.910070835714105,0.04611834573561037,3.089929164285895,67,1,4,1,8.270425448724312,8.0
FOODS_3_617,3.5208733429901122,24.646113400930787,25,3,27.646113400930787,0.040690528963263674,4.353886599069213,107,2,5,2,13.531310014485168,12.5
FOODS_3_618,4.028218376653452,28.197528636574166,29,0,28.197528636574166,0.0,0.0,58,0,3,0,26.41181435085986,14.5
FOODS_3_621,2.7389994027811086,19.17299581946776,20,0,19.17299581946776,0.0,0.0,52,0,3,0,15.315852962324902,10.0
FOODS_3_628,4.283407081498363,29.98384957048854,30,3,32.983849570488545,0.0,0.0,133,0,5,0,17.19813528477425,15.0
FOODS_3_632,3.022236829991194,21.155657809938358,22,2,23.155657809938358,0.04576597845311479,3.844342190061642,84,2,4,1,14.754041292813113,11.0
FOODS_3_634,4.048938787889371,28.3425715152256,29,0,28.3425715152256,0.005817951192693802,0.6574284847743996,113,1,4,1,13.894836753262629,14.5
FOODS_3_636,5.353632330163593,37.47542631114515,38,3,40.47542631114515,0.03328056439069187,5.524573688854851,166,2,5,1,19.951998869858294,19.0
FOODS_3_638,4.582891126357483,32.08023788450238,33,0,32.08023788450238,0.007242221381871016,0.919762115497619,127,1,4,1,17.21582473209039,16.5
FOODS_3_639,2.1479271237892763,15.035489866524934,16,2,17.035489866524934,0.047055716404366135,2.9645101334750663,63,1,4,1,10.914404561818708,8.0
FOODS_3_646,2.1893806986110023,15.325664890277016,16,7,22.325664890277018,0.03714354319059697,2.674335109722982,72,1,5,1,12.970986889830831,8.0
FOODS_3_648,2.244430102370242,15.711010716591694,16,0,15.711010716591694,0.005779785668166113,0.28898928340830565,50,1,4,1,9.69757602139644,8.0
FOODS_3_651,4.652630001285554,32.56841000899888,33,0,32.56841000899888,0.0,0.0,75,0,3,0,29.604124294713152,16.5
FOODS_3_652,5.299404990940502,37.095834936583515,38,8,45.095834936583515,0.04512526185239533,6.904165063416485,153,1,4,1,26.115923363413774,19.0
FOODS_3_653,2.041889106894113,14.293223748258791,15,3,17.29322374825879,0.0474873026621265,2.7067762517412106,57,1,4,1,9.741405088912598,7.5
FOODS_3_654,7.920294544505254,55.44206181153678,56,0,55.44206181153678,0.0,0.0,173,0,4,0,43.44206181153677,28.0
FOODS_3_655,1.7899764986456044,12.52983549051923,13,6,18.529835490519233,0.04116940849134612,2.4701645094807674,60,2,5,1,10.080210259392178,6.5
FOODS_3_661,6.956872395188476,48.698106766319334,49,1,49.698106766319334,0.031043809032909684,6.301893233680666,203,1,5,1,24.578165735639857,24.5
FOODS_3_664,1.834052997854765,12.838370984983355,13,90,102.83837098498336,0.04951618536719106,14.161629015016644,286,2,18,2,46.337291488201224,6.5
FOODS_3_665,2.3799953342903946,16.65996734003276,17,0,16.65996734003276,0.019706362646577043,1.340032659967239,68,2,4,1,7.961414574299757,8.5
FOODS_3_666,0.9959408689639152,6.9715860827474065,7,8,14.971586082747407,0.0005261836528257883,0.02841391725259257,54,1,8,1,5.640827577339101,3.5
FOODS_3_668,6.532740342535102,45.72918239774572,46,1,46.72918239774572,0.03000391197250853,6.270817602254283,209,2,5,2,18.549110513802653,23.0
FOODS_3_669,1.9939327275017507,13.957529092512255,14,7,20.957529092512253,0.044093781267938364,3.042470907487747,69,2,5,2,11.728764546256128,7.0
FOODS_3_672,2.768451836237233,19.37916285366063,20,2,21.37916285366063,0.04597959905858542,2.620837146339369,57,2,3,1,18.815176120210413,10.0
FOODS_3_674,3.348977011058848,23.442839077411936,24,0,23.442839077411936,0.0,0.0,50,0,3,0,24.54998193455478,12.0
FOODS_3_675,2.0068521664964174,14.047965165474922,15,7,21.04796516547492,0.03736752955095037,2.9520348345250795,79,1,6,1,10.433970141835646,7.5
FOODS_3_679,2.476515985518204,17.335611898627427,18,0,17.335611898627427,0.0,0.0,52,0,3,0,13.58561189862742,9.0
FOODS_3_681,32.82806758375782,229.79647308630476,230,193,422.7964730863048,0.04964367670685971,62.203526913695214,1253,1,6,1,259.0610107229974,115.0
FOODS_3_682,9.42667808696221,65.98674660873547,66,1,66.98674660873547,0.02734898768349668,8.013253391264527,293,2,5,2,29.6009894969129,33.0
FOODS_3_683,5.391756651700549,37.74229656190384,38,0,37.74229656190384,0.0,0.0,126,0,4,0,25.170867990475266,19.0
FOODS_3_688,5.767422513849621,40.37195759694735,41,0,40.37195759694735,0.0,0.0,119,0,3,0,32.729100454090215,20.5
FOODS_3_689,6.832710196956305,47.828971378694135,48,0,47.828971378694135,0.0,0.0,90,0,2,0,51.900399950122726,24.0
FOODS_3_692,4.344197187650624,30.40938031355437,31,10,40.409380313554365,0.04947451049951889,5.590619686445635,113,1,4,1,26.755025167975557,15.5
FOODS_3_694,17.687894768310787,123.81526337817552,124,0,123.81526337817552,0.030009360912696608,15.184736621824484,506,3,4,3,55.35327072389475,62.0
FOODS_3_695,8.474994697830153,59.32496288481107,60,1,60.32496288481107,0.025574854847467157,6.675037115188928,261,2,5,2,28.605349189602375,30.0
FOODS_3_697,10.99130556322903,76.93913894260321,77,7,83.93913894260321,0.03862873916867251,14.060861057396792,364,1,5,1,36.98695834484355,38.5
FOODS_3_700,2.314011391751692,16.198079742261843,17,7,23.198079742261843,0.02888577585297069,2.801920257738157,97,1,6,1,8.856114147640271,8.5
FOODS_3_702,6.328893174788106,44.30225222351674,45,122,166.30225222351675,0.038358833012188585,26.697747776483254,696,1,15,1,38.444305000832166,22.5
FOODS_3_704,2.7999441610292406,19.599609127204683,20,14,33.59960912720469,0.0478303355738621,4.400390872795313,92,1,5,1,21.271344812972433,10.0
FOODS_3_706,2.7052803642708656,18.93696254989606,19,3,21.93696254989606,0.0467015798862522,4.063037450103941,87,2,5,2,10.740687535640046,9.5
FOODS_3_711,10.631972344494622,74.42380641146235,75,21,95.42380641146235,0.0482655416838995,14.576193588537649,302,3,4,2,57.55510137388479,37.5
FOODS_3_712,2.2313295535770057,15.61930687503904,16,1,16.61930687503904,0.020919592802438783,1.3806931249609598,66,2,5,1,9.957584843765337,8.0
FOODS_3_714,29.121119093142926,203.84783365200047,204,14,217.84783365200047,0.049600191204597154,43.152166347999525,870,1,5,1,117.46739292542868,102.0
FOODS_3_723,24.6156861251251,172.3098028758757,173,3,175.3098028758757,0.048968309773436476,33.690197124124296,688,3,4,2,101.95924347340193,86.5
FOODS_3_725,5.581590882052839,39.071136174369876,40,0,39.071136174369876,0.0,0.0,122,0,4,0,27.463993317226997,20.0
FOODS_3_727,2.6626198895844193,18.638339227090935,19,6,24.638339227090935,0.039651461571900595,4.361660772909065,110,2,6,2,8.922501262948058,9.5
FOODS_3_731,3.640294073070019,25.48205851149013,26,1,26.48205851149013,0.04344174508182567,4.517941488509869,104,1,4,1,17.383886398602208,13.0
FOODS_3_732,0.7569572705161953,5.2987008936133675,6,14,19.29870089361337,0.03335880600758101,1.7012991063866316,51,1,9,1,12.08812579786908,3.0
FOODS_3_734,6.096526780430464,42.67568746301325,43,7,49.67568746301325,0.045044988101385276,9.324312536986753,207,3,5,3,20.8947901706457,21.5
FOODS_3_735,2.2739570077760334,15.917699054432234,16,6,21.917699054432234,0.04055659138904956,3.0823009455677663,76,1,5,1,10.803792654521192,8.0
FOODS_3_738,3.779649398450983,26.45754578915688,27,10,36.45754578915688,0.04993201991750557,5.542454210843118,111,3,4,1,23.38679225559384,13.5
FOODS_3_739,24.72269376920804,173.05885638445628,174,0,173.05885638445628,0.0,0.0,559,0,4,0,114.34457067017055,87.0
FOODS_3_741,11.987270811979089,83.91089568385362,84,0,83.91089568385362,0.0,0.0,157,0,2,0,80.41089568385361,42.0
FOODS_3_744,12.060406753222127,84.42284727255489,85,18,102.42284727255489,0.04825234474661068,18.57715272744511,385,2,5,2,50.41203870126176,42.5
FOODS_3_746,13.243260943129416,92.70282660190591,93,0,92.70282660190591,0.0,0.0,135,0,2,0,98.45282660190594,46.5
FOODS_3_747,4.0908627040236185,28.63603892816533,29,9,37.636038928165334,0.044503224278564096,6.363961071834666,143,2,5,1,17.44144247434476,14.5
FOODS_3_750,2.9724084428231237,20.806859099761866,21,5,25.806859099761866,0.03041086571655366,3.1931409002381343,105,2,5,2,12.815755521377541,10.5
FOODS_3_752,13.91200424129177,97.38402968904239,98,0,97.38402968904239,0.0,0.0,286,0,3,0,75.74117254618523,49.0
FOODS_3_753,3.5827082444489373,25.07895771114256,26,5,30.07895771114256,0.048138555193962894,5.921042288857436,123,3,5,3,14.396621712714136,13.0
FOODS_3_755,5.969837092840646,41.78885964988452,42,2,43.78885964988452,0.044789691615624086,7.211140350115478,161,1,4,1,25.70632832134608,21.0
FOODS_3_756,12.634820420249772,88.44374294174841,89,10,98.44374294174841,0.048647405617541266,19.55625705825159,402,2,5,2,48.70981638696314,44.5
FOODS_3_757,6.382759953105254,44.67931967173678,45,26,70.67931967173678,0.04854467907885838,14.320680328263222,295,3,7,2,25.531039812421017,22.5
FOODS_3_760,12.764619905544588,89.35233933881211,90,0,89.35233933881211,0.0,0.0,205,0,3,0,81.0309107673835,45.0
FOODS_3_764,13.591390551511633,95.13973386058143,96,17,112.13973386058143,0.04784464710875819,20.86026613941857,436,2,5,2,56.86057171102575,48.0
FOODS_3_768,4.254051947248569,29.77836363073998,30,0,29.77836363073998,0.04177309095408015,5.221636369260018,125,1,4,1,15.179136358213558,15.0
FOODS_3_769,4.721151060697906,33.04805742488534,34,1,34.04805742488534,0.02324364232373746,2.951942575114657,127,1,4,1,20.91860219190286,17.0
FOODS_3_772,6.292521243311115,44.047648703177806,45,36,80.0476487031778,0.0494764230383766,13.9523512968222,282,2,6,1,37.392879384526225,22.5
FOODS_3_780,1.7811122530351093,12.467785771245765,13,1,13.467785771245765,0.03895714198083438,2.532214228754235,65,2,5,1,5.812824026380446,6.5
FOODS_3_782,5.135750177908467,35.95025124535927,36,12,47.95025124535927,0.04813696146085496,9.049748754640731,188,1,5,1,22.941188078202515,18.0
FOODS_3_783,3.0175480677258704,21.122836474081094,22,8,29.122836474081094,0.04828874778137527,4.877163525918903,101,2,5,1,17.570192270903487,11.0
FOODS_3_785,2.11878075189491,14.83146526326437,15,131,145.83146526326436,0.049619300553841506,30.168534736735637,608,3,25,3,24.321028270699507,7.5
FOODS_3_787,1.9171652549700529,13.42015678479037,14,2,15.42015678479037,0.04867628707942695,2.5798432152096282,53,1,4,1,9.452271644649235,7.0
FOODS_3_788,2.977433152657364,20.842032068601547,21,6,26.842032068601547,0.04101257053764224,3.1579679313984528,77,1,4,1,18.03757830041462,10.5
FOODS_3_789,11.852326341456811,82.96628439019767,83,1,83.96628439019767,0.01671389365596213,6.033715609802329,361,2,5,2,38.24277522647093,41.5
FOODS_3_792,3.0552802465159847,21.386961725611894,22,2,23.386961725611894,0.044061442370586665,3.6130382743881064,82,2,4,1,14.854814593859269,11.0
FOODS_3_793,3.732281997189085,26.125973980323597,27,0,26.125973980323597,0.018554713066103002,1.8740260196764034,101,1,4,1,14.705565852926485,13.5
FOODS_3_795,4.557743687114227,31.904205809799592,32,0,31.904205809799592,0.000804993194961412,0.09579419020040802,119,1,4,1,17.550901244957057,16.0
FOODS_3_797,3.5038073389098328,24.52665137236883,25,4,28.52665137236883,0.04970387364034635,4.473348627631172,90,1,4,1,19.112853865507606,12.5
FOODS_3_800,2.838409108974211,19.868863762819476,20,0,19.868863762819476,0.015081816495740318,1.1311362371805238,75,1,4,1,12.504107242215307,10.0
FOODS_3_801,3.3304751491060776,23.313326043742542,24,3,26.313326043742542,0.0429970087730042,4.686673956257458,109,1,5,1,11.609758520309034,12.0
FOODS_3_803,3.1701433082640733,22.191003157848513,23,0,22.191003157848513,0.04702465237224058,3.808996842151487,81,1,4,1,15.933786390967539,11.5
FOODS_3_804,11.149443207119552,78.04610244983687,79,2,80.04610244983687,0.04018613992484417,15.953897550163134,397,3,5,3,37.00987909639361,39.5
FOODS_3_807,5.263499032328018,36.84449322629612,37,0,36.84449322629612,0.0,0.0,52,0,2,0,48.05877894058185,18.5
FOODS_3_809,3.1896478668622628,22.32753506803584,23,19,41.32753506803584,0.043667896560412686,4.672464931964157,107,1,5,1,26.77091039116078,11.5
FOODS_3_811,12.725219088813756,89.07653362169629,90,8,97.07653362169629,0.04956086163757143,19.923466378303715,402,2,5,2,56.008019212397876,45.0
FOODS_3_812,2.9330497722023137,20.531348405416196,21,1,21.531348405416196,0.04654845411024796,4.468651594583804,96,3,5,1,11.4687640579166,10.5
FOODS_3_813,2.4210523961607815,16.94736677312547,17,4,20.94736677312547,0.040701776358327064,3.05263322687453,75,1,5,1,11.024435737098315,8.5
FOODS_3_814,2.3424664308147993,16.397265015703596,17,8,24.397265015703596,0.046966683513228615,4.602734984296404,98,2,6,1,11.249511609947072,8.5
FOODS_3_815,0.8834560474203704,6.184192331942593,7,22,28.184192331942594,0.03805145497374873,2.8158076680574062,74,2,6,1,15.1560137379959,3.5
FOODS_3_816,7.342814067215258,51.399698470506806,52,0,51.399698470506806,0.0,0.0,128,0,3,0,44.863984184792514,26.0
FOODS_3_818,3.9890295133121905,27.923206593185334,28,2,29.923206593185334,0.037759880123903015,2.076793406814666,55,3,2,1,31.16760094188362,14.0
FOODS_3_819,1.3540101338269266,9.478070936788486,10,8,17.478070936788484,0.03105977680023502,1.521929063211516,49,1,5,1,10.56203040148078,5.0
FOODS_3_820,1.811616145710478,12.681313019973347,13,3,15.681313019973347,0.021269144839139595,1.318686980026655,62,2,5,2,7.2806096164161955,6.5
FOODS_3_822,4.076373870157191,28.534617091100337,29,16,44.53461709110034,0.045530865555631427,6.465382908899663,142,1,5,1,25.328846519521502,14.5
FOODS_3_823,1.574059693783834,11.018417856486838,12,9,20.01841785648684,0.0402916505880157,2.9815821435131618,74,1,6,1,8.78966096924718,6.0
FOODS_3_825,2.2287384863706015,15.60116940459421,16,0,15.60116940459421,0.007976611908115813,0.3988305954057907,50,1,4,1,11.636257223561596,8.0
FOODS_3_827,5.603192236629829,39.2223456564088,40,0,39.2223456564088,0.0,0.0,131,0,4,0,24.2223456564088,20.0
