model,shipping_mode,test_lines,test_late_lines,test_late_rate,mean_score,flagged_at_0_5,tp_at_0_5,recall_at_0_5,flagged_at_rate_matched,tp_at_rate_matched,recall_at_rate_matched,roc_auc,average_precision
majority_baseline,First Class,5263,5263,1.0,0.5722671903995148,5263,5263,1.0,3009,3009,0.5717271518145545,,
majority_baseline,Second Class,6735,5317,0.7894580549368968,0.5722671903995148,6735,5317,1.0,3917,3089,0.5809667105510626,0.5,0.7894580549368968
majority_baseline,Same Day,1862,916,0.49194414607948445,0.5722671903995148,1862,916,1.0,1062,516,0.5633187772925764,0.5,0.49194414607948445
majority_baseline,Standard Class,20412,8226,0.40299823633156967,0.5722671903995148,20412,8226,1.0,11625,4744,0.5767079990274738,0.5,0.40299823633156967
shipping_mode_baseline,First Class,5263,5263,1.0,1.0,5263,5263,1.0,5263,5263,1.0,,
shipping_mode_baseline,Second Class,6735,5317,0.7894580549368968,0.8004876066639581,6735,5317,1.0,6735,5317,1.0,0.5,0.7894580549368968
shipping_mode_baseline,Same Day,1862,916,0.49194414607948445,0.47611357825326345,0,0,0.0,1862,916,1.0,0.5,0.49194414607948445
shipping_mode_baseline,Standard Class,20412,8226,0.40299823633156967,0.39638147955668906,0,0,0.0,5753,2332,0.2834913688305373,0.5,0.40299823633156967
logistic_regression,First Class,5263,5263,1.0,0.9996727228337773,5263,5263,1.0,5263,5263,1.0,,
logistic_regression,Second Class,6735,5317,0.7894580549368968,0.8003275362393752,6735,5317,1.0,6735,5317,1.0,0.4708974964672751,0.781687066544846
logistic_regression,Same Day,1862,916,0.49194414607948445,0.4779017618187047,96,46,0.05021834061135371,1862,916,1.0,0.48515237681988976,0.48356790755699985
logistic_regression,Standard Class,20412,8226,0.40299823633156967,0.3965708899809557,0,0,0.0,5753,2294,0.2788718696814977,0.4958073128123615,0.40129576887154506
random_forest,First Class,5263,5263,1.0,0.973687048358878,5263,5263,1.0,5263,5263,1.0,,
random_forest,Second Class,6735,5317,0.7894580549368968,0.785984332887739,6735,5317,1.0,6735,5317,1.0,0.4699130818385183,0.7826624651217595
random_forest,Same Day,1862,916,0.49194414607948445,0.5013019151184672,1012,490,0.5349344978165939,1848,910,0.9934497816593887,0.504845730587073,0.5059796104913143
random_forest,Standard Class,20412,8226,0.40299823633156967,0.4053799893166296,0,0,0.0,5767,2272,0.2761974228057379,0.4920865284500007,0.39707844592967945
