feature,source_column,level,coefficient,odds_ratio,abs_coefficient,is_shipping_mode
(intercept),(intercept),,-0.41234506375309815,0.6620957713782671,0.41234506375309815,0
Shipping Mode_First Class,Shipping Mode,First Class,8.447707958906731,4664.369547447134,8.447707958906731,1
Shipping Mode_Same Day,Shipping Mode,Same Day,0.3286818228587923,1.3891357940087083,0.3286818228587923,1
Shipping Mode_Second Class,Shipping Mode,Second Class,1.8095214715680643,6.107524108904887,1.8095214715680643,1
Order Region_Canada,Order Region,Canada,-0.3189522719578486,0.7269102424811065,0.3189522719578486,0
Order Region_Caribbean,Order Region,Caribbean,-0.05220793630348957,0.9491314874294063,0.05220793630348957,0
Order Region_Central Africa,Order Region,Central Africa,0.1425951587145804,1.1532628187434384,0.1425951587145804,0
Order Region_Central Asia,Order Region,Central Asia,0.011905423470356604,1.0119765751074574,0.011905423470356604,0
Order Region_East Africa,Order Region,East Africa,0.07564263342572272,1.0785770578878011,0.07564263342572272,0
Order Region_East of USA,Order Region,East of USA,0.07826574379368641,1.0814099984845336,0.07826574379368641,0
Order Region_Eastern Asia,Order Region,Eastern Asia,0.021243192511080308,1.0214704353939474,0.021243192511080308,0
Order Region_Eastern Europe,Order Region,Eastern Europe,0.03853664019996593,1.0392888074100937,0.03853664019996593,0
Order Region_North Africa,Order Region,North Africa,0.005958941195680797,1.0059767310043548,0.005958941195680797,0
Order Region_Northern Europe,Order Region,Northern Europe,0.010968257237285192,1.0110286290934853,0.010968257237285192,0
Order Region_Oceania,Order Region,Oceania,0.0050773503200319085,1.0050902619061344,0.0050773503200319085,0
Order Region_South America,Order Region,South America,0.015194762709203226,1.0153107900404759,0.015194762709203226,0
Order Region_South Asia,Order Region,South Asia,0.0014301192710636144,1.0014311423792925,0.0014301192710636144,0
Order Region_South of  USA ,Order Region,South of  USA ,0.10865689882076417,1.1147798024540747,0.10865689882076417,0
Order Region_Southeast Asia,Order Region,Southeast Asia,0.018149441185823113,1.018315143242061,0.018149441185823113,0
Order Region_Southern Africa,Order Region,Southern Africa,0.08430007348309922,1.0879553113714888,0.08430007348309922,0
Order Region_Southern Europe,Order Region,Southern Europe,0.005136985177407925,1.005150202107798,0.005136985177407925,0
Order Region_US Center ,Order Region,US Center ,0.02839643970878303,1.0288034621313684,0.02839643970878303,0
Order Region_West Africa,Order Region,West Africa,-0.019674314441494468,0.9805179618501291,0.019674314441494468,0
Order Region_West Asia,Order Region,West Asia,-0.014497683963505235,0.9856069014312921,0.014497683963505235,0
Order Region_West of USA ,Order Region,West of USA ,-0.015619001636051351,0.984502342391055,0.015619001636051351,0
Order Region_Western Europe,Order Region,Western Europe,0.08965695213649875,1.0937989939297454,0.08965695213649875,0
Category Name_Accessories,Category Name,Accessories,0.018313689715626885,1.0184824137438062,0.018313689715626885,0
Category Name_As Seen on  TV!,Category Name,As Seen on  TV!,0.016383091473349827,1.0165180302138763,0.016383091473349827,0
Category Name_Baby ,Category Name,Baby ,0.007106750957201605,1.0071320638403751,0.007106750957201605,0
Category Name_Baseball & Softball,Category Name,Baseball & Softball,-0.041713525352375845,0.9591445118048791,0.041713525352375845,0
Category Name_Basketball,Category Name,Basketball,-0.030385381105036337,0.9700716142317592,0.030385381105036337,0
Category Name_Books ,Category Name,Books ,0.015038802542545113,1.0151524543478028,0.015038802542545113,0
Category Name_Boxing & MMA,Category Name,Boxing & MMA,0.023726616041966374,1.0240103316229618,0.023726616041966374,0
Category Name_CDs ,Category Name,CDs ,-0.023725333572058423,0.9765538994961316,0.023725333572058423,0
Category Name_Cameras ,Category Name,Cameras ,-0.09503429936165951,0.9093417440919768,0.09503429936165951,0
Category Name_Camping & Hiking,Category Name,Camping & Hiking,0.004767352439781734,1.0047787343444199,0.004767352439781734,0
Category Name_Cardio Equipment,Category Name,Cardio Equipment,-0.0165386880282216,0.9835973252134801,0.0165386880282216,0
Category Name_Children's Clothing,Category Name,Children's Clothing,-0.0199163946320742,0.9802806266032975,0.0199163946320742,0
Category Name_Computers,Category Name,Computers,-0.011172437301071304,0.9888897425941218,0.011172437301071304,0
Category Name_Consumer Electronics,Category Name,Consumer Electronics,-0.00801296532405843,0.9920190529051882,0.00801296532405843,0
Category Name_Crafts,Category Name,Crafts,0.014029701190724015,1.0141285793175376,0.014029701190724015,0
Category Name_DVDs,Category Name,DVDs,0.026571902691884305,1.0269280835007135,0.026571902691884305,0
Category Name_Electronics,Category Name,Electronics,0.05644265161650956,1.0580659346893089,0.05644265161650956,0
Category Name_Fishing,Category Name,Fishing,-0.0008386588654375668,0.9991616927106177,0.0008386588654375668,0
Category Name_Fitness Accessories,Category Name,Fitness Accessories,0.08394096188800294,1.0875646841478095,0.08394096188800294,0
Category Name_Garden,Category Name,Garden,0.051481032196454744,1.0528292162449995,0.051481032196454744,0
Category Name_Girls' Apparel,Category Name,Girls' Apparel,0.0382161259540532,1.0389557539187466,0.0382161259540532,0
Category Name_Golf Apparel,Category Name,Golf Apparel,-0.08032087901896684,0.9228201852375056,0.08032087901896684,0
Category Name_Golf Bags & Carts,Category Name,Golf Bags & Carts,-0.002649074875441415,0.9973544308271003,0.002649074875441415,0
Category Name_Golf Balls,Category Name,Golf Balls,0.03606086945695208,1.0367189490898367,0.03606086945695208,0
Category Name_Golf Gloves,Category Name,Golf Gloves,0.06343630864401417,1.065491621034155,0.06343630864401417,0
Category Name_Golf Shoes,Category Name,Golf Shoes,0.01578087020833146,1.0159060457333369,0.01578087020833146,0
Category Name_Health and Beauty,Category Name,Health and Beauty,0.023314772432792334,1.0235886863440713,0.023314772432792334,0
Category Name_Hockey,Category Name,Hockey,-0.001644774393399021,0.9983565775067118,0.001644774393399021,0
Category Name_Hunting & Shooting,Category Name,Hunting & Shooting,0.026321332596772704,1.0266707982684966,0.026321332596772704,0
Category Name_Indoor/Outdoor Games,Category Name,Indoor/Outdoor Games,-0.012970263242761905,0.9871134881380154,0.012970263242761905,0
Category Name_Kids' Golf Clubs,Category Name,Kids' Golf Clubs,0.06585427161409141,1.068071057553004,0.06585427161409141,0
Category Name_Lacrosse,Category Name,Lacrosse,0.10959212077282526,1.1158228566646167,0.10959212077282526,0
Category Name_Men's Clothing,Category Name,Men's Clothing,-0.09205580510920389,0.9120542508378318,0.09205580510920389,0
Category Name_Men's Footwear,Category Name,Men's Footwear,-0.017718542020513758,0.9824375083243566,0.017718542020513758,0
Category Name_Men's Golf Clubs,Category Name,Men's Golf Clubs,-0.14869328068114102,0.8618334153219809,0.14869328068114102,0
Category Name_Music,Category Name,Music,0.05542873372878638,1.056993686389461,0.05542873372878638,0
Category Name_Pet Supplies,Category Name,Pet Supplies,0.05525763159528868,1.0568128479859857,0.05525763159528868,0
Category Name_Shop By Sport,Category Name,Shop By Sport,-0.015390055612134261,0.9847277660918279,0.015390055612134261,0
Category Name_Soccer,Category Name,Soccer,-0.026392991780557377,0.973952259156562,0.026392991780557377,0
Category Name_Sporting Goods,Category Name,Sporting Goods,0.019360831806658443,1.0195494681294905,0.019360831806658443,0
Category Name_Strength Training,Category Name,Strength Training,0.04283361209159541,1.0437642106576597,0.04283361209159541,0
Category Name_Tennis & Racquet,Category Name,Tennis & Racquet,0.017284233027298396,1.0174344697100792,0.017284233027298396,0
Category Name_Toys,Category Name,Toys,-0.02301404242455859,0.9772487607349273,0.02301404242455859,0
Category Name_Trade-In,Category Name,Trade-In,0.0028473547119493314,1.0028514122765717,0.0028473547119493314,0
Category Name_Video Games,Category Name,Video Games,-0.034812237698850806,0.9657867375746463,0.034812237698850806,0
Category Name_Water Sports,Category Name,Water Sports,-0.032253159882356025,0.9682614260999561,0.032253159882356025,0
Category Name_Women's Apparel,Category Name,Women's Apparel,-0.029083872808376085,0.9713349924563182,0.029083872808376085,0
Category Name_Women's Clothing,Category Name,Women's Clothing,0.00072133926954841,1.0007215994972865,0.00072133926954841,0
Category Name_Women's Golf Clubs,Category Name,Women's Golf Clubs,-0.032030428922032894,0.968477111916298,0.032030428922032894,0
Customer Segment_Corporate,Customer Segment,Corporate,-0.01187237686249449,0.9881978217210394,0.01187237686249449,0
Customer Segment_Home Office,Customer Segment,Home Office,-0.019757540462399133,0.980436360637458,0.019757540462399133,0
order_month_April,order_month,April,-0.011800510483814248,0.9882688424718777,0.011800510483814248,0
order_month_August,order_month,August,-0.0803766204183436,0.9227687473826297,0.0803766204183436,0
order_month_December,order_month,December,-0.030498096534302837,0.9699622783553777,0.030498096534302837,0
order_month_February,order_month,February,0.018704998915573527,1.0188810332689453,0.018704998915573527,0
order_month_July,order_month,July,-0.08127589149409004,0.9219393011429088,0.08127589149409004,0
order_month_June,order_month,June,-0.025276167053755263,0.9750406007525919,0.025276167053755263,0
order_month_March,order_month,March,-0.02135561526559031,0.9788708012670649,0.02135561526559031,0
order_month_May,order_month,May,-0.0300003789235351,0.9704451658239256,0.0300003789235351,0
order_month_November,order_month,November,-0.07035215927790966,0.9320655265807657,0.07035215927790966,0
order_month_October,order_month,October,-0.04700955013072425,0.9540782859745104,0.04700955013072425,0
order_month_September,order_month,September,-0.0315164118165361,0.9689750536824343,0.0315164118165361,0
order_dow_Friday,order_dow,Friday,0.05058120958549543,1.0518822828106942,0.05058120958549543,0
order_dow_Monday,order_dow,Monday,0.041395262940718894,1.0422639924689674,0.041395262940718894,0
order_dow_Saturday,order_dow,Saturday,-0.01643161269764507,0.9837026498609666,0.01643161269764507,0
order_dow_Thursday,order_dow,Thursday,0.014082601181433311,1.0141822281289599,0.014082601181433311,0
order_dow_Tuesday,order_dow,Tuesday,0.022940257651456256,1.0232054090270173,0.022940257651456256,0
order_dow_Wednesday,order_dow,Wednesday,0.027407833923870393,1.0277868836576425,0.027407833923870393,0
Order Item Quantity,Order Item Quantity,,-0.003354540199259603,0.9966510799845807,0.003354540199259603,0
Order Item Product Price,Order Item Product Price,,-0.0033012672535108947,0.9967041759377715,0.0033012672535108947,0
Order Item Discount,Order Item Discount,,-0.006457671577272265,0.9935631343737374,0.006457671577272265,0
