Department Name,lines,late_lines,on_time_lines,late_rate,median_slip,mean_slip,slip_sum,median_lead,mean_lead,lead_sum
Pet Shop,472,290,182,0.614406779661017,1,0.6970338983050848,329,3,3.3771186440677967,1594
Book Shop,391,229,162,0.5856777493606138,1,0.5652173913043478,221,3,3.40153452685422,1330
Health and Beauty ,346,202,144,0.5838150289017341,1,0.5202312138728323,180,3,3.468208092485549,1200
Fitness,2374,1377,997,0.5800336983993261,1,0.5871946082561078,1394,3,3.5037910699241785,8318
Outdoors,9267,5375,3892,0.5800151073702384,1,0.5775331822596309,5352,3,3.5297291464335814,32710
Technology,1396,806,590,0.5773638968481375,1,0.5730659025787965,800,3,3.4362464183381087,4797
Golf,31768,18198,13570,0.5728405943087383,1,0.5637433895744145,17909,3,3.488416016116847,110820
Footwear,13891,7949,5942,0.5722410193650566,1,0.5594269671010006,7771,3,3.4929810668778347,48521
Apparel,46884,26825,20059,0.5721568125586554,1,0.5729886528453204,26864,3,3.506142820578449,164382
Fan Shop,64033,36623,27410,0.5719394687114456,1,0.5591648056470883,35805,3,3.4955882123280184,223833
Discs Shop,1943,1103,840,0.5676788471435924,1,0.5522388059701493,1073,3,3.566649511065363,6930
