Market,Shipping Mode,lines,late_lines,late_rate,median_slip
Europe,First Class,7562,7562,1.0,1
LATAM,First Class,7471,7471,1.0,1
Pacific Asia,First Class,5991,5991,1.0,1
USCA,First Class,3814,3814,1.0,1
Africa,First Class,1675,1675,1.0,1
LATAM,Same Day,2528,1273,0.5035601265822784,1
Europe,Same Day,2624,1281,0.4881859756097561,0
USCA,Same Day,1372,637,0.4642857142857143,0
Africa,Same Day,634,294,0.4637223974763407,0
Pacific Asia,Same Day,2135,969,0.453864168618267,0
Pacific Asia,Second Class,7829,6293,0.8038063609656406,2
Europe,Second Class,9470,7596,0.8021119324181626,2
Africa,Second Class,2091,1675,0.8010521281683405,2
USCA,Second Class,4918,3913,0.7956486376575844,2
LATAM,Second Class,9498,7510,0.7906927774268268,2
Pacific Asia,Standard Class,23630,9459,0.4002962336013542,0
Africa,Standard Class,6754,2696,0.39917086171157834,0
USCA,Standard Class,14523,5774,0.397576258348826,0
Europe,Standard Class,28434,11304,0.3975522262080608,0
LATAM,Standard Class,29812,11790,0.3954783308734738,0
