Order Region,Market,lines,late_lines,late_rate,rate_implied_by_mode_mix,gap_actual_minus_implied
Central Africa,Africa,1616,972,0.6014851485148515,0.5774323745239486,0.024052773990902887
Western Europe,Europe,25867,15140,0.5853017358023737,0.5783972918059168,0.006904443996456844
South of  USA ,USCA,3855,2256,0.5852140077821012,0.5761896758780884,0.00902433190401275
South Asia,Pacific Asia,7455,4350,0.5835010060362174,0.5825477364334946,0.0009532696027227949
East Africa,Africa,1781,1036,0.5816956765861875,0.5751207587270774,0.00657491785911013
East of USA,USCA,6617,3849,0.5816835423908115,0.5721430147714122,0.009540527619399386
Southeast Asia,Pacific Asia,9136,5297,0.5797942206654991,0.5760477674252794,0.003746453240219716
West Asia,Pacific Asia,5746,3322,0.5781413156978767,0.5815689275952447,-0.003427611897367955
Eastern Europe,Europe,3785,2182,0.5764861294583884,0.5819636345454056,-0.005477505087017165
US Center ,USCA,5653,3252,0.5752697682646383,0.5860227194618763,-0.01075295119723807
South America,LATAM,14184,8111,0.5718415115623238,0.5696886456039174,0.002152865958406358
Central America,LATAM,27174,15518,0.5710605726061677,0.571921138363001,-0.0008605657568332425
North Africa,Africa,3086,1762,0.5709656513285807,0.5712937316987855,-0.0003280803702048196
Southern Europe,Europe,9030,5129,0.5679955703211517,0.572353739976016,-0.004358169654864352
West of USA ,USCA,7595,4313,0.5678736010533245,0.5696129130159352,-0.001739311962610679
Eastern Asia,Pacific Asia,6973,3955,0.5671877240785889,0.564733853548103,0.0024538705304858466
Central Asia,Pacific Asia,542,306,0.5645756457564576,0.5601164084652406,0.004459237291217
Oceania,Pacific Asia,9733,5482,0.5632384670707901,0.5622818814399748,0.0009565856308152432
Northern Europe,Europe,9408,5292,0.5625,0.5691863100100906,-0.006686310010090568
Southern Africa,Africa,1100,617,0.5609090909090909,0.5597581527463174,0.0011509381627735626
Caribbean,LATAM,7951,4415,0.55527606590366,0.5658287098811596,-0.010552643977499665
West Africa,Africa,3571,1953,0.546905628675441,0.5594870925869248,-0.012581463911483737
Canada,USCA,907,468,0.515986769570011,0.5812091342108915,-0.06522236464088049
