item_id,units_demanded,order_qty,safety_stock,reorder_point,units_short,fill_rate,units_filled_share,days_stocked_out,cycles,cycles_with_stockout,avg_on_hand
FOODS_1_004,190,7,56,62.318115007799776,8.681884992200224,0.045694131537895914,0.954305868462104086,3,19,3,28.884704468464154
FOODS_1_005,83,20,1,20.466289374958123,3.533710625041877,0.04257482680773346,0.95742517319226654,1,4,1,10.707062008919596
FOODS_1_009,87,5,22,26.87818482908494,4.12181517091506,0.047377185872586894,0.952622814127413106,2,16,2,9.116753891946773
FOODS_1_015,72,13,20,32.33806966259352,2.6619303374064813,0.03697125468620113,0.96302874531379887,1,6,1,21.728389486204133
FOODS_1_018,406,79,44,122.30038802546584,19.699611974534164,0.048521211759936365,0.951478788240063635,1,5,1,71.81436886259982
FOODS_1_019,188,46,12,57.10077038978248,3.8992296102175175,0.020740583033071903,0.979259416966928097,1,5,1,37.128736512096246
FOODS_1_023,147,34,1,34.1034666127183,1.8965333872816998,0.012901587668582992,0.987098412331417008,1,5,1,16.30788570272535
FOODS_1_024,70,13,17,29.385727054678462,2.614272945321538,0.03734675636173626,0.96265324363826374,1,5,1,18.404084368859667
FOODS_1_027,101,17,9,25.389093672567824,4.6109063274321755,0.04565253789536807,0.95434746210463193,1,6,1,10.652858228508789
FOODS_1_031,86,23,0,22.94596244300709,0.0,0.0,1.0,0,4,0,11.053105300149948
FOODS_1_032,212,65,0,64.96199329844032,5.038006701559681,0.023764182554526798,0.976235817445473202,1,4,1,50.96470806283746
FOODS_1_036,80,20,1,20.747757103362307,0.0,0.0,1.0,0,5,0,11.283471389076592
FOODS_1_037,80,19,1,19.62277150324153,3.3772284967584696,0.04221535620948087,0.95778464379051913,2,5,2,12.454242894477906
FOODS_1_042,89,23,0,22.51254268181323,0.0,0.0,1.0,0,4,0,13.405399824670363
FOODS_1_043,581,6,163,168.13155160244392,22.86844839755608,0.03936049638133576,0.96063950361866424,4,27,4,46.71615760069825
FOODS_1_044,49,6,7,12.264352371142671,1.735647628857329,0.03542138018076182,0.96457861981923818,1,8,1,4.117394550816194
FOODS_1_045,58,9,13,21.761836391758873,2.238163608241127,0.03858902772829529,0.96141097227170471,2,7,1,12.477864296762416
FOODS_1_046,102,23,21,43.369284638364626,4.6307153616353744,0.04539917021211151,0.95460082978788849,1,5,1,31.007703851078134
FOODS_1_047,61,16,1,16.814949831458172,2.185050168541828,0.03582049456625948,0.96417950543374052,1,4,1,9.51728738563233
FOODS_1_051,49,14,1,14.123556987925463,1.876443012074537,0.03829475534845994,0.96170524465154006,2,4,1,9.772063747843832
FOODS_1_055,328,50,83,132.695702715064,16.304297284936013,0.049708223429682966,0.950291776570317034,1,7,1,76.51555502592716
FOODS_1_058,187,6,87,92.13155160244392,8.86844839755608,0.0474248577409416,0.9525751422590584,1,19,1,53.05637925819024
FOODS_1_061,120,28,5,32.824175213310774,5.175824786689226,0.043131873222410216,0.956868126777589784,3,5,2,18.790031288091207
FOODS_1_067,163,36,6,41.83792132787562,7.16207867212438,0.04393913295781828,0.95606086704218172,2,5,2,23.000983141687634
FOODS_1_069,111,29,0,28.61225562532359,1.3877443746764087,0.01250220157366134,0.98749779842633866,1,4,1,17.5699758260431
FOODS_1_074,65,13,9,21.593104498369456,2.4068955016305438,0.037029161563546825,0.962970838436453175,3,5,2,12.94852239250774
FOODS_1_076,58,10,6,15.644835265542564,2.3551647344574356,0.0406062885251282,0.9593937114748718,1,6,1,7.320078554079415
FOODS_1_083,92,22,3,24.88170003676554,4.11829996323446,0.04476413003515717,0.95523586996484283,2,4,2,14.688935722164045
FOODS_1_085,221,40,16,55.15357014874248,10.846429851257518,0.04907886810523764,0.95092113189476236,2,6,1,27.420280383704014
FOODS_1_086,55,17,0,16.24224090420419,0.7577590957958087,0.01377743810537834,0.98622256189462166,1,4,1,10.40905162232947
FOODS_1_087,131,33,0,32.237655922457776,3.762344077542224,0.028720183798032244,0.971279816201967756,1,4,1,16.106813370414756
FOODS_1_088,100,28,0,27.833291281814564,0.16670871818543276,0.0016670871818543276,0.9983329128181456724,1,4,1,19.011880732465468
FOODS_1_091,49,5,12,16.87818482908494,2.1218151709150597,0.04330235042683795,0.95669764957316205,2,9,2,7.902468177661059
FOODS_1_092,56,10,7,16.89737979358968,1.1026202064103217,0.019689646543041457,0.980310353456958543,2,6,1,7.855271281135482
FOODS_1_094,108,23,1,23.486770799858963,4.513229200141041,0.041789159260565194,0.958210840739434806,2,5,1,10.044594471332866
FOODS_1_096,74,17,4,20.259146017625888,2.7408539823741123,0.03703856732937989,0.96296143267062011,2,5,1,12.062064159224034
FOODS_1_097,58,14,1,14.395171139469221,2.6048288605307786,0.04491084242294446,0.95508915757705554,2,4,2,8.191822387029118
FOODS_1_099,252,55,11,65.8683464480599,12.131653551940104,0.048141482348968666,0.951858517651031334,3,5,2,33.54791900858213
FOODS_1_103,65,8,23,30.4015647039425,2.5984352960575023,0.03997592763165388,0.96002407236834612,1,6,1,21.74436596451599
FOODS_1_104,130,33,1,33.604398123525044,2.395601876474956,0.018427706742115045,0.981572293257884955,2,4,1,24.39364252205804
FOODS_1_106,102,22,12,33.937493100036576,5.062506899963424,0.0496324205878767,0.9503675794121233,1,5,1,23.540175121446868
FOODS_1_110,407,6,108,113.24295555659046,19.75704444340954,0.04854310674056398,0.95145689325943602,3,27,3,30.649521428904077
FOODS_1_113,119,28,2,29.083238885991165,5.916761114008835,0.04972068163032635,0.95027931836967365,2,5,1,14.39872182270607
FOODS_1_120,148,6,54,59.13155160244391,6.868448397556087,0.04640843511862221,0.95359156488137779,2,16,2,27.637204372650523
FOODS_1_123,50,17,0,16.633090325081945,0.0,0.0,1.0,0,3,0,12.383090325081941
FOODS_1_129,60,9,9,17.531260450301197,2.468739549698803,0.04114565916164672,0.95885434083835328,1,7,1,9.117196830626074
FOODS_1_130,54,10,3,12.709629504893979,2.2903704951060213,0.042414268427889285,0.957585731572110715,2,6,1,5.79719566473434
FOODS_1_137,141,33,3,35.730198348917945,6.269801651082055,0.04446667837646848,0.95553332162353152,2,5,2,20.543670603030403
FOODS_1_139,142,32,7,38.50788771766142,4.4921122823385815,0.031634593537595644,0.968365406462404356,2,5,2,24.235241603366983
FOODS_1_142,94,18,15,32.72012527087699,0.2798747291230086,0.0029773907353511553,0.9970226092646488447,1,6,1,17.53290635641596
FOODS_1_145,56,16,0,15.689332898494062,0.0,0.0,1.0,0,4,0,11.653618612779775
FOODS_1_150,89,22,4,25.947576573532874,4.052423426467126,0.04553284748839467,0.95446715251160533,1,4,1,15.595909265757044
FOODS_1_154,134,40,0,39.216487753991615,0.0,0.0,1.0,0,4,0,21.716487753991604
FOODS_1_161,76,44,0,43.79860874812509,0.0,0.0,1.0,0,2,0,44.084323033839375
FOODS_1_162,199,38,35,72.3172891315717,9.682710868428302,0.04865683853481559,0.95134316146518441,1,5,1,45.57588423965827
FOODS_1_166,87,18,1,18.818954253464554,2.181045746535446,0.025069491339487885,0.974930508660512115,3,5,2,8.110527545261528
FOODS_1_170,308,63,10,72.83707878479534,15.162921215204662,0.04923026368572942,0.95076973631427058,2,5,2,31.82223116817043
FOODS_1_173,196,58,0,57.05484273392872,0.0,0.0,1.0,0,4,0,39.376271305357285
FOODS_1_180,67,6,15,20.104249105777907,2.8957508942220933,0.04322016260032975,0.95677983739967025,2,11,2,9.058053379809552
FOODS_1_181,77,21,7,27.62649836672578,3.37350163327422,0.043811709523041815,0.956188290476958185,1,4,1,20.134249650012666
FOODS_1_183,66,17,8,24.295160031223737,2.7048399687762625,0.04098242376933731,0.95901757623066269,2,4,1,16.01762573881866
FOODS_1_184,58,20,0,19.662007733718593,0.0,0.0,1.0,0,3,0,14.412007733718607
FOODS_1_187,51,16,4,19.055282960964984,1.944717039035016,0.03813170664774541,0.96186829335225459,2,4,1,15.295586243029462
FOODS_1_192,55,5,13,17.87818482908494,2.1218151709150597,0.03857845765300109,0.96142154234699891,1,11,1,9.6176638431139
FOODS_1_194,80,20,7,26.934878208372947,3.0651217916270497,0.03831402239533812,0.96168597760466188,2,4,1,18.143684754485502
FOODS_1_196,96,24,0,23.692953201112548,1.307046798887452,0.01361507082174429,0.98638492917825571,2,4,2,11.786013986230826
FOODS_1_200,204,41,6,46.992186598068066,7.007813401931934,0.0343520264800585,0.9656479735199415,2,5,2,21.569754271014585
FOODS_1_201,71,21,0,20.02692807567961,0.0,0.0,1.0,0,4,0,13.884070932822473
FOODS_1_204,67,16,4,19.85571508106962,3.1442849189303814,0.046929625655677334,0.953070374344322666,2,4,1,13.861582001925177
FOODS_1_208,51,17,0,16.473828981057697,0.0,0.0,1.0,0,4,0,12.259543266771981
FOODS_1_210,193,6,55,60.13155160244391,8.868448397556087,0.04595050983189682,0.95404949016810318,3,19,3,22.332697000872823
FOODS_1_215,135,36,6,41.29158402661335,6.70841597338665,0.04969197017323444,0.95030802982676556,1,4,1,32.955339434274286
FOODS_1_217,189,57,0,56.16031131926847,0.0,0.0,1.0,0,4,0,34.053168462125605
FOODS_1_218,227,68,0,67.00592325740277,0.0,0.0,1.0,0,4,0,40.79163754311704
FOODS_1_219,107,26,1,26.67315772423439,4.32684227576561,0.040437778278183276,0.959562221721816724,1,4,1,14.181353310386166
FOODS_2_003,71,13,10,22.3031491339049,2.696850866095101,0.03798381501542396,0.96201618498457604,1,6,1,11.243531957265334
FOODS_2_009,58,12,8,19.592658403258213,2.4073415967417873,0.04150588959899633,0.95849411040100367,2,4,2,11.305569657841046
FOODS_2_013,106,21,10,30.675010804211983,4.324989195788017,0.040801784865924694,0.959198215134075306,2,5,1,15.860718916090848
FOODS_2_016,119,36,0,35.53606189800076,4.46393810199924,0.03751208489074991,0.96248791510925009,1,4,1,24.186298978143018
FOODS_2_019,202,63,0,62.30542065579738,0.0,0.0,1.0,0,4,0,45.448277798654544
FOODS_2_021,154,41,4,44.69875918953222,7.301240810467782,0.04741065461342715,0.95258934538657285,1,4,1,29.706522451908963
FOODS_2_024,75,23,0,22.38764703556169,0.0,0.0,1.0,0,4,0,16.744789892704556
FOODS_2_025,138,20,17,36.850499163060746,6.149500836939254,0.04456160026767575,0.95543839973232425,1,7,1,14.03939267779873
FOODS_2_026,71,13,7,19.129339895099186,1.8706601049008142,0.02634732542113823,0.97365267457886177,1,6,1,8.956287120378397
FOODS_2_029,183,50,0,49.95538399607611,0.0,0.0,1.0,0,4,0,25.84824113893323
FOODS_2_033,144,48,0,47.42661201314211,0.5733879868578882,0.003981861019846445,0.996018138980153555,1,3,1,33.48427400281617
FOODS_2_034,74,22,0,21.099179505478435,0.0,0.0,1.0,0,4,0,16.670608076907012
FOODS_2_035,105,24,1,24.167435032478302,3.832564967521698,0.036500618738301883,0.963499381261698117,2,5,1,12.31561339865684
FOODS_2_036,82,20,8,27.921772633475747,4.078227366524253,0.04973448007956406,0.95026551992043594,2,4,1,17.878887970263527
FOODS_2_049,53,17,0,16.214301436701845,0.0,0.0,1.0,0,4,0,12.285730008130413
FOODS_2_054,74,19,0,18.488191965419105,0.5118080345808949,0.006916324791633714,0.993083675208366286,1,4,1,9.172667411280981
FOODS_2_055,90,12,18,29.987929190365023,4.012070809634977,0.04457856455149975,0.95542143544850025,1,8,1,16.777092278832168
FOODS_2_056,110,22,9,30.35553182151329,4.6444681784867115,0.04222243798624283,0.95777756201375717,1,5,1,15.407127599544259
FOODS_2_059,148,39,0,38.289571847665634,0.0,0.0,1.0,0,4,0,22.753857561951353
FOODS_2_061,105,20,8,27.250063322134498,3.7499366778655023,0.03571368264633812,0.96428631735366188,1,6,1,12.696442140457393
FOODS_2_063,56,16,0,15.335644349781937,0.0,0.0,1.0,0,4,0,10.121358635496227
FOODS_2_074,97,18,8,25.195512207953414,4.8044877920465865,0.04953080197986172,0.95046919802013828,2,6,2,12.40521951769432
FOODS_2_075,161,37,1,37.42487228338459,4.5751277166154125,0.028416942339226165,0.971583057660773835,1,5,1,16.733901203582413
FOODS_2_078,79,19,0,18.79290451966595,3.2070954803340506,0.04059614532068419,0.95940385467931581,2,4,2,8.610737974118688
FOODS_2_079,114,19,9,27.900840495619896,5.099159504380104,0.04472946933666758,0.95527053066333242,3,6,2,10.88607449812281
FOODS_2_080,69,5,24,28.872965072256427,3.1270349277435727,0.04531934677889236,0.95468065322110764,2,12,2,18.275477546450556
FOODS_2_081,61,14,6,19.6450418465137,2.354958153486301,0.038605871368627885,0.961394128631372115,1,5,1,11.42393753853865
FOODS_2_082,94,24,1,24.349059277833472,3.6509407221665278,0.03883979491666519,0.96116020508333481,2,4,2,13.789084130964316
FOODS_2_086,98,30,0,29.640633425755276,0.0,0.0,1.0,0,4,0,21.497776282898126
FOODS_2_101,107,25,2,26.802822813611208,4.197177186388792,0.03922595501297937,0.96077404498702063,1,5,1,14.029176317202403
FOODS_2_112,72,20,1,20.069679596882427,2.930320403117573,0.040698894487744074,0.959301105512255926,2,4,1,13.963411227012642
FOODS_2_115,164,30,13,42.436674874500554,7.563325125499446,0.046117836131094186,0.953882163868905814,1,6,1,17.535242785428895
FOODS_2_119,90,22,0,21.602278528644348,2.397721471355652,0.026641349681729466,0.973358650318270534,1,4,1,11.330768581192757
FOODS_2_128,264,37,39,75.50009179219956,12.499908207800445,0.04734813715075926,0.95265186284924074,2,7,1,33.17861732467121
FOODS_2_131,138,38,0,37.44824036851002,0.5517596314899791,0.003998258199202747,0.996001741800797253,1,4,1,18.70811159966537
FOODS_2_137,56,13,5,17.305804463258973,2.6941955367410273,0.0481106345846612,0.9518893654153388,1,5,1,11.315529527841209
FOODS_2_139,51,19,0,18.710587864410705,1.289412135589295,0.025282590893907744,0.974717409106092256,2,3,1,14.055462118644769
FOODS_2_140,50,15,0,14.086916008079406,0.0,0.0,1.0,0,4,0,9.622630293793696
FOODS_2_144,52,13,6,18.242885238227906,1.757114761772094,0.03379066849561719,0.96620933150438281,1,4,1,12.655124115750498
FOODS_2_145,110,26,15,40.398594251454654,4.601405748545346,0.04183096135041224,0.95816903864958776,1,5,1,24.599397536337708
FOODS_2_150,51,12,3,14.659326089917489,0.0,0.0,1.0,0,5,0,7.730754661346061
FOODS_2_152,127,29,1,29.060784485192528,2.939215514807472,0.023143429250452537,0.976856570749547463,2,5,1,14.755532329237786
FOODS_2_162,54,12,3,14.428032717454958,2.5719672825450424,0.04762902375083412,0.95237097624916588,2,5,1,7.453735318363899
FOODS_2_164,121,21,7,27.417371137820872,5.582628862179128,0.046137428613050646,0.953862571386949354,3,6,2,10.878252947001059
FOODS_2_170,59,16,0,15.769120840174054,0.0,0.0,1.0,0,4,0,10.126263697316915
FOODS_2_175,66,26,0,25.27589838255787,0.0,0.0,1.0,0,3,0,21.418755525415026
FOODS_2_176,52,10,3,12.875779455732198,1.1242205442678017,0.021619625851303878,0.978380374148696122,2,6,2,6.228040461589949
FOODS_2_181,253,69,0,68.66494006663844,1.3350599333615634,0.0052769167326544,0.9947230832673456,1,4,1,36.1782014428511
FOODS_2_182,56,12,2,13.432842906386746,2.567157093613254,0.04584209095737953,0.95415790904262047,2,5,1,7.534120958817687
FOODS_2_183,81,24,0,23.550105000311362,0.0,0.0,1.0,0,4,0,16.835819286025647
FOODS_2_184,77,16,3,18.083488275312767,2.9165117246872327,0.037876775645288734,0.962123224354711266,2,5,2,7.696528176986776
FOODS_2_189,64,16,6,21.064687562004778,2.935312437995222,0.045864256843675344,0.954135743156324656,1,4,1,14.228147334715308
FOODS_2_196,72,19,0,18.794534825647087,1.2054651743529128,0.016742571866012676,0.983257428133987324,1,4,1,10.884543176924376
FOODS_2_197,282,72,0,71.06602285198458,12.933977148015416,0.04586516719154403,0.95413483280845597,2,4,2,37.209224895564276
FOODS_2_199,123,32,0,31.94610865348262,6.053891346517375,0.049218628833474595,0.950781371166525405,3,4,2,20.615911469598448
FOODS_2_201,91,22,1,22.932378807119715,4.067621192880285,0.04469913398769544,0.95530086601230456,2,4,2,11.056938315811367
FOODS_2_204,252,33,23,55.48914003693978,12.51085996306022,0.049646269694683415,0.950353730305316585,4,8,3,16.747672865058522
FOODS_2_215,54,13,12,24.530809805951172,2.469190194048828,0.04572574433423755,0.95427425566576245,1,4,1,16.594787465348425
FOODS_2_221,81,20,7,26.703096415640335,3.2969035843596686,0.0407025133871564,0.9592974866128436,2,4,1,17.395068868314528
FOODS_2_222,165,33,12,44.73198742353478,7.2680125764652175,0.04404856106948617,0.95595143893051383,1,5,1,23.187422283195968
FOODS_2_225,66,12,8,19.58543582388001,2.4145641761199883,0.0365843056987877,0.9634156943012123,2,6,2,10.839736247974288
FOODS_2_240,89,5,32,36.87296507225643,4.127034927743573,0.046371178963410926,0.953628821036589074,2,14,2,20.846906117879133
FOODS_2_241,227,65,0,64.64361878423699,0.0,0.0,1.0,0,4,0,38.71504735566556
FOODS_2_244,244,65,0,64.82014402244619,7.179855977553814,0.02942563925226973,0.97057436074773027,2,4,2,33.98150058265166
FOODS_2_247,75,13,12,24.09397286913826,2.906027130861741,0.03874702841148988,0.96125297158851012,1,6,1,13.433131229630684
FOODS_2_249,72,21,0,20.75122261309823,0.0,0.0,1.0,0,4,0,13.822651184526796
FOODS_2_257,70,16,2,17.444573852891075,2.555426147108925,0.03650608781584178,0.96349391218415822,1,5,1,9.837347804603954
FOODS_2_262,56,9,7,15.52303202878865,2.4769679712113497,0.044231570914488386,0.955768429085511614,1,6,1,8.466992882847013
FOODS_2_266,61,13,5,17.95326251764203,3.046737482357969,0.049946516104229,0.950053483895771,1,5,1,10.2656839361323
FOODS_2_274,74,19,1,19.939772542706493,1.0602274572935073,0.014327398071533883,0.985672601928466117,1,4,1,8.509902518302782
FOODS_2_276,178,60,0,59.87041970148387,0.0,0.0,1.0,0,3,0,47.15613398719815
FOODS_2_285,100,22,11,32.33714798457096,1.6628520154290385,0.016628520154290383,0.983371479845709617,1,5,1,19.90653299283651
FOODS_2_289,87,20,7,26.170501574328625,3.8294984256713747,0.04401722328357902,0.95598277671642098,1,5,1,15.786536051641848
FOODS_2_293,157,34,4,37.235886687096425,6.764113312903575,0.04308352428601003,0.95691647571398997,2,5,2,18.514832861520663
FOODS_2_294,135,28,7,34.17792980710995,5.8220701928900525,0.043126445873259645,0.956873554126740355,3,5,3,14.647684203047119
FOODS_2_299,72,15,5,19.541869085491335,3.458130914508665,0.04802959603484257,0.95197040396515743,2,5,1,10.900420516191165
FOODS_2_304,81,22,0,21.65667694841538,1.343323051584619,0.016584235204748384,0.983415764795251616,1,4,1,11.640716488946152
FOODS_2_306,149,15,69,83.4123147466893,6.5876852533106955,0.04421265270678319,0.95578734729321681,2,6,1,55.60934191905166
FOODS_2_307,57,13,3,15.385264338982639,2.6147356610173613,0.04587255545644493,0.95412744454355507,2,5,1,7.247368631961185
FOODS_2_309,69,16,1,16.63186868470101,1.3681313152989887,0.019827990076796937,0.980172009923203063,1,5,1,7.250196607475684
FOODS_2_315,148,32,13,44.54321450787965,6.456785492120353,0.0436269290008132,0.9563730709991868,2,5,1,21.847002590692796
FOODS_2_316,104,4,25,28.809552861296133,4.190447138703867,0.04029276094907564,0.95970723905092436,3,21,2,7.7891260218914775
FOODS_2_318,302,69,1,69.05596994409785,3.9440300559021466,0.013059702171861413,0.986940297828138587,1,5,1,34.216551033494966
FOODS_2_325,153,39,4,42.44413924142731,7.555860758572692,0.04938471084034439,0.95061528915965561,1,4,1,24.595172694591565
FOODS_2_326,389,100,0,99.9206483753792,6.079351624620813,0.015628153276660187,0.984371846723339813,2,4,2,66.02608478593096
FOODS_2_334,72,22,1,22.112714121930043,2.88728587806996,0.04010119275097167,0.95989880724902833,1,4,1,15.461290716886092
FOODS_2_342,129,35,0,34.216010887580275,0.0,0.0,1.0,0,4,0,21.82315374472314
FOODS_2_346,167,37,1,37.48500877784763,5.514991222152368,0.03302389953384651,0.96697610046615349,1,5,1,17.46107330953878
FOODS_2_347,303,73,1,73.23801073061055,9.761989269389446,0.03221778636762193,0.96778221363237807,2,5,2,38.872430870845115
FOODS_2_348,51,9,8,16.856899773131484,2.1431002268685155,0.04202157307585325,0.95797842692414675,1,6,1,9.183621379956747
FOODS_2_349,116,28,2,29.345947608394304,5.6540523916056955,0.048741830962118066,0.951258169037881934,1,4,1,16.20868808991144
FOODS_2_351,52,13,7,19.74490761710711,2.25509238289289,0.04336716120947866,0.95663283879052134,1,4,1,13.801025237124987
FOODS_2_352,162,49,0,48.20053374868742,0.0,0.0,1.0,0,4,0,28.557676605830288
FOODS_2_356,76,15,5,19.148607538804498,2.851392461195502,0.03751832185783555,0.96248167814216445,2,5,2,9.496130186886678
FOODS_2_357,54,14,2,15.061526629597715,1.938473370402285,0.03589765500744972,0.96410234499255028,1,4,1,10.010430686484003
FOODS_2_359,71,14,2,15.308894592607835,2.6911054073921648,0.037902893061861474,0.962097106938138526,2,5,2,7.071986775139351
FOODS_2_360,414,106,1,106.97675766162031,17.023242338379703,0.041118942846327784,0.958881057153672216,1,4,1,62.05980740223871
FOODS_2_361,50,14,3,16.418786396390253,1.581213603609747,0.03162427207219494,0.96837572792780506,1,4,1,12.388873082362382
FOODS_2_364,49,19,0,18.291230949226254,0.0,0.0,1.0,0,3,0,15.68408809208339
FOODS_2_368,115,28,3,30.22916582217133,4.770834177828672,0.04148551458981454,0.95851448541018546,2,4,1,17.183035171395854
FOODS_2_371,168,41,1,41.346857290728174,2.653142709271826,0.01579251612661801,0.98420748387338199,1,5,1,20.732469456409508
FOODS_2_374,79,18,1,18.30221835526612,3.6977816447338796,0.0468073625915681,0.9531926374084319,2,5,2,8.35047536184274
FOODS_2_380,182,38,5,42.81497879772293,8.18502120227707,0.04497264396855533,0.95502735603144467,2,5,2,19.638924028083487
FOODS_2_381,102,24,1,24.58939456753169,2.4106054324683086,0.023633386592826554,0.976366613407173446,2,5,2,12.733441693042506
FOODS_2_383,77,22,0,21.427498206980548,1.5725017930194518,0.02042210120804483,0.97957789879195517,1,4,1,13.595980541946917
FOODS_2_384,93,28,0,27.604363573366275,2.395636426633729,0.02575953146917988,0.97424046853082012,1,4,1,17.910883062885386
FOODS_2_387,69,11,10,20.37272065829415,2.627279341705851,0.03807651219863552,0.96192348780136448,1,7,1,10.881812039844572
FOODS_2_388,64,23,0,22.080081183591297,0.0,0.0,1.0,0,3,0,16.544366897877005
FOODS_2_391,91,13,10,22.57797470455573,4.422025295444271,0.04859368456532166,0.95140631543467834,3,7,2,8.227061491075464
FOODS_2_396,81,19,1,19.327983818966427,0.6720161810335732,0.008296496062142878,0.991703503937857122,1,5,1,8.71313938977852
FOODS_2_399,73,17,2,18.44954092978497,3.5504590702150303,0.04863642561938398,0.95136357438061602,2,5,2,9.453473056382494
FOODS_3_001,69,14,11,24.499601935774468,2.500398064225532,0.036237653104717854,0.963762346895282146,1,5,1,17.053187580925385
FOODS_3_007,209,54,0,53.68446404338232,0.0,0.0,1.0,0,4,0,28.970178329096623
FOODS_3_008,56,11,14,24.376939132875336,2.6230608671246642,0.046840372627226144,0.953159627372773856,2,5,1,16.728855902102886
FOODS_3_013,56,8,10,17.143613509895445,1.8563864901045548,0.03314975875186705,0.96685024124813295,1,7,1,9.17894961209058
FOODS_3_015,67,8,12,19.107186140443908,2.8928138595560924,0.04317632626203123,0.95682367373796877,2,9,1,9.830389605332925
FOODS_3_020,200,64,0,63.08401708749537,0.0,0.0,1.0,0,4,0,42.01258851606678
FOODS_3_023,109,24,1,24.14401992221699,3.855980077783009,0.03537596401635788,0.96462403598364212,3,5,2,11.20943284047507
FOODS_3_025,64,8,13,20.82021328552884,3.1797867144711596,0.04968416741361187,0.95031583258638813,2,8,2,9.140843780499653
FOODS_3_030,197,50,0,49.2395188350957,7.760481164904299,0.03939330540560557,0.96060669459439443,2,4,1,26.929639126321778
FOODS_3_032,64,18,0,17.73590853559348,0.0,0.0,1.0,0,4,0,12.271622821307758
FOODS_3_034,83,15,5,19.73164298055829,3.2683570194417086,0.039377795414960344,0.960622204585039656,2,6,1,7.761301064485104
FOODS_3_037,95,32,0,31.428510207013936,0.0,0.0,1.0,0,3,0,23.035653064156783
FOODS_3_039,201,48,0,47.429343735380144,9.570656264619856,0.0476152052966162,0.9523847947033838,2,4,2,23.52095981098582
FOODS_3_041,119,28,1,28.035491203908773,4.964508796091227,0.04171856131169099,0.95828143868830901,1,5,1,14.93617668655188
FOODS_3_042,83,15,5,19.760146013921357,3.239853986078643,0.03903438537444148,0.96096561462555852,3,6,3,8.361491148823438
FOODS_3_053,62,23,0,22.24374934137268,0.0,0.0,1.0,0,3,0,17.99374934137268
FOODS_3_054,126,12,41,52.31588722001973,5.684112779980268,0.04511200619031958,0.95488799380968042,1,10,1,32.8064747600169
FOODS_3_058,60,15,3,17.434188396897945,2.5658116031020555,0.04276352671836759,0.95723647328163241,1,4,1,11.105250512513114
FOODS_3_059,72,21,6,26.92176072129317,3.078239278706832,0.04275332331537266,0.95724667668462734,2,4,1,25.182937761108416
FOODS_3_064,119,36,0,35.158506812041416,3.8414931879585836,0.032281455360996504,0.967718544639003496,2,4,1,24.45687621643597
FOODS_3_066,168,48,0,47.26759995845095,0.0,0.0,1.0,0,4,0,29.874742815593823
FOODS_3_067,133,25,6,30.860005454441374,6.139994545558626,0.04616537252299718,0.95383462747700282,2,6,2,14.255715454523152
FOODS_3_070,150,37,2,38.55210892395569,7.447891076044307,0.04965260717362872,0.95034739282637128,2,4,1,26.205733736420658
FOODS_3_071,79,12,14,25.472434268821075,3.5275657311789246,0.04465273077441677,0.95534726922558323,2,7,1,14.835484068359417
FOODS_3_074,79,15,1,15.387895166960973,3.6121048330390266,0.04572284598783578,0.95427715401216422,4,6,3,5.5831203929202085
FOODS_3_076,150,52,0,51.73379693786385,0.0,0.0,1.0,0,3,0,40.76951122357815
FOODS_3_077,66,8,14,21.189941622053315,2.8100583779466852,0.04257664209010129,0.95742335790989871,2,8,2,12.508178841960941
FOODS_3_079,57,18,0,17.950347304402705,0.0,0.0,1.0,0,4,0,13.486061590116993
FOODS_3_080,393,86,2,87.30377190694524,18.696228093054756,0.047573099473421775,0.952426900526578225,2,5,1,42.70613093685571
FOODS_3_083,92,22,8,29.272222396129898,3.727777603870102,0.040519321781196764,0.959480678218803236,1,5,1,17.493254055207807
FOODS_3_086,559,85,107,191.69793374321313,27.302066256786873,0.048840905647203704,0.951159094352796296,1,7,1,115.06586468095547
FOODS_3_087,168,48,0,47.27528281403097,0.7247171859690269,0.00431379277362516,0.99568620722637484,1,4,1,26.563604967666084
FOODS_3_090,3357,713,38,750.8852726036218,167.11472739637816,0.04978097330842364,0.95021902669157636,3,5,2,345.9080843935039
FOODS_3_093,63,19,3,21.28417344822183,2.7158265517781714,0.04310835796473288,0.95689164203526712,1,4,1,16.003726293055212
FOODS_3_097,94,25,3,27.746079833487563,3.2539201665124367,0.03461617198417486,0.96538382801582514,2,4,2,14.302731392890191
FOODS_3_099,295,73,0,72.5832215569356,4.416778443064402,0.01497213031547255,0.98502786968452745,2,4,2,30.946404619343344
FOODS_3_100,54,14,0,13.08585669559113,0.9141433044088707,0.016928579711275385,0.983071420288724615,1,4,1,6.232683577626671
FOODS_3_101,114,37,0,36.48830819771061,1.5116918022893913,0.013260454406047291,0.986739545593952709,1,4,1,24.92606604236656
FOODS_3_106,103,37,0,36.1410183408655,0.0,0.0,1.0,0,3,0,31.39101834086549
FOODS_3_107,305,59,5,63.57795883136002,14.422041168639979,0.04728538088078681,0.95271461911921319,3,5,2,25.838134035291432
FOODS_3_108,140,34,1,34.84718628814433,6.152813711855671,0.04394866937039765,0.95605133062960235,2,4,2,15.217254204602357
FOODS_3_109,91,27,2,28.064525939341443,3.9354740606585565,0.04324696769954458,0.95675303230045542,1,4,1,20.345631229388484
FOODS_3_112,119,24,4,27.365020777971978,4.634979222028022,0.038949405227126234,0.961050594772873766,2,5,1,12.19215176198799
FOODS_3_113,102,29,1,29.438040579971673,4.561959420028327,0.044725092353218886,0.955274907646781114,2,4,1,19.506792960709227
FOODS_3_114,57,12,4,15.020855248841345,1.9791447511586568,0.03472183773962556,0.96527816226037444,2,5,1,6.874273954405389
FOODS_3_116,136,26,5,30.950240641150458,6.049759358849542,0.0444835246974231,0.9555164753025769,2,5,2,12.01438884620734
FOODS_3_117,60,13,9,21.455486228281718,2.5445137717182824,0.04240856286197137,0.95759143713802863,1,5,1,14.770186099782716
FOODS_3_118,101,26,1,26.437302712380465,1.5626972876195353,0.015472250372470646,0.984527749627529354,1,4,1,15.43293707047595
FOODS_3_120,1617,435,0,434.0506172848497,64.9493827151503,0.04016659413429209,0.95983340586570791,2,4,2,222.0822751324678
FOODS_3_121,169,45,0,44.76195793029449,6.238042069705507,0.03691149153671898,0.96308850846328102,1,4,1,21.258541378781786
FOODS_3_124,193,28,29,56.54452498501096,6.455475014989041,0.03344805707248208,0.96655194292751792,2,7,1,26.25599552768445
FOODS_3_125,105,15,13,27.12860126728969,4.871398732710311,0.04639427364486011,0.95360572635513989,1,7,1,8.282150316822422
FOODS_3_126,67,20,0,19.20731313726184,0.7926868627381616,0.011831147205047188,0.988168852794952812,1,4,1,12.789632037818844
FOODS_3_127,94,29,0,28.75053062749523,0.0,0.0,1.0,0,4,0,20.357673484638077
FOODS_3_129,49,13,0,12.94240567090941,0.057594329090591145,0.001175394471236554,0.998824605528763446,1,4,1,7.5598332296755855
FOODS_3_130,61,12,16,27.95985677583261,3.0401432241673945,0.04983841351094089,0.95016158648905911,1,5,1,20.965591522142223
FOODS_3_131,91,35,0,34.16114224269446,0.0,0.0,1.0,0,3,0,26.875427956980182
FOODS_3_133,178,53,0,52.50858362900882,0.0,0.0,1.0,0,4,0,35.65144077186597
FOODS_3_134,120,31,0,30.316557480439517,5.683442519560483,0.04736202099633736,0.95263797900366264,2,4,2,15.932687401632633
FOODS_3_135,376,85,4,88.10346787467788,17.896532125322125,0.04759715990777161,0.95240284009222839,2,5,2,45.87931454457383
FOODS_3_136,151,34,1,34.56080259022011,3.4391974097798865,0.022776141786621764,0.977223858213378236,2,5,2,15.26302912647574
FOODS_3_138,74,20,2,21.24239541569618,2.75760458430382,0.037264926814916485,0.962735073185083515,1,4,1,13.873370446220608
FOODS_3_139,92,18,4,21.032107754025436,3.9678922459745642,0.04312926354320178,0.95687073645679822,1,5,1,8.562088512235182
FOODS_3_140,159,26,16,41.48101637554406,7.518983624455942,0.0472892051852575,0.9527107948147425,2,6,2,18.745932080473725
FOODS_3_142,139,27,10,36.61898073202728,6.381019267972718,0.04590661343865265,0.95409338656134735,2,5,1,17.493171001867864
FOODS_3_144,126,27,4,30.560514616185063,5.439485383814937,0.043170518919166165,0.956829481080833835,1,5,1,14.837583956730054
FOODS_3_146,142,26,9,34.07953907358409,6.920460926415913,0.04873564032687263,0.95126435967312737,1,6,1,18.713874172842946
FOODS_3_148,143,38,0,37.95179318297315,6.048206817026852,0.04229515256662134,0.95770484743337866,2,4,2,19.812820211245203
FOODS_3_150,241,60,0,59.666273788846844,1.333726211153163,0.0055341336562371906,0.9944658663437628094,1,4,1,39.78533543924518
FOODS_3_151,233,43,20,62.34453201235179,8.655467987648208,0.03714793127746012,0.96285206872253988,1,6,1,28.088532720020478
FOODS_3_152,103,8,19,26.132861609762827,4.867138390237173,0.047253770779001676,0.952746229220998324,2,13,2,9.128369261326924
FOODS_3_156,50,12,4,15.62251118703382,2.3774888129661793,0.047549776259323585,0.952450223740676415,1,4,1,10.204823825792962
FOODS_3_160,61,8,12,19.793543287052792,2.206456712947208,0.036171421523724726,0.963828578476275274,1,7,1,9.784561301259426
FOODS_3_163,73,21,0,20.09678675934748,2.9032132406525193,0.039770044392500266,0.960229955607499734,1,4,1,10.199311448431603
FOODS_3_166,68,18,1,18.019919378132926,0.0,0.0,1.0,0,4,0,9.877062235275783
FOODS_3_167,62,22,0,21.98436209971381,0.0,0.0,1.0,0,3,0,17.91293352828523
FOODS_3_169,53,19,0,18.56086619284548,0.4391338071545192,0.008285543531217344,0.991714456468782656,1,3,1,15.121892603310078
FOODS_3_172,68,14,4,17.608781860406182,3.3912181395938177,0.04987085499402673,0.95012914500597327,2,5,1,9.698816262418477
FOODS_3_174,60,17,2,18.697354713394855,2.302645286605145,0.03837742144341908,0.96162257855658092,1,4,1,12.062963070983143
FOODS_3_177,70,33,0,32.772654589330386,0.0,0.0,1.0,0,3,0,30.379797446473244
FOODS_3_181,67,26,0,25.628883140740538,0.0,0.0,1.0,0,3,0,20.62888314074053
FOODS_3_183,55,13,2,14.115859823237766,0.0,0.0,1.0,0,5,0,8.365859823237768
FOODS_3_184,62,17,0,16.692776111231893,1.3072238887681067,0.021084256270453332,0.978915743729546668,1,4,1,10.469880595263977
FOODS_3_187,93,16,9,24.77788383129649,4.222116168703511,0.0453990985882098,0.9546009014117902,2,6,2,11.373076475026567
FOODS_3_190,61,16,0,15.846666423048962,0.0,0.0,1.0,0,4,0,11.73952356590611
FOODS_3_191,62,14,4,17.273691521703658,2.7263084782963425,0.04397271739187649,0.95602728260812351,1,5,1,8.942488253071382
FOODS_3_192,143,28,5,32.174190603726515,5.825809396273485,0.04073992584806633,0.95926007415193367,3,5,2,12.173962607808306
FOODS_3_201,103,24,1,24.832764659070474,3.167235340929526,0.030749857678927437,0.969250142321072563,2,5,1,11.077279403405441
FOODS_3_202,560,148,0,147.92036173120079,0.0,0.0,1.0,0,4,0,92.6703617312008
FOODS_3_203,81,23,0,22.788182577598484,3.2118174224015164,0.0396520669432286,0.9603479330567714,2,4,1,13.069318317428301
FOODS_3_206,67,7,14,20.75900212672476,3.2409978732752407,0.04837310258619762,0.95162689741380238,1,10,1,9.029679255018674
FOODS_3_208,56,14,1,14.627997489922379,1.3720025100776212,0.024500044822814666,0.975499955177185334,1,4,1,9.07314142281279
FOODS_3_212,50,10,6,15.066192414227944,1.9338075857720565,0.03867615171544113,0.96132384828455887,1,5,1,8.085612660191702
FOODS_3_214,58,19,2,20.431608331615887,2.5683916683841126,0.04428261497213987,0.95571738502786013,1,3,1,16.663916071060548
FOODS_3_215,71,16,7,22.26661329722846,2.73338670277154,0.03849840426438789,0.96150159573561211,1,5,1,13.771417135120386
FOODS_3_219,172,40,4,43.190885558147826,7.809114441852174,0.04540182815030334,0.95459817184969666,1,5,1,20.469475476745963
FOODS_3_226,238,42,13,54.70722462659818,7.292775373401817,0.03064191333362108,0.96935808666637892,1,6,1,20.901548134271042
FOODS_3_227,123,31,5,35.92271866831794,6.077281331682059,0.04940879131448828,0.95059120868551172,1,4,1,23.027267810467396
FOODS_3_228,173,47,0,46.19138720367972,0.8086127963202827,0.004674062406475623,0.995325937593524377,1,4,1,28.576725829359937
FOODS_3_230,103,30,0,29.592848451063222,0.0,0.0,1.0,0,4,0,19.91427702249179
FOODS_3_231,223,33,22,54.92978962857577,11.070210371424231,0.049642198974996554,0.950357801025003446,4,7,3,20.319530158165588
FOODS_3_232,82,16,2,17.58601891336736,3.4139810866326386,0.04163391569064193,0.95836608430935807,2,5,1,6.640360520244172
FOODS_3_233,481,174,0,173.78659367296763,0.0,0.0,1.0,0,3,0,129.28659367296765
FOODS_3_236,132,53,0,52.37151088722557,0.0,0.0,1.0,0,3,0,42.585796601511284
FOODS_3_238,133,33,0,32.679480091225074,5.320519908774926,0.04000390908853328,0.95999609091146672,1,4,1,17.35530578596255
FOODS_3_241,93,12,13,24.332036100432703,2.6679638995672974,0.028687783866315025,0.971312216133684975,3,8,2,8.99958303228194
FOODS_3_242,54,15,0,14.190424473012838,0.8095755269871621,0.01499213938865115,0.98500786061134885,1,4,1,8.040805244217037
FOODS_3_245,191,40,2,41.98120359789353,9.018796402106467,0.04721882933040035,0.95278117066959965,3,5,2,18.026987384736284
FOODS_3_249,85,22,2,23.39739550696872,3.6026044930312793,0.042383582270956226,0.957616417729043774,1,4,1,14.105282504977662
FOODS_3_252,1405,272,71,342.45635833336723,69.54364166663277,0.049497253855254636,0.950502746144745364,2,5,2,141.59779107143584
FOODS_3_253,57,14,2,15.195847771754526,2.8041522282454743,0.04919565312711358,0.95080434687288642,2,4,2,8.434824522518827
FOODS_3_257,64,20,0,19.805265801251725,0.0,0.0,1.0,0,4,0,13.948122944108865
FOODS_3_258,151,30,7,36.9395038222729,7.060496177727103,0.04675825283262982,0.95324174716737018,2,5,1,17.024911396834447
FOODS_3_259,124,41,0,40.600779431439264,0.0,0.0,1.0,0,4,0,28.88649371715355
FOODS_3_261,108,26,2,27.42906440111835,4.5709355988816505,0.042323477767422686,0.957676522232577314,1,4,1,16.84218885794168
FOODS_3_263,432,105,0,104.87715224328859,12.122847756711408,0.028062147584980112,0.971937852415019888,2,4,2,50.69796588806327
FOODS_3_265,101,25,2,26.002816753288137,4.997183246711863,0.049477061848632306,0.950522938151367694,2,4,2,14.85774644713317
FOODS_3_273,67,16,2,17.929087196886314,3.0709128031136856,0.045834519449457996,0.954165480550542004,2,4,2,10.020518685047067
FOODS_3_277,65,18,0,17.479199394620547,0.0,0.0,1.0,0,4,0,9.193485108906257
FOODS_3_279,52,29,0,28.417932541957505,0.0,0.0,1.0,0,2,0,31.310789684814644
FOODS_3_281,440,117,0,116.02204757569018,4.977952424309819,0.011313528237067771,0.988686471762932229,1,4,1,68.89758162336219
FOODS_3_282,745,312,0,311.4334172793756,0.0,0.0,1.0,0,3,0,268.82627442223253
FOODS_3_283,59,37,0,36.39034929562301,0.0,0.0,1.0,0,2,0,41.28320643848015
FOODS_3_285,114,33,2,34.0594597373456,4.940540262654402,0.043338072479424575,0.956661927520575425,1,4,1,25.086679774867658
FOODS_3_288,993,232,1,232.59026919457378,49.40973080542622,0.049758037064880384,0.950241962935119616,2,5,2,115.55505768455153
FOODS_3_291,69,17,1,17.5966139870459,3.403386012954101,0.049324434970349294,0.950675565029650706,2,4,2,8.270702997224122
FOODS_3_292,177,37,4,40.77853381821496,8.22146618178504,0.04644896147901152,0.95355103852098848,2,5,2,21.1471764155998
FOODS_3_294,101,16,6,21.27174503930467,4.728254960695331,0.04681440555143892,0.95318559444856108,2,7,1,8.441383042732976
FOODS_3_295,380,112,0,111.62403166918466,3.37596833081534,0.008884127186356158,0.991115872813643842,1,4,1,71.3834444060209
FOODS_3_299,256,55,4,58.4267909442159,10.573209055784098,0.04130159787415663,0.95869840212584337,1,5,1,26.698598059474836
FOODS_3_300,84,27,0,26.933230097980164,0.0,0.0,1.0,0,4,0,21.433230097980175
FOODS_3_302,149,35,1,35.361850243869384,2.638149756130616,0.017705703061279304,0.982294296938720696,2,5,2,15.73943047036793
FOODS_3_304,121,24,7,30.70350323052113,5.296496769478871,0.04377270057420555,0.95622729942579445,4,5,3,13.257893549397384
FOODS_3_305,115,34,0,33.248798941181484,0.7512010588185163,0.006532183120161011,0.993467816879838989,1,4,1,21.660456915967462
FOODS_3_307,265,69,0,68.99991585198376,0.0,0.0,1.0,0,4,0,41.142772994840925
FOODS_3_310,61,17,1,17.321433788443034,2.6785662115569657,0.04391092150093386,0.95608907849906614,1,4,1,12.247450097523508
FOODS_3_311,53,12,2,13.432720686216193,2.567279313783807,0.04843923233554353,0.95156076766445647,2,5,1,7.3650604656467
FOODS_3_313,316,90,0,89.71366762890112,0.0,0.0,1.0,0,4,0,60.74938191461538
FOODS_3_317,76,21,0,20.901239146010457,0.0987608539895426,0.0012994849209150342,0.9987005150790849658,1,4,1,13.839949542505602
FOODS_3_318,566,157,0,156.91506348265423,2.084936517345767,0.00368363342287238,0.99631636657712762,1,4,1,92.5973554371362
FOODS_3_321,133,33,1,33.62465190654176,3.3753480934582427,0.025378557093670998,0.974621442906329002,2,4,2,19.67837251802387
FOODS_3_322,118,38,2,39.383400906373275,5.616599093626725,0.04759829740361631,0.95240170259638369,2,3,1,29.342886102731402
FOODS_3_324,246,12,62,73.17064104173905,9.829358958260954,0.039956743732768106,0.960043256267231894,1,17,1,27.626277477701837
FOODS_3_326,62,16,1,16.10860959815261,0.8913904018473886,0.014377264545925623,0.985622735454074377,1,4,1,8.978193255691338
FOODS_3_327,70,15,2,16.17120036377866,1.8287996362213406,0.026125709088876292,0.973874290911123708,1,5,1,8.352000064960475
FOODS_3_329,612,180,0,179.39016505130303,2.609834948696971,0.004264436190681325,0.995735563809318675,1,4,1,101.61932108242208
FOODS_3_330,74,19,9,27.25975840933955,2.740241590660446,0.037030291765681705,0.962969708234318295,1,4,1,20.884061380101027
FOODS_3_331,49,12,2,13.749313462039089,2.2506865379609096,0.045932378325732846,0.954067621674267154,2,4,1,9.446085302448113
FOODS_3_332,62,19,0,18.289347359730712,0.0,0.0,1.0,0,4,0,12.289347359730703
FOODS_3_333,56,23,0,22.458008904523123,1.5419910954768774,0.02753555527637281,0.97246444472362719,1,3,1,18.20528762239781
FOODS_3_335,54,14,3,16.233566409105084,1.7664335908949163,0.032711733164720674,0.967288266835279326,1,4,1,9.46923075001114
FOODS_3_336,58,8,14,21.423906023512465,2.5760939764875346,0.04441541338771611,0.95558458661228389,2,5,1,11.894793373097746
FOODS_3_339,185,41,1,41.53218173883966,7.467818261160339,0.04036658519546129,0.95963341480453871,2,5,2,19.221181801179927
FOODS_3_342,165,56,0,55.30518246649809,0.0,0.0,1.0,0,3,0,40.30518246649808
FOODS_3_344,80,17,9,25.681518225359213,3.3184817746407873,0.04148102218300984,0.95851897781699016,1,5,1,14.60213346177392
FOODS_3_346,72,16,1,16.326895130535775,2.6731048694642254,0.037126456520336464,0.962873543479663536,2,5,2,6.498620385114809
FOODS_3_347,53,15,0,14.67849201573124,0.0,0.0,1.0,0,4,0,10.642777730016961
FOODS_3_348,242,75,0,74.71421000259055,0.0,0.0,1.0,0,4,0,53.42849571687627
FOODS_3_349,268,75,0,74.56887144266946,0.0,0.0,1.0,0,4,0,45.9260142998123
FOODS_3_351,178,56,0,55.191131041105365,6.808868958894635,0.03825207280277885,0.96174792719722115,1,4,1,36.445882269084635
FOODS_3_354,52,20,0,19.223997598672142,0.0,0.0,1.0,0,3,0,15.366854741529295
FOODS_3_355,89,23,1,23.312264167722702,0.0,0.0,1.0,0,4,0,12.13369273915127
FOODS_3_356,73,15,4,18.942526249045535,3.0574737509544647,0.04188320206786938,0.95811679793213062,1,5,1,11.032428526138037
FOODS_3_361,59,14,3,16.376494262003227,2.623505737996773,0.04446619894909784,0.95553380105090216,2,5,2,9.259248770429263
FOODS_3_362,313,232,0,231.8564695915059,0.0,0.0,1.0,0,2,0,272.28504102007724
FOODS_3_363,182,38,13,50.71611492928686,8.28388507071314,0.045515852036885386,0.954484147963114614,1,5,1,23.796310341990043
FOODS_3_367,124,28,7,34.71137215225369,5.288627847746312,0.042650224578599294,0.957349775421400706,2,5,1,20.374845569949866
FOODS_3_369,123,25,6,30.64008649312461,1.3599135068753903,0.011056207372970653,0.988943792627029347,2,5,2,13.994304248526703
FOODS_3_370,272,56,3,58.94205023977087,11.057949760229128,0.04065422705966591,0.95934577294033409,2,5,2,23.95186790852233
FOODS_3_372,164,52,0,51.40904969689309,0.0,0.0,1.0,0,4,0,36.48047826832168
FOODS_3_376,112,45,0,44.21188514097713,0.0,0.0,1.0,0,3,0,39.92617085526281
FOODS_3_377,327,73,1,73.55463351838488,12.445366481615125,0.03805922471441934,0.96194077528558066,3,5,3,32.36885003965391
FOODS_3_378,53,13,1,13.654358623769427,2.3456413762305726,0.04425738445718062,0.95574261554281938,2,4,1,8.509706897101683
FOODS_3_381,104,6,24,29.290247284841964,4.709752715158036,0.0452860837995965,0.9547139162004035,2,16,2,9.70270312683447
FOODS_3_382,50,72,0,71.63758666869452,0.0,0.0,1.0,0,1,0,94.63758666869448
FOODS_3_385,74,15,3,17.305873779151877,3.6941262208481227,0.04992062460605571,0.95007937539394429,4,5,2,8.447477460562835
FOODS_3_386,67,24,0,23.511322170487148,0.0,0.0,1.0,0,3,0,19.11846502762999
FOODS_3_389,503,115,11,125.18609542496905,24.813904575030946,0.049331818240618185,0.950668181759381815,2,5,2,62.50416330535051
FOODS_3_393,242,49,11,59.3616972847917,11.638302715208297,0.04809215998019958,0.95190784001980042,1,5,1,30.716562928110143
FOODS_3_398,57,14,3,16.27950008468265,2.720499915317351,0.04772806868977809,0.95227193131022191,1,4,1,10.202750018146281
FOODS_3_399,174,31,15,45.44673508837153,8.553264911628467,0.04915669489441648,0.95084330510558352,1,6,1,27.952871804651043
FOODS_3_403,337,100,0,99.91746807867503,0.0,0.0,1.0,0,4,0,67.13175379296074
FOODS_3_406,364,96,0,95.32241887584341,0.0,0.0,1.0,0,4,0,51.75099030441481
FOODS_3_407,96,26,0,25.944363423086727,0.055636576913272506,0.000579547676179922,0.999420452323820078,1,4,1,15.599142689568136
FOODS_3_412,161,50,0,49.73443564103039,0.0,0.0,1.0,0,4,0,35.87729278388751
FOODS_3_413,153,45,0,44.0989992607927,0.0,0.0,1.0,0,4,0,27.491856403649837
FOODS_3_418,65,19,0,18.008564984518813,2.991435015481187,0.04602207716124903,0.95397792283875097,1,4,1,12.111119457098019
FOODS_3_422,68,17,7,23.282110012359826,2.7178899876401736,0.03996897040647314,0.96003102959352686,1,4,1,14.793987506621335
FOODS_3_423,89,20,1,20.81135417422753,4.188645825772468,0.04706343624463447,0.95293656375536553,2,5,2,9.888147323048758
FOODS_3_431,71,23,0,22.869850531538034,0.0,0.0,1.0,0,4,0,14.655564817252312
FOODS_3_433,78,19,1,19.568492423952026,2.4315075760479736,0.0311731740518971,0.9688268259481029,2,4,2,10.105674783404583
FOODS_3_435,118,26,2,27.893279126274617,5.106720873725383,0.04327729554004562,0.95672270445995438,2,5,2,13.629022451484644
FOODS_3_436,122,21,16,36.37224253275302,5.62775746724698,0.046129159567598194,0.953870840432401806,2,6,1,20.209329023705898
FOODS_3_438,76,18,1,18.99944334649016,3.0005566535098396,0.03948100859881368,0.96051899140118632,1,5,1,10.642598696584715
FOODS_3_439,92,29,0,28.15465001816713,3.845349981832868,0.04179728241122683,0.95820271758877317,2,4,1,19.093894653887183
FOODS_3_440,54,13,3,15.068419545300175,1.9315804546998265,0.03577000842036716,0.96422999157963284,1,5,1,10.034209772650087
FOODS_3_444,281,5,96,100.47691852613366,10.523081473866341,0.0374486885190973,0.9625513114809027,3,20,3,49.199447623943065
FOODS_3_446,149,37,2,38.05877511036153,6.94122488963847,0.046585401943882346,0.953414598056117654,3,4,2,22.745772380550818
FOODS_3_448,115,7,24,30.175388831314194,2.8246111686858058,0.02456183624944179,0.97543816375055821,2,16,1,7.5920892672081335
FOODS_3_449,194,71,0,70.18500661601935,0.0,0.0,1.0,0,3,0,56.39929233030506
FOODS_3_450,52,13,1,13.077781419063593,1.9222185809364074,0.036965741941084755,0.963034258058915245,2,4,1,7.156746681975641
FOODS_3_454,168,38,16,53.936949567085406,8.063050432914594,0.04799434781496782,0.95200565218503218,2,5,1,34.00869267160804
FOODS_3_455,265,45,15,59.12629045774546,12.873709542254538,0.04858003600850769,0.95141996399149231,2,6,1,23.773289271880532
FOODS_3_458,471,118,0,117.58454434358823,0.0,0.0,1.0,0,4,0,63.79883005787398
FOODS_3_459,84,21,1,21.660317037545465,3.3396829624545354,0.03975813050541114,0.96024186949458886,1,4,1,12.911677672357147
FOODS_3_462,162,53,0,52.33443513992239,0.0,0.0,1.0,0,4,0,38.12014942563665
FOODS_3_468,132,29,3,31.089148177734128,5.910851822265872,0.04477918047171115,0.95522081952828885,2,5,1,15.58416402539059
FOODS_3_469,176,43,1,43.789192045567006,3.210807954432994,0.018243227013823828,0.981756772986176172,1,5,1,21.597684009764357
FOODS_3_473,174,38,2,39.3921794434383,6.607820556561698,0.0379759802101247,0.9620240197898753,2,5,2,17.548324166451064
FOODS_3_474,98,56,0,55.61825527379333,0.0,0.0,1.0,0,2,0,61.58254098807902
FOODS_3_475,54,15,0,14.418957017504106,2.5810429824958945,0.04779709226844249,0.95220290773155751,2,4,2,8.375490789465164
FOODS_3_476,73,26,0,25.600589441745843,1.3994105582541572,0.01917000764731722,0.98082999235268278,1,3,1,17.800294720872923
FOODS_3_477,120,31,3,33.71641657155212,5.2835834284478835,0.04402986190373236,0.95597013809626764,2,4,1,18.592217244920022
FOODS_3_479,62,15,5,19.578916021331622,2.4210839786683778,0.03904974159142545,0.96095025840857455,2,4,1,12.872160299427472
FOODS_3_481,66,22,0,21.159417795931986,0.8405822040680135,0.012736094001030509,0.987263905998969491,1,3,1,14.472566040823136
FOODS_3_482,86,20,1,20.828487387067902,3.171512612932098,0.03687805363874532,0.96312194636125468,3,5,2,9.969372747690697
FOODS_3_485,64,21,0,20.4084705068595,0.0,0.0,1.0,0,4,0,15.694184792573777
FOODS_3_487,92,21,4,24.392945641306266,3.607054358693734,0.03920711259449711,0.96079288740550289,1,5,1,13.70924688664733
FOODS_3_489,74,19,1,19.645420624462098,3.3545793755379023,0.04533215372348517,0.95466784627651483,1,4,1,12.399973347791647
FOODS_3_491,265,72,0,71.47355940631444,10.526440593685564,0.0397224173346625,0.9602775826653375,2,4,1,42.01313560827043
FOODS_3_498,287,65,19,83.25731387560889,13.742686124391113,0.04788392377836625,0.95211607622163375,1,5,1,51.735799794947305
FOODS_3_499,502,181,0,180.93213063961235,0.0,0.0,1.0,0,3,0,143.89641635389802
FOODS_3_501,429,115,0,114.06459486772145,1.9354051322785608,0.0045114338747752,0.9954885661252248,1,4,1,68.42515457671786
FOODS_3_503,176,62,0,61.807182531115004,0.0,0.0,1.0,0,3,0,47.91432538825785
FOODS_3_504,65,16,1,16.79205754042553,3.2079424595744683,0.049352960916530283,0.950647039083469717,3,4,3,8.812583758662614
FOODS_3_505,108,29,1,29.175864493354172,1.8241355066458276,0.01689014358005396,0.98310985641994604,2,4,2,16.82339953429018
FOODS_3_508,54,14,0,13.776709676674567,1.2232903233254326,0.02265352450602653,0.97734647549397347,2,4,1,9.94001843286053
FOODS_3_509,54,17,0,16.416093950629687,0.0,0.0,1.0,0,4,0,11.451808236343977
FOODS_3_511,290,68,1,68.67647634016551,4.323523659834493,0.014908702275291353,0.985091297724708647,1,5,1,37.41176881440394
FOODS_3_513,84,16,6,21.705366029949914,3.2946339700500857,0.03922183297678673,0.96077816702321327,1,6,1,9.722578434989268
FOODS_3_514,124,22,17,38.05888040050951,2.9411195994904915,0.023718706447503964,0.976281293552496036,1,6,1,19.941188657252038
FOODS_3_515,103,27,1,27.008692828195898,4.991307171804102,0.04845929293013692,0.95154070706986308,1,4,1,17.969873960983072
FOODS_3_516,292,80,0,79.77519602904461,1.2248039709553922,0.004194534147107507,0.995805465852892493,1,4,1,50.316169443093735
FOODS_3_519,97,27,6,32.06004729143193,3.9399527085680717,0.04061806916049558,0.95938193083950442,1,4,1,23.69143870530684
FOODS_3_523,56,18,0,17.323049706261425,0.6769502937385745,0.012088398102474545,0.987911601897525455,1,4,1,11.104939222770307
FOODS_3_530,88,16,9,24.786242555199706,3.2137574448002937,0.0365199709636397,0.9634800290363603,1,6,1,11.13276626182851
FOODS_3_532,54,23,0,22.397044971309356,0.0,0.0,1.0,0,3,0,19.36133068559507
FOODS_3_534,156,27,11,37.68485955797996,7.315140442020038,0.04689192591038486,0.95310807408961514,2,6,2,14.968184190995705
FOODS_3_535,60,15,1,15.716110111394883,2.283889888605117,0.03806483147675195,0.96193516852324805,2,4,1,9.163591091320514
FOODS_3_537,55,14,1,14.77316520636578,2.22683479363422,0.040487905338803996,0.959512094661196004,2,4,2,8.237106829935524
FOODS_3_540,210,55,0,54.18081395472801,4.819186045271991,0.02294850497748567,0.97705149502251433,2,4,1,31.06418189461744
FOODS_3_546,59,27,0,26.90520854851192,0.0,0.0,1.0,0,3,0,23.548065691369082
FOODS_3_547,195,54,17,70.12278567182653,8.877214328173466,0.04552417604191521,0.95447582395808479,2,4,1,48.41478315568331
FOODS_3_551,85,15,6,20.706194061541144,2.2938059384588563,0.026985952217163014,0.973014047782836986,2,6,2,8.082110892309224
FOODS_3_555,907,199,4,202.81191470894004,41.18808529105996,0.04541133990194042,0.95458866009805958,2,5,2,99.24541029477288
FOODS_3_557,90,13,13,25.938504086861602,4.061495913138398,0.045127732368204415,0.954872267631795585,3,7,2,13.630253211105543
FOODS_3_560,68,21,0,20.9507608445208,0.0,0.0,1.0,0,4,0,13.9507608445208
FOODS_3_561,97,35,0,34.87199980177799,0.0,0.0,1.0,0,3,0,28.80057123034941
FOODS_3_562,114,31,0,30.424408236152978,2.5755917638470223,0.022592910209184407,0.977407089790815593,2,4,1,17.06830617711474
FOODS_3_565,107,24,10,33.35956393670222,4.640436063297777,0.04336856133923156,0.95663143866076844,2,5,1,20.055387238240947
FOODS_3_566,172,49,0,48.421522432439545,3.578477567560455,0.02080510213697939,0.97919489786302061,1,4,1,28.376040521237048
FOODS_3_568,127,32,0,31.256671209696908,0.7433287903030923,0.005852982600811751,0.994147017399188249,1,4,1,16.30500097350648
FOODS_3_570,234,42,12,53.984868809123995,4.015131190876005,0.01715868030288891,0.98284131969711109,2,6,2,19.53247188766943
FOODS_3_572,344,85,0,84.02029211091184,4.979707889088161,0.014475895026419073,0.985524104973580927,1,4,1,35.19813882123644
FOODS_3_573,127,39,0,38.89308378402551,6.106916215974493,0.048085954456492074,0.951914045543507926,1,4,1,28.619946525148322
FOODS_3_574,77,35,0,34.721832310077374,0.0,0.0,1.0,0,3,0,30.328975167220243
FOODS_3_577,57,13,4,16.299790781348307,2.7002092186516933,0.047372091555292865,0.952627908444707135,1,5,1,9.549865502295338
FOODS_3_578,173,7,36,42.40420558313936,4.595794416860642,0.026565285646593304,0.973434714353406696,3,21,2,9.358644851121198
FOODS_3_580,223,48,24,71.21435354388328,10.785646456116723,0.048366127605904585,0.951633872394095415,1,5,1,45.33168110277375
FOODS_3_581,55,14,5,18.185116444262103,1.8148835557378966,0.03299788283159812,0.96700211716840188,1,4,1,12.461627936475375
FOODS_3_582,65,10,11,20.12377513370776,2.8762248662922403,0.04424961332757293,0.95575038667242707,2,7,1,10.383316138282453
FOODS_3_583,116,29,4,32.144098205810366,3.8559017941896343,0.03324053270853133,0.96675946729146867,1,4,1,20.50093079721491
FOODS_3_584,64,13,14,26.951654563944533,3.0483454360554667,0.04763039743836667,0.95236960256163333,2,4,1,19.050709098833376
FOODS_3_585,60,13,3,15.49925987247312,2.50074012752688,0.041679002125448,0.958320997874552,1,5,1,8.713968516774193
FOODS_3_586,1883,474,0,473.8546930978276,20.145306902172422,0.010698516676671493,0.989301483323328507,1,4,1,242.2902913781059
FOODS_3_587,876,217,0,216.08747777499522,15.912522225004778,0.018164979708909564,0.981835020291090436,1,4,1,103.0267698392823
FOODS_3_588,53,15,0,14.34126288207929,0.6587371179207082,0.012429002224919022,0.987570997775080978,1,4,1,9.742060012468217
FOODS_3_590,89,18,2,19.021721489071403,2.9782785109285967,0.03346380349357974,0.96653619650642026,2,5,2,8.013963814403047
FOODS_3_592,81,29,0,28.047011856060735,0.0,0.0,1.0,0,3,0,23.83272614177503
FOODS_3_598,150,37,8,44.23278097347978,6.767219026520223,0.045114793510134824,0.954885206489865176,2,4,2,27.97845306574567
FOODS_3_599,125,22,10,31.911583644325287,6.088416355674713,0.0487073308453977,0.9512926691546023,1,6,1,14.481053638069705
FOODS_3_603,87,29,0,28.736737569287843,2.2632624307121567,0.026014510697840883,0.973985489302159117,1,3,1,22.02062815716935
FOODS_3_604,72,16,1,16.758322984158262,0.24167701584173784,0.0033566252200241367,0.9966433747799758633,1,5,1,8.965474712022608
FOODS_3_607,414,94,1,94.16420794963618,15.835792050363821,0.038250705435661406,0.961749294564338594,3,5,3,45.97496111767524
FOODS_3_609,106,21,4,24.769606760312254,5.230393239687746,0.0493433324498844,0.9506566675501156,3,5,1,11.967086680044607
FOODS_3_610,67,16,0,15.910070835714105,3.089929164285895,0.04611834573561037,0.95388165426438963,1,4,1,8.270425448724312
FOODS_3_617,107,25,3,27.646113400930787,4.353886599069213,0.040690528963263674,0.959309471036736326,2,5,2,13.531310014485168
FOODS_3_618,58,29,0,28.197528636574166,0.0,0.0,1.0,0,3,0,26.41181435085986
FOODS_3_621,52,20,0,19.17299581946776,0.0,0.0,1.0,0,3,0,15.315852962324902
FOODS_3_628,133,30,3,32.983849570488545,0.0,0.0,1.0,0,5,0,17.19813528477425
FOODS_3_632,84,22,2,23.155657809938358,3.844342190061642,0.04576597845311479,0.95423402154688521,2,4,1,14.754041292813113
FOODS_3_634,113,29,0,28.3425715152256,0.6574284847743996,0.005817951192693802,0.994182048807306198,1,4,1,13.894836753262629
FOODS_3_636,166,38,3,40.47542631114515,5.524573688854851,0.03328056439069187,0.96671943560930813,2,5,1,19.951998869858294
FOODS_3_638,127,33,0,32.08023788450238,0.919762115497619,0.007242221381871016,0.992757778618128984,1,4,1,17.21582473209039
FOODS_3_639,63,16,2,17.035489866524934,2.9645101334750663,0.047055716404366135,0.952944283595633865,1,4,1,10.914404561818708
FOODS_3_646,72,16,7,22.325664890277018,2.674335109722982,0.03714354319059697,0.96285645680940303,1,5,1,12.970986889830831
FOODS_3_648,50,16,0,15.711010716591694,0.28898928340830565,0.005779785668166113,0.994220214331833887,1,4,1,9.69757602139644
FOODS_3_651,75,33,0,32.56841000899888,0.0,0.0,1.0,0,3,0,29.604124294713152
FOODS_3_652,153,38,8,45.095834936583515,6.904165063416485,0.04512526185239533,0.95487473814760467,1,4,1,26.115923363413774
FOODS_3_653,57,15,3,17.29322374825879,2.7067762517412106,0.0474873026621265,0.9525126973378735,1,4,1,9.741405088912598
FOODS_3_654,173,56,0,55.44206181153678,0.0,0.0,1.0,0,4,0,43.44206181153677
FOODS_3_655,60,13,6,18.529835490519233,2.4701645094807674,0.04116940849134612,0.95883059150865388,2,5,1,10.080210259392178
FOODS_3_661,203,49,1,49.698106766319334,6.301893233680666,0.031043809032909684,0.968956190967090316,1,5,1,24.578165735639857
FOODS_3_664,286,13,90,102.83837098498336,14.161629015016644,0.04951618536719106,0.95048381463280894,2,18,2,46.337291488201224
FOODS_3_665,68,17,0,16.65996734003276,1.340032659967239,0.019706362646577043,0.980293637353422957,2,4,1,7.961414574299757
FOODS_3_666,54,7,8,14.971586082747407,0.02841391725259257,0.0005261836528257883,0.9994738163471742117,1,8,1,5.640827577339101
FOODS_3_668,209,46,1,46.72918239774572,6.270817602254283,0.03000391197250853,0.96999608802749147,2,5,2,18.549110513802653
FOODS_3_669,69,14,7,20.957529092512253,3.042470907487747,0.044093781267938364,0.955906218732061636,2,5,2,11.728764546256128
FOODS_3_672,57,20,2,21.37916285366063,2.620837146339369,0.04597959905858542,0.95402040094141458,2,3,1,18.815176120210413
FOODS_3_674,50,24,0,23.442839077411936,0.0,0.0,1.0,0,3,0,24.54998193455478
FOODS_3_675,79,15,7,21.04796516547492,2.9520348345250795,0.03736752955095037,0.96263247044904963,1,6,1,10.433970141835646
FOODS_3_679,52,18,0,17.335611898627427,0.0,0.0,1.0,0,3,0,13.58561189862742
FOODS_3_681,1253,230,193,422.7964730863048,62.203526913695214,0.04964367670685971,0.95035632329314029,1,6,1,259.0610107229974
FOODS_3_682,293,66,1,66.98674660873547,8.013253391264527,0.02734898768349668,0.97265101231650332,2,5,2,29.6009894969129
FOODS_3_683,126,38,0,37.74229656190384,0.0,0.0,1.0,0,4,0,25.170867990475266
FOODS_3_688,119,41,0,40.37195759694735,0.0,0.0,1.0,0,3,0,32.729100454090215
FOODS_3_689,90,48,0,47.828971378694135,0.0,0.0,1.0,0,2,0,51.900399950122726
FOODS_3_692,113,31,10,40.409380313554365,5.590619686445635,0.04947451049951889,0.95052548950048111,1,4,1,26.755025167975557
FOODS_3_694,506,124,0,123.81526337817552,15.184736621824484,0.030009360912696608,0.969990639087303392,3,4,3,55.35327072389475
FOODS_3_695,261,60,1,60.32496288481107,6.675037115188928,0.025574854847467157,0.974425145152532843,2,5,2,28.605349189602375
FOODS_3_697,364,77,7,83.93913894260321,14.060861057396792,0.03862873916867251,0.96137126083132749,1,5,1,36.98695834484355
FOODS_3_700,97,17,7,23.198079742261843,2.801920257738157,0.02888577585297069,0.97111422414702931,1,6,1,8.856114147640271
FOODS_3_702,696,45,122,166.30225222351675,26.697747776483254,0.038358833012188585,0.961641166987811415,1,15,1,38.444305000832166
FOODS_3_704,92,20,14,33.59960912720469,4.400390872795313,0.0478303355738621,0.9521696644261379,1,5,1,21.271344812972433
FOODS_3_706,87,19,3,21.93696254989606,4.063037450103941,0.0467015798862522,0.9532984201137478,2,5,2,10.740687535640046
FOODS_3_711,302,75,21,95.42380641146235,14.576193588537649,0.0482655416838995,0.9517344583161005,3,4,2,57.55510137388479
FOODS_3_712,66,16,1,16.61930687503904,1.3806931249609598,0.020919592802438783,0.979080407197561217,2,5,1,9.957584843765337
FOODS_3_714,870,204,14,217.84783365200047,43.152166347999525,0.049600191204597154,0.950399808795402846,1,5,1,117.46739292542868
FOODS_3_723,688,173,3,175.3098028758757,33.690197124124296,0.048968309773436476,0.951031690226563524,3,4,2,101.95924347340193
FOODS_3_725,122,40,0,39.071136174369876,0.0,0.0,1.0,0,4,0,27.463993317226997
FOODS_3_727,110,19,6,24.638339227090935,4.361660772909065,0.039651461571900595,0.960348538428099405,2,6,2,8.922501262948058
FOODS_3_731,104,26,1,26.48205851149013,4.517941488509869,0.04344174508182567,0.95655825491817433,1,4,1,17.383886398602208
FOODS_3_732,51,6,14,19.29870089361337,1.7012991063866316,0.03335880600758101,0.96664119399241899,1,9,1,12.08812579786908
FOODS_3_734,207,43,7,49.67568746301325,9.324312536986753,0.045044988101385276,0.954955011898614724,3,5,3,20.8947901706457
FOODS_3_735,76,16,6,21.917699054432234,3.0823009455677663,0.04055659138904956,0.95944340861095044,1,5,1,10.803792654521192
FOODS_3_738,111,27,10,36.45754578915688,5.542454210843118,0.04993201991750557,0.95006798008249443,3,4,1,23.38679225559384
FOODS_3_739,559,174,0,173.05885638445628,0.0,0.0,1.0,0,4,0,114.34457067017055
FOODS_3_741,157,84,0,83.91089568385362,0.0,0.0,1.0,0,2,0,80.41089568385361
FOODS_3_744,385,85,18,102.42284727255489,18.57715272744511,0.04825234474661068,0.95174765525338932,2,5,2,50.41203870126176
FOODS_3_746,135,93,0,92.70282660190591,0.0,0.0,1.0,0,2,0,98.45282660190594
FOODS_3_747,143,29,9,37.636038928165334,6.363961071834666,0.044503224278564096,0.955496775721435904,2,5,1,17.44144247434476
FOODS_3_750,105,21,5,25.806859099761866,3.1931409002381343,0.03041086571655366,0.96958913428344634,2,5,2,12.815755521377541
FOODS_3_752,286,98,0,97.38402968904239,0.0,0.0,1.0,0,3,0,75.74117254618523
FOODS_3_753,123,26,5,30.07895771114256,5.921042288857436,0.048138555193962894,0.951861444806037106,3,5,3,14.396621712714136
FOODS_3_755,161,42,2,43.78885964988452,7.211140350115478,0.044789691615624086,0.955210308384375914,1,4,1,25.70632832134608
FOODS_3_756,402,89,10,98.44374294174841,19.55625705825159,0.048647405617541266,0.951352594382458734,2,5,2,48.70981638696314
FOODS_3_757,295,45,26,70.67931967173678,14.320680328263222,0.04854467907885838,0.95145532092114162,3,7,2,25.531039812421017
FOODS_3_760,205,90,0,89.35233933881211,0.0,0.0,1.0,0,3,0,81.0309107673835
FOODS_3_764,436,96,17,112.13973386058143,20.86026613941857,0.04784464710875819,0.95215535289124181,2,5,2,56.86057171102575
FOODS_3_768,125,30,0,29.77836363073998,5.221636369260018,0.04177309095408015,0.95822690904591985,1,4,1,15.179136358213558
FOODS_3_769,127,34,1,34.04805742488534,2.951942575114657,0.02324364232373746,0.97675635767626254,1,4,1,20.91860219190286
FOODS_3_772,282,45,36,80.0476487031778,13.9523512968222,0.0494764230383766,0.9505235769616234,2,6,1,37.392879384526225
FOODS_3_780,65,13,1,13.467785771245765,2.532214228754235,0.03895714198083438,0.96104285801916562,2,5,1,5.812824026380446
FOODS_3_782,188,36,12,47.95025124535927,9.049748754640731,0.04813696146085496,0.95186303853914504,1,5,1,22.941188078202515
FOODS_3_783,101,22,8,29.122836474081094,4.877163525918903,0.04828874778137527,0.95171125221862473,2,5,1,17.570192270903487
FOODS_3_785,608,15,131,145.83146526326436,30.168534736735637,0.049619300553841506,0.950380699446158494,3,25,3,24.321028270699507
FOODS_3_787,53,14,2,15.42015678479037,2.5798432152096282,0.04867628707942695,0.95132371292057305,1,4,1,9.452271644649235
FOODS_3_788,77,21,6,26.842032068601547,3.1579679313984528,0.04101257053764224,0.95898742946235776,1,4,1,18.03757830041462
FOODS_3_789,361,83,1,83.96628439019767,6.033715609802329,0.01671389365596213,0.98328610634403787,2,5,2,38.24277522647093
FOODS_3_792,82,22,2,23.386961725611894,3.6130382743881064,0.044061442370586665,0.955938557629413335,2,4,1,14.854814593859269
FOODS_3_793,101,27,0,26.125973980323597,1.8740260196764034,0.018554713066103002,0.981445286933896998,1,4,1,14.705565852926485
FOODS_3_795,119,32,0,31.904205809799592,0.09579419020040802,0.000804993194961412,0.999195006805038588,1,4,1,17.550901244957057
FOODS_3_797,90,25,4,28.52665137236883,4.473348627631172,0.04970387364034635,0.95029612635965365,1,4,1,19.112853865507606
FOODS_3_800,75,20,0,19.868863762819476,1.1311362371805238,0.015081816495740318,0.984918183504259682,1,4,1,12.504107242215307
FOODS_3_801,109,24,3,26.313326043742542,4.686673956257458,0.0429970087730042,0.9570029912269958,1,5,1,11.609758520309034
FOODS_3_803,81,23,0,22.191003157848513,3.808996842151487,0.04702465237224058,0.95297534762775942,1,4,1,15.933786390967539
FOODS_3_804,397,79,2,80.04610244983687,15.953897550163134,0.04018613992484417,0.95981386007515583,3,5,3,37.00987909639361
FOODS_3_807,52,37,0,36.84449322629612,0.0,0.0,1.0,0,2,0,48.05877894058185
FOODS_3_809,107,23,19,41.32753506803584,4.672464931964157,0.043667896560412686,0.956332103439587314,1,5,1,26.77091039116078
FOODS_3_811,402,90,8,97.07653362169629,19.923466378303715,0.04956086163757143,0.95043913836242857,2,5,2,56.008019212397876
FOODS_3_812,96,21,1,21.531348405416196,4.468651594583804,0.04654845411024796,0.95345154588975204,3,5,1,11.4687640579166
FOODS_3_813,75,17,4,20.94736677312547,3.05263322687453,0.040701776358327064,0.959298223641672936,1,5,1,11.024435737098315
FOODS_3_814,98,17,8,24.397265015703596,4.602734984296404,0.046966683513228615,0.953033316486771385,2,6,1,11.249511609947072
FOODS_3_815,74,7,22,28.184192331942594,2.8158076680574062,0.03805145497374873,0.96194854502625127,2,6,1,15.1560137379959
FOODS_3_816,128,52,0,51.399698470506806,0.0,0.0,1.0,0,3,0,44.863984184792514
FOODS_3_818,55,28,2,29.923206593185334,2.076793406814666,0.037759880123903015,0.962240119876096985,3,2,1,31.16760094188362
FOODS_3_819,49,10,8,17.478070936788484,1.521929063211516,0.03105977680023502,0.96894022319976498,1,5,1,10.56203040148078
FOODS_3_820,62,13,3,15.681313019973347,1.318686980026655,0.021269144839139595,0.978730855160860405,2,5,2,7.2806096164161955
FOODS_3_822,142,29,16,44.53461709110034,6.465382908899663,0.045530865555631427,0.954469134444368573,1,5,1,25.328846519521502
FOODS_3_823,74,12,9,20.01841785648684,2.9815821435131618,0.0402916505880157,0.9597083494119843,1,6,1,8.78966096924718
FOODS_3_825,50,16,0,15.60116940459421,0.3988305954057907,0.007976611908115813,0.992023388091884187,1,4,1,11.636257223561596
FOODS_3_827,131,40,0,39.2223456564088,0.0,0.0,1.0,0,4,0,24.2223456564088
