zip_prefix,lat,lng,n_points,n_points_outside,lat_min,lat_max,lng_min,lng_max
57319,-0.48350469590587863,-28.424444123004108,3,1,-23.258223635207305,45.06593318269697,-47.307429999459416,9.341527629906514
58441,5.0135194807895935,-29.384845587162516,4,1,-7.2761268608431715,41.38532754845633,-36.91605633354024,-8.717341701284429
68447,7.271649375032848,-40.31588401638651,5,1,-1.5308028875677815,42.42888405758768,-48.70150982365019,-6.873343870596927
68379,9.049062717536653,-25.170903455030523,2,1,-20.615002173707744,38.71312760878105,-41.20606551884209,-9.135741391218955
46560,13.001420173555276,-23.583939075194323,2,1,-12.989122251279436,38.99196259838999,-42.220054861739555,-4.947823288649088
95130,14.585072541779617,121.10539381057764,1,1,14.585072541779617,14.585072541779617,121.10539381057764,121.10539381057764
68275,22.56795175383837,-27.69808676596982,9,5,-1.7435145577578588,42.16725082536653,-56.37801754319601,-6.898530628106095
18243,28.008978338034268,-15.536867177679131,1,1,28.008978338034268,28.008978338034268,-15.536867177679131,-15.536867177679131
78131,38.81681628638297,-9.394624510957431,1,1,38.81681628638297,38.81681628638297,-9.394624510957431,-9.394624510957431
83252,42.18400274298598,-8.723762147513938,2,2,42.18400274298598,42.18400274298598,-8.723762147513938,-8.723762147513938
