distribution,p,rank_quantile_km,n
delivered_item_distance,0.0,0.0,109651
delivered_item_distance,0.01,5.694292784455241,109651
delivered_item_distance,0.05,16.35055600434352,109651
delivered_item_distance,0.1,34.148469535882,109651
delivered_item_distance,0.25,185.22933496298916,109651
delivered_item_distance,0.5,431.9400124263011,109651
delivered_item_distance,0.75,791.6442716768596,109651
delivered_item_distance,0.9,1446.2773069446068,109651
delivered_item_distance,0.95,2085.9890019044415,109651
delivered_item_distance,0.99,2479.1694887309777,109651
delivered_item_distance,1.0,8677.911621858062,109651
delivered_order_max_distance,0.0,0.0,95992
delivered_order_max_distance,0.01,5.7549263354690305,95992
delivered_order_max_distance,0.05,16.55893824912687,95992
delivered_order_max_distance,0.1,34.885892038237166,95992
delivered_order_max_distance,0.25,189.31844888520928,95992
delivered_order_max_distance,0.5,435.6331003230282,95992
delivered_order_max_distance,0.75,800.2948677161073,95992
delivered_order_max_distance,0.9,1457.5317124692428,95992
delivered_order_max_distance,0.95,2096.422091244644,95992
delivered_order_max_distance,0.99,2483.903281808728,95992
delivered_order_max_distance,1.0,8677.911621858062,95992
