state,customer_people,orders,sellers,delivered_orders,people_share,seller_share,order_share,delivered_order_share,people_pct,seller_pct
SP,40302,41746,1849,40494,0.4193931068931069,0.5974151857835218,0.41980671956235355,0.4197574375453509,41.93931068931069,59.741518578352185
RJ,12384,12852,171,12350,0.12887112887112886,0.05525040387722133,0.12924246538148249,0.12801907328703224,12.887112887112886,5.525040387722132
MG,11259,11635,244,11354,0.11716408591408592,0.07883683360258481,0.11700405265433775,0.11769462008914688,11.716408591408593,7.883683360258481
RS,5277,5466,129,5344,0.05491383616383616,0.04168012924071082,0.05496726702265665,0.05539545972841298,5.491383616383616,4.168012924071082
PR,4882,5045,349,4923,0.050803363303363304,0.11276252019386107,0.050733600828632056,0.051031408728102,5.080336330336331,11.276252019386106
SC,3534,3637,190,3546,0.03677572427572427,0.061389337641357025,0.03657445118210798,0.03675754120451954,3.6775724275724273,6.138933764135703
BA,3277,3380,19,3256,0.03410131535131535,0.006138933764135703,0.03399000412304784,0.033751425313568985,3.4101315351315353,0.6138933764135702
DF,2075,2140,30,2080,0.021592990342990344,0.009693053311793215,0.021520298468438573,0.02156110707992122,2.1592990342990346,0.9693053311793215
ES,1964,2033,23,1995,0.020437895437895436,0.007431340872374798,0.020444283545016644,0.020680004146366747,2.0437895437895435,0.7431340872374798
GO,1952,2020,40,1957,0.020313020313020312,0.012924071082390954,0.020313552759927998,0.02028609930548357,2.0313020313020314,1.2924071082390953
PE,1609,1652,9,1593,0.016743672993672992,0.0029079159935379646,0.01661286592049557,0.016512905566497357,1.6743672993672991,0.29079159935379645
CE,1313,1336,13,1279,0.013663419913419914,0.00420032310177706,0.013435102221417725,0.01325800767077848,1.3663419913419914,0.420032310177706
PA,949,975,1,946,0.009875541125541126,0.00032310177705977385,0.009804808881648414,0.009806157354618017,0.9875541125541126,0.03231017770597738
MT,876,907,4,886,0.009115884115884116,0.0012924071082390954,0.009120986313492422,0.009184202342697212,0.9115884115884116,0.12924071082390953
MA,726,747,1,717,0.007554945054945055,0.00032310177705977385,0.007511992035478324,0.007432362392453613,0.7554945054945055,0.03231017770597738
MS,694,715,5,701,0.007221944721944722,0.0016155088852988692,0.007190193179875504,0.007266507722608065,0.7221944721944722,0.16155088852988692
PB,519,536,6,517,0.005400849150849151,0.0019386106623586429,0.005390130831347231,0.0053591790193842645,0.5400849150849151,0.1938610662358643
PI,482,495,1,476,0.005015817515817516,0.00032310177705977385,0.004977826047606118,0.004934176427905048,0.5015817515817516,0.03231017770597738
RN,474,485,5,474,0.004932567432567433,0.0016155088852988692,0.004877263905230237,0.004913444594174355,0.4932567432567433,0.16155088852988692
AL,401,413,0,397,0.004172910422910423,0.0,0.004153216480123892,0.004115268995542656,0.4172910422910423,0.0
SE,342,350,2,335,0.003558941058941059,0.0006462035541195477,0.003519674983155841,0.0034725821498911577,0.3558941058941059,0.06462035541195477
TO,273,280,0,274,0.002840909090909091,0.0,0.002815739986524673,0.002840261221105007,0.2840909090909091,0.0
RO,240,253,2,243,0.0024975024975024975,0.0006462035541195477,0.002544222202109794,0.0025189177982792577,0.24975024975024976,0.06462035541195477
AM,143,148,1,145,0.001488095238095238,0.00032310177705977385,0.0014883197071630413,0.0015030579454752772,0.1488095238095238,0.03231017770597738
AC,77,81,1,80,0.0008012820512820513,0.00032310177705977385,0.0008145533532446375,0.0008292733492277392,0.08012820512820512,0.03231017770597738
AP,67,68,0,67,0.0006972194472194472,0.0,0.000683822568155992,0.0006945164299782316,0.06972194472194472,0.0
RR,45,46,0,41,0.0004682817182817183,0.0,0.0004625858549290534,0.00042500259147921636,0.04682817182817183,0.0
