state,customer_people,sellers,people_share,seller_share
SP,40302,1849,0.4193931068931069,0.5974151857835218
RJ,12384,171,0.12887112887112886,0.05525040387722133
MG,11259,244,0.11716408591408592,0.07883683360258481
RS,5277,129,0.05491383616383616,0.04168012924071082
PR,4882,349,0.050803363303363304,0.11276252019386107
SC,3534,190,0.03677572427572427,0.061389337641357025
BA,3277,19,0.03410131535131535,0.006138933764135703
DF,2075,30,0.021592990342990344,0.009693053311793215
ES,1964,23,0.020437895437895436,0.007431340872374798
GO,1952,40,0.020313020313020312,0.012924071082390954
PE,1609,9,0.016743672993672992,0.0029079159935379646
CE,1313,13,0.013663419913419914,0.00420032310177706
PA,949,1,0.009875541125541126,0.00032310177705977385
MT,876,4,0.009115884115884116,0.0012924071082390954
MA,726,1,0.007554945054945055,0.00032310177705977385
MS,694,5,0.007221944721944722,0.0016155088852988692
PB,519,6,0.005400849150849151,0.0019386106623586429
PI,482,1,0.005015817515817516,0.00032310177705977385
RN,474,5,0.004932567432567433,0.0016155088852988692
AL,401,0,0.004172910422910423,0.0
SE,342,2,0.003558941058941059,0.0006462035541195477
TO,273,0,0.002840909090909091,0.0
RO,240,2,0.0024975024975024975,0.0006462035541195477
AM,143,1,0.001488095238095238,0.00032310177705977385
AC,77,1,0.0008012820512820513,0.00032310177705977385
AP,67,0,0.0006972194472194472,0.0
RR,45,0,0.0004682817182817183,0.0
