factor,level,n_model_rows,kept,grouped_as,min_n,rule
vendor_inco_term,N/A - From RDC,2983,1,N/A - From RDC,50,"keep levels with at least 50 model rows (weighed, named mode); pool the rest as Other"
vendor_inco_term,EXW,2163,1,EXW,50,"keep levels with at least 50 model rows (weighed, named mode); pool the rest as Other"
vendor_inco_term,FCA,352,1,FCA,50,"keep levels with at least 50 model rows (weighed, named mode); pool the rest as Other"
vendor_inco_term,DDP,296,1,DDP,50,"keep levels with at least 50 model rows (weighed, named mode); pool the rest as Other"
vendor_inco_term,CIP,163,1,CIP,50,"keep levels with at least 50 model rows (weighed, named mode); pool the rest as Other"
vendor_inco_term,DAP,3,0,Other,50,"keep levels with at least 50 model rows (weighed, named mode); pool the rest as Other"
vendor_inco_term,DDU,2,0,Other,50,"keep levels with at least 50 model rows (weighed, named mode); pool the rest as Other"
vendor_inco_term,CIF,1,0,Other,50,"keep levels with at least 50 model rows (weighed, named mode); pool the rest as Other"
vendor_inco_term,Other,6,0,Other,50,"pooled tail, not a commercial term and not a country"
country,Nigeria,748,1,Nigeria,50,"keep levels with at least 50 model rows (weighed, named mode); pool the rest as Other"
country,Côte d'Ivoire,658,1,Côte d'Ivoire,50,"keep levels with at least 50 model rows (weighed, named mode); pool the rest as Other"
country,Uganda,558,1,Uganda,50,"keep levels with at least 50 model rows (weighed, named mode); pool the rest as Other"
country,Vietnam,445,1,Vietnam,50,"keep levels with at least 50 model rows (weighed, named mode); pool the rest as Other"
country,Zambia,435,1,Zambia,50,"keep levels with at least 50 model rows (weighed, named mode); pool the rest as Other"
country,Tanzania,397,1,Tanzania,50,"keep levels with at least 50 model rows (weighed, named mode); pool the rest as Other"
country,Haiti,393,1,Haiti,50,"keep levels with at least 50 model rows (weighed, named mode); pool the rest as Other"
country,Mozambique,360,1,Mozambique,50,"keep levels with at least 50 model rows (weighed, named mode); pool the rest as Other"
country,Rwanda,349,1,Rwanda,50,"keep levels with at least 50 model rows (weighed, named mode); pool the rest as Other"
country,Zimbabwe,309,1,Zimbabwe,50,"keep levels with at least 50 model rows (weighed, named mode); pool the rest as Other"
country,South Africa,282,1,South Africa,50,"keep levels with at least 50 model rows (weighed, named mode); pool the rest as Other"
country,Ethiopia,164,1,Ethiopia,50,"keep levels with at least 50 model rows (weighed, named mode); pool the rest as Other"
country,Guyana,151,1,Guyana,50,"keep levels with at least 50 model rows (weighed, named mode); pool the rest as Other"
country,"Congo, DRC",104,1,"Congo, DRC",50,"keep levels with at least 50 model rows (weighed, named mode); pool the rest as Other"
country,Kenya,91,1,Kenya,50,"keep levels with at least 50 model rows (weighed, named mode); pool the rest as Other"
country,Namibia,79,1,Namibia,50,"keep levels with at least 50 model rows (weighed, named mode); pool the rest as Other"
country,Botswana,59,1,Botswana,50,"keep levels with at least 50 model rows (weighed, named mode); pool the rest as Other"
country,South Sudan,59,1,South Sudan,50,"keep levels with at least 50 model rows (weighed, named mode); pool the rest as Other"
country,Burundi,56,1,Burundi,50,"keep levels with at least 50 model rows (weighed, named mode); pool the rest as Other"
country,Cameroon,55,1,Cameroon,50,"keep levels with at least 50 model rows (weighed, named mode); pool the rest as Other"
country,Sudan,42,0,Other,50,"keep levels with at least 50 model rows (weighed, named mode); pool the rest as Other"
country,Ghana,42,0,Other,50,"keep levels with at least 50 model rows (weighed, named mode); pool the rest as Other"
country,Dominican Republic,28,0,Other,50,"keep levels with at least 50 model rows (weighed, named mode); pool the rest as Other"
country,Swaziland,25,0,Other,50,"keep levels with at least 50 model rows (weighed, named mode); pool the rest as Other"
country,Malawi,14,0,Other,50,"keep levels with at least 50 model rows (weighed, named mode); pool the rest as Other"
country,Mali,12,0,Other,50,"keep levels with at least 50 model rows (weighed, named mode); pool the rest as Other"
country,Pakistan,8,0,Other,50,"keep levels with at least 50 model rows (weighed, named mode); pool the rest as Other"
country,Benin,7,0,Other,50,"keep levels with at least 50 model rows (weighed, named mode); pool the rest as Other"
country,Angola,7,0,Other,50,"keep levels with at least 50 model rows (weighed, named mode); pool the rest as Other"
country,Liberia,6,0,Other,50,"keep levels with at least 50 model rows (weighed, named mode); pool the rest as Other"
country,Guatemala,5,0,Other,50,"keep levels with at least 50 model rows (weighed, named mode); pool the rest as Other"
country,Libya,4,0,Other,50,"keep levels with at least 50 model rows (weighed, named mode); pool the rest as Other"
country,Senegal,2,0,Other,50,"keep levels with at least 50 model rows (weighed, named mode); pool the rest as Other"
country,Lesotho,2,0,Other,50,"keep levels with at least 50 model rows (weighed, named mode); pool the rest as Other"
country,Sierra Leone,2,0,Other,50,"keep levels with at least 50 model rows (weighed, named mode); pool the rest as Other"
country,Togo,2,0,Other,50,"keep levels with at least 50 model rows (weighed, named mode); pool the rest as Other"
country,Afghanistan,2,0,Other,50,"keep levels with at least 50 model rows (weighed, named mode); pool the rest as Other"
country,Guinea,1,0,Other,50,"keep levels with at least 50 model rows (weighed, named mode); pool the rest as Other"
country,Other,211,0,Other,50,"pooled tail, not a commercial term and not a country"
