term,factor,level,n_full,n_at_or_below_p95,p95_freight_per_kg_weighed_set,coefficient_full,ci_low_hc1_full,ci_high_hc1_full,coefficient_at_or_below_p95,ci_low_hc1_at_or_below_p95,ci_high_hc1_at_or_below_p95,coefficient_change,interval_contains_zero_full,interval_contains_zero_p95
Intercept,Intercept,(intercept),5963,5658,67.64871004566209,5.295807341572744,5.1864955533477035,5.405119129797785,4.601313311715678,4.497785591097195,4.704841032334162,-0.6944940298570659,0,0
"C(mode, Treatment(reference='Air'))[T.Air Charter]",mode,Air Charter,5963,5658,67.64871004566209,0.5044214943619498,0.40014577395283873,0.6086972147710609,0.19162918766097609,0.10229920733529456,0.2809591679866576,-0.31279230670097374,0,0
"C(mode, Treatment(reference='Air'))[T.Ocean]",mode,Ocean,5963,5658,67.64871004566209,0.07832985106529215,-0.04630920831811078,0.20296891044869508,-0.07288727966811241,-0.18359269167036268,0.03781813233413786,-0.15121713073340456,1,1
"C(mode, Treatment(reference='Air'))[T.Truck]",mode,Truck,5963,5658,67.64871004566209,-0.44430449116910703,-0.5134742340654226,-0.3751347482727915,-0.5270787245364076,-0.592743463412094,-0.46141398566072106,-0.08277423336730055,0,0
"C(inco_grouped, Treatment(reference='N/A - From RDC'))[T.CIP]",inco_grouped,CIP,5963,5658,67.64871004566209,-0.7380293127181504,-0.9432394158153252,-0.5328192096209756,-0.6413519973848306,-0.8458667657972878,-0.4368372289723735,0.0966773153333198,0,0
"C(inco_grouped, Treatment(reference='N/A - From RDC'))[T.DDP]",inco_grouped,DDP,5963,5658,67.64871004566209,-0.6640875885511761,-0.785746003535495,-0.5424291735668573,-0.7245247879088795,-0.8256832387501106,-0.6233663370676484,-0.06043719935770342,0,0
"C(inco_grouped, Treatment(reference='N/A - From RDC'))[T.EXW]",inco_grouped,EXW,5963,5658,67.64871004566209,0.15981113802284078,0.10518699316689387,0.2144352828787877,0.1876342465631879,0.13644095512805632,0.23882753799831946,0.027823108540347113,0,0
"C(inco_grouped, Treatment(reference='N/A - From RDC'))[T.FCA]",inco_grouped,FCA,5963,5658,67.64871004566209,-0.014414311938171784,-0.10867125241140078,0.0798426285350572,0.07103626636412849,-0.020735555736314207,0.16280808846457118,0.08545057830230028,1,1
"C(inco_grouped, Treatment(reference='N/A - From RDC'))[T.Other]",inco_grouped,Other,5963,5658,67.64871004566209,-1.0093856006496915,-1.483690974394253,-0.53508022690513,-0.7074170943881909,-1.2155413753620703,-0.1992928134143115,0.3019685062615006,0,0
log_weight,log_weight,log(weight_kg),5963,5658,67.64871004566209,-0.5049510700069987,-0.521310803420571,-0.48859133659342635,-0.40886973438610485,-0.4245428785493292,-0.3931965902228805,0.09608133562089383,0,0
orgenics,orgenics,Orgenics versus everyone else,5963,5658,67.64871004566209,0.5726954445178964,0.49503741646674093,0.650353472569052,0.5994684372852546,0.5247227556656192,0.6742141189048899,0.026772992767358117,0,0
