asn_dn,country,vendor,vendor_inco_term,weight_kg,freight_usd,freight_per_kg
DN-1005,Zambia,SCMS from RDC,N/A - From RDC,2809.0,3629.37,1.2920505517977927
DN-1006,Zambia,SCMS from RDC,N/A - From RDC,2503.0,3629.37,1.4500079904115062
DN-1015,Zimbabwe,SCMS from RDC,N/A - From RDC,8855.0,29883.7,3.3747826086956523
DN-1044,Zimbabwe,SCMS from RDC,N/A - From RDC,8912.0,35513.01,3.9848530071813286
DN-1056,Zambia,SCMS from RDC,N/A - From RDC,9000.0,14036.31,1.55959
DN-1073,Tanzania,SCMS from RDC,N/A - From RDC,1592.0,6708.25,4.213724874371859
DN-1115,Zimbabwe,SCMS from RDC,N/A - From RDC,8848.0,37040.86,4.186353978300181
DN-1168,Zimbabwe,SCMS from RDC,N/A - From RDC,8523.0,35673.58,4.185566115217647
DN-1178,Zambia,SCMS from RDC,N/A - From RDC,5144.0,13853.29,2.6930968118195957
DN-1180,Tanzania,SCMS from RDC,N/A - From RDC,5712.0,5873.0,1.0281862745098038
DN-1181,Mozambique,SCMS from RDC,N/A - From RDC,10053.0,10211.52,1.015768427335124
DN-1228,Zambia,SCMS from RDC,N/A - From RDC,3279.0,8288.78,2.527837755413236
DN-1231,Mozambique,SCMS from RDC,N/A - From RDC,3545.0,3599.76,1.0154471086036672
DN-1239,Zambia,SCMS from RDC,N/A - From RDC,7735.0,15922.67,2.0585223012281837
DN-1240,Zambia,SCMS from RDC,N/A - From RDC,7736.0,10069.54,1.3016468459152017
DN-1250,Zambia,SCMS from RDC,N/A - From RDC,10681.0,17384.76,1.6276341166557438
DN-1285,Zambia,SCMS from RDC,N/A - From RDC,7101.0,16702.26,2.352099704267004
DN-1289,Zimbabwe,SCMS from RDC,N/A - From RDC,8955.0,14958.2,1.6703740926856505
DN-1316,Namibia,SCMS from RDC,N/A - From RDC,2068.0,8502.12,4.111276595744681
DN-1319,Zambia,SCMS from RDC,N/A - From RDC,2876.0,4506.18,1.5668219749652297
DN-1325,Zambia,SCMS from RDC,N/A - From RDC,7579.0,6759.28,0.8918432510885341
DN-1327,Zambia,SCMS from RDC,N/A - From RDC,9022.0,4506.18,0.4994657503879406
DN-1328,Zambia,SCMS from RDC,N/A - From RDC,4414.0,4506.2,1.020888083371092
DN-1329,Zambia,SCMS from RDC,N/A - From RDC,2604.0,2448.71,0.9403648233486943
DN-1332,Mozambique,SCMS from RDC,N/A - From RDC,2078.0,2400.25,1.1550769971126083
DN-1358,Mozambique,SCMS from RDC,N/A - From RDC,9290.0,2400.26,0.25837029063509154
DN-1363,Zambia,SCMS from RDC,N/A - From RDC,1970.0,6759.28,3.4311065989847713
DN-1377,Mozambique,SCMS from RDC,N/A - From RDC,5597.0,1799.88,0.3215794175451135
DN-1380,Mozambique,SCMS from RDC,N/A - From RDC,4374.0,1799.88,0.41149519890260633
DN-1382,Zambia,SCMS from RDC,N/A - From RDC,10865.0,13518.56,1.244230096640589
DN-1386,Zambia,SCMS from RDC,N/A - From RDC,20144.0,8281.69,0.4111244042891184
DN-1395,Mozambique,SCMS from RDC,N/A - From RDC,1404.0,1588.05,1.1310897435897436
DN-1396,Mozambique,SCMS from RDC,N/A - From RDC,1292.0,1588.05,1.229140866873065
DN-1403,Zambia,SCMS from RDC,N/A - From RDC,7579.0,6759.28,0.8918432510885341
DN-1404,Zambia,SCMS from RDC,N/A - From RDC,7678.0,6759.28,0.8803438395415473
DN-1405,Zambia,SCMS from RDC,N/A - From RDC,5586.0,6759.28,1.2100393841747226
DN-1406,Zambia,SCMS from RDC,N/A - From RDC,7686.0,6759.28,0.8794275305750715
DN-1407,Zambia,SCMS from RDC,N/A - From RDC,13680.0,16339.98,1.1944429824561402
DN-1411,Zimbabwe,SCMS from RDC,N/A - From RDC,9020.0,14958.2,1.6583370288248338
DN-1416,Zambia,SCMS from RDC,N/A - From RDC,9522.0,13518.56,1.4197185465238396
DN-1432,Zambia,SCMS from RDC,N/A - From RDC,23888.0,13518.56,0.565914266577361
DN-1448,Zambia,SCMS from RDC,N/A - From RDC,1900.0,4997.46,2.6302421052631577
DN-1459,Tanzania,SCMS from RDC,N/A - From RDC,1630.0,2217.5,1.3604294478527608
DN-1463,Zambia,SCMS from RDC,N/A - From RDC,3626.0,4997.47,1.3782322118036405
DN-1470,Tanzania,SCMS from RDC,N/A - From RDC,1067.0,2217.5,2.07825679475164
DN-1480,Uganda,SCMS from RDC,N/A - From RDC,1593.0,9547.7,5.993534212178281
DN-1496,Zambia,SCMS from RDC,N/A - From RDC,2832.0,4897.42,1.7293149717514125
DN-1498,Zambia,SCMS from RDC,N/A - From RDC,2901.0,4897.42,1.6881833850396415
DN-1500,Zimbabwe,SCMS from RDC,N/A - From RDC,8701.0,15332.68,1.762174462705436
DN-1504,Zambia,SCMS from RDC,N/A - From RDC,4305.0,9935.88,2.3079860627177697
DN-1515,Zambia,SCMS from RDC,N/A - From RDC,4959.0,9973.51,2.011193789070377
DN-1553,Zambia,SCMS from RDC,N/A - From RDC,9221.0,8104.79,0.8789491378375447
DN-1554,Zimbabwe,SCMS from RDC,N/A - From RDC,8280.0,15328.58,1.8512777777777778
DN-1573,Zambia,SCMS from RDC,N/A - From RDC,3254.0,8104.79,2.4907160417947143
DN-1578,Zambia,SCMS from RDC,N/A - From RDC,3294.0,9942.26,3.01829386763813
DN-1583,Zambia,SCMS from RDC,N/A - From RDC,8756.0,13844.72,1.581169483782549
DN-1634,Uganda,SCMS from RDC,N/A - From RDC,2804.0,5050.8,1.8012838801711841
DN-1638,Uganda,SCMS from RDC,N/A - From RDC,5134.0,9348.0,1.8208024931827036
DN-1643,Zambia,SCMS from RDC,N/A - From RDC,19451.0,16898.2,0.8687573903655339
DN-1644,Zambia,SCMS from RDC,N/A - From RDC,1946.0,3379.64,1.736711202466598
DN-1648,Zambia,SCMS from RDC,N/A - From RDC,2085.0,3379.64,1.6209304556354915
DN-1650,Zambia,SCMS from RDC,N/A - From RDC,3325.0,3379.64,1.016433082706767
DN-1658,Zimbabwe,SCMS from RDC,N/A - From RDC,3955.0,13208.56,3.339711757269279
DN-1679,Mozambique,SCMS from RDC,N/A - From RDC,1401.0,4764.16,3.4005424696645252
DN-1698,Mozambique,SCMS from RDC,N/A - From RDC,3563.0,3423.26,0.9607802413696324
DN-1752,Uganda,SCMS from RDC,N/A - From RDC,1188.0,4097.0,3.4486531986531985
DN-1753,Uganda,SCMS from RDC,N/A - From RDC,5285.0,11065.0,2.0936613055818354
DN-1755,Uganda,SCMS from RDC,N/A - From RDC,2356.0,16682.66,7.080925297113752
DN-1756,Uganda,SCMS from RDC,N/A - From RDC,1055.0,2961.0,2.806635071090047
DN-1775,Zambia,SCMS from RDC,N/A - From RDC,8819.0,8022.59,0.9096938428393242
DN-1795,Mozambique,SCMS from RDC,N/A - From RDC,1866.0,10959.63,5.873327974276527
DN-1828,Zambia,SCMS from RDC,N/A - From RDC,2475.0,4964.27,2.0057656565656568
DN-1829,Zimbabwe,SCMS from RDC,N/A - From RDC,12791.0,3833.17,0.29967711672269565
DN-1832,Mozambique,SCMS from RDC,N/A - From RDC,20316.0,25790.82,1.2694831659775547
DN-1865,Zambia,SCMS from RDC,N/A - From RDC,8544.0,11054.56,1.2938389513108615
DN-1866,Zambia,SCMS from RDC,N/A - From RDC,1928.0,11054.56,5.733692946058091
DN-1875,Zambia,SCMS from RDC,N/A - From RDC,10313.0,11054.59,1.071908271114128
DN-1962,Mozambique,SCMS from RDC,N/A - From RDC,12980.0,11134.62,0.857828967642527
DN-2012,Côte d'Ivoire,SCMS from RDC,N/A - From RDC,18041.0,8953.2,0.49626960811484955
DN-2014,Mozambique,SCMS from RDC,N/A - From RDC,15664.0,11884.42,0.7587091419816139
DN-2018,Zambia,SCMS from RDC,N/A - From RDC,16961.0,16981.15,1.0011880195743177
DN-2019,Zimbabwe,SCMS from RDC,N/A - From RDC,18105.0,16594.87,0.9165904446285555
DN-2024,Tanzania,SCMS from RDC,N/A - From RDC,7397.0,28022.17,3.7883155333243206
DN-2027,Mozambique,SCMS from RDC,N/A - From RDC,28237.0,14163.13,0.5015805503417502
DN-2028,Uganda,SCMS from RDC,N/A - From RDC,4050.0,15759.47,3.891227160493827
DN-2029,Zambia,SCMS from RDC,N/A - From RDC,8754.0,8109.91,0.9264233493260223
DN-2030,Zambia,SCMS from RDC,N/A - From RDC,3127.0,8109.92,2.59351455068756
DN-2032,Zambia,SCMS from RDC,N/A - From RDC,18057.0,16868.38,0.9341740045411753
DN-2033,Côte d'Ivoire,SCMS from RDC,N/A - From RDC,11468.0,7816.45,0.6815878967561911
DN-2035,Côte d'Ivoire,SCMS from RDC,N/A - From RDC,7889.0,6406.53,0.812083914311066
DN-2040,Tanzania,SCMS from RDC,N/A - From RDC,12543.0,1979.75,0.1578370405804034
DN-2041,Zimbabwe,SCMS from RDC,N/A - From RDC,12810.0,15919.75,1.24275956284153
DN-2051,Mozambique,SCMS from RDC,N/A - From RDC,6022.0,6500.45,1.079450348721355
DN-2052,Mozambique,SCMS from RDC,N/A - From RDC,16015.0,12239.88,0.7642759912581953
DN-2053,Zambia,SCMS from RDC,N/A - From RDC,20752.0,17520.43,0.8442766962220509
DN-2054,Zambia,SCMS from RDC,N/A - From RDC,15358.0,16606.55,1.0812963927594739
DN-2055,Uganda,SCMS from RDC,N/A - From RDC,6960.0,29545.05,4.244978448275862
DN-2058,Uganda,SCMS from RDC,N/A - From RDC,1378.0,2559.88,1.857677793904209
DN-2061,Côte d'Ivoire,SCMS from RDC,N/A - From RDC,6880.0,7826.75,1.137609011627907
DN-2067,Uganda,SCMS from RDC,N/A - From RDC,5090.0,35284.86,6.93219253438114
DN-2072,Zambia,SCMS from RDC,N/A - From RDC,20364.0,31373.1,1.5406157925751325
DN-2079,Uganda,SCMS from RDC,N/A - From RDC,16790.0,103428.0,6.160095294818344
DN-2082,Uganda,SCMS from RDC,N/A - From RDC,1243.0,6120.6,4.924054706355592
DN-2084,Uganda,SCMS from RDC,N/A - From RDC,9299.0,54009.25,5.808070760296806
DN-2086,Mozambique,SCMS from RDC,N/A - From RDC,1804.0,4815.8,2.669512195121951
DN-2087,Zambia,SCMS from RDC,N/A - From RDC,6206.0,13411.32,2.161024814695456
DN-2091,Zambia,SCMS from RDC,N/A - From RDC,1207.0,7487.51,6.203405136702568
DN-2096,Mozambique,SCMS from RDC,N/A - From RDC,1137.0,4711.97,4.144212840809147
DN-2098,Côte d'Ivoire,SCMS from RDC,N/A - From RDC,1721.0,8758.37,5.089116792562464
DN-2099,Zambia,SCMS from RDC,N/A - From RDC,2507.0,9553.01,3.8105345033905067
DN-2103,Tanzania,SCMS from RDC,N/A - From RDC,4145.0,1647.0,0.3973462002412545
DN-2109,Uganda,SCMS from RDC,N/A - From RDC,4447.0,17711.71,3.9828446143467504
DN-2116,Zambia,SCMS from RDC,N/A - From RDC,8783.0,8045.77,0.9160617101218264
DN-2117,Zambia,SCMS from RDC,N/A - From RDC,43128.0,34543.36,0.8009497310332035
DN-2118,Zambia,SCMS from RDC,N/A - From RDC,11115.0,16482.05,1.4828654970760233
DN-2119,Mozambique,SCMS from RDC,N/A - From RDC,1098.0,3567.53,3.2491165755919855
DN-2121,Uganda,SCMS from RDC,N/A - From RDC,17496.0,104604.06,5.978741426611797
DN-2125,Zambia,SCMS from RDC,N/A - From RDC,2565.0,4471.07,1.7431072124756335
DN-2126,Zimbabwe,SCMS from RDC,N/A - From RDC,5357.0,7765.18,1.4495389210378944
DN-2127,Zimbabwe,SCMS from RDC,N/A - From RDC,14340.0,16222.85,1.131300557880056
DN-2128,Zimbabwe,SCMS from RDC,N/A - From RDC,2102.0,7765.17,3.6941817316841106
DN-2142,Zambia,SCMS from RDC,N/A - From RDC,1084.0,4471.07,4.12460332103321
DN-2143,Zambia,SCMS from RDC,N/A - From RDC,2556.0,4471.07,1.7492449139280124
DN-2144,Uganda,SCMS from RDC,N/A - From RDC,2875.0,23675.63,8.235001739130436
DN-2146,Zambia,SCMS from RDC,N/A - From RDC,13222.0,4471.08,0.3381545908334594
DN-2154,Zambia,SCMS from RDC,N/A - From RDC,1168.0,3402.23,2.9128681506849317
DN-2180,Zimbabwe,SCMS from RDC,N/A - From RDC,5357.0,3403.99,0.6354284114243046
DN-2181,Zimbabwe,SCMS from RDC,N/A - From RDC,11668.0,15697.15,1.3453162495714774
DN-2182,Zambia,SCMS from RDC,N/A - From RDC,2630.0,3402.23,1.2936235741444868
DN-2183,Zambia,SCMS from RDC,N/A - From RDC,11057.0,12049.4,1.08975309758524
DN-2184,Mozambique,SCMS from RDC,N/A - From RDC,4171.0,3936.85,0.9438623831215536
DN-2185,Mozambique,SCMS from RDC,N/A - From RDC,2068.0,3936.86,1.9037040618955514
DN-2191,Uganda,SCMS from RDC,N/A - From RDC,14983.0,78442.21,5.235414136020824
DN-2192,Uganda,SCMS from RDC,N/A - From RDC,5075.0,23711.16,4.6721497536945815
DN-2196,Zambia,SCMS from RDC,N/A - From RDC,14935.0,15919.88,1.0659444258453297
DN-2203,Zimbabwe,SCMS from RDC,N/A - From RDC,1671.0,5346.74,3.1997247157390785
DN-2205,Zimbabwe,SCMS from RDC,N/A - From RDC,10589.0,15608.15,1.4739966002455378
DN-2207,Tanzania,SCMS from RDC,N/A - From RDC,3076.0,3859.0,1.254551365409623
DN-2224,Zimbabwe,SCMS from RDC,N/A - From RDC,2032.0,4428.06,2.179163385826772
DN-2238,Zambia,SCMS from RDC,N/A - From RDC,1785.0,7962.25,4.460644257703081
DN-2239,Zambia,SCMS from RDC,N/A - From RDC,6449.0,7962.26,1.234650333385021
DN-2242,Mozambique,SCMS from RDC,N/A - From RDC,14413.0,5491.01,0.3809762020398252
DN-2254,Zambia,SCMS from RDC,N/A - From RDC,2029.0,6801.72,3.3522523410547067
DN-2255,Zambia,SCMS from RDC,N/A - From RDC,7482.0,6801.72,0.9090777866880514
DN-2261,Tanzania,SCMS from RDC,N/A - From RDC,11129.0,13838.17,1.2434333722706443
DN-2264,Mozambique,SCMS from RDC,N/A - From RDC,2409.0,3525.03,1.4632752179327522
DN-2268,Mozambique,SCMS from RDC,N/A - From RDC,34813.0,14716.83,0.42273949386723353
DN-2269,Mozambique,SCMS from RDC,N/A - From RDC,3666.0,3525.04,0.9615493726132024
DN-2270,Mozambique,SCMS from RDC,N/A - From RDC,1391.0,3525.04,2.534176851186197
DN-2273,Zambia,SCMS from RDC,N/A - From RDC,7469.0,3949.19,0.5287441424554826
DN-2276,Uganda,SCMS from RDC,N/A - From RDC,2757.0,18317.11,6.643855640188611
DN-2280,Zambia,SCMS from RDC,N/A - From RDC,1405.0,3949.19,2.810811387900356
DN-2281,Mozambique,SCMS from RDC,N/A - From RDC,8491.0,10605.03,1.248973030267342
DN-2282,Zimbabwe,SCMS from RDC,N/A - From RDC,9134.0,16064.09,1.7587135975476242
DN-2287,Uganda,SCMS from RDC,N/A - From RDC,2641.0,19673.48,7.449254070427868
DN-2298,Uganda,SCMS from RDC,N/A - From RDC,1409.0,10928.52,7.7562242725337125
DN-2299,Zambia,SCMS from RDC,N/A - From RDC,10847.0,15973.89,1.472655112012538
DN-2302,Mozambique,SCMS from RDC,N/A - From RDC,4988.0,7960.74,1.5959783480352847
DN-2308,Mozambique,SCMS from RDC,N/A - From RDC,2157.0,2166.21,1.0042698191933241
DN-2315,Uganda,SCMS from RDC,N/A - From RDC,3026.0,14406.99,4.761067415730337
DN-2317,Mozambique,SCMS from RDC,N/A - From RDC,15808.0,11969.68,0.7571912955465587
DN-2322,Zambia,SCMS from RDC,N/A - From RDC,21879.0,8647.16,0.3952264728735317
DN-2323,Zambia,SCMS from RDC,N/A - From RDC,8045.0,13511.49,1.679489123679304
DN-2324,Zimbabwe,SCMS from RDC,N/A - From RDC,1406.0,5479.15,3.896977240398293
DN-2325,Mozambique,SCMS from RDC,N/A - From RDC,5406.0,7664.01,1.4176859045504995
DN-2326,Uganda,SCMS from RDC,N/A - From RDC,1518.0,6561.51,4.322470355731226
DN-2329,Uganda,SCMS from RDC,N/A - From RDC,20230.0,79938.08,3.9514621848739497
DN-2338,Zambia,SCMS from RDC,N/A - From RDC,18994.0,21077.51,1.109693060966621
DN-2340,Mozambique,SCMS from RDC,N/A - From RDC,3642.0,5678.14,1.5590719384953324
DN-2341,Zambia,SCMS from RDC,N/A - From RDC,2629.0,3139.96,1.1943552681627996
DN-2342,Zambia,SCMS from RDC,N/A - From RDC,17967.0,21180.7,1.1788668113764122
DN-2343,Zimbabwe,SCMS from RDC,N/A - From RDC,5154.0,12956.94,2.5139580908032597
DN-2349,Zambia,SCMS from RDC,N/A - From RDC,1456.0,3949.18,2.712348901098901
DN-2357,Zambia,SCMS from RDC,N/A - From RDC,17285.0,21454.88,1.2412426959791727
DN-2363,Tanzania,SCMS from RDC,N/A - From RDC,4560.0,1047.17,0.22964254385964913
DN-2366,Mozambique,SCMS from RDC,N/A - From RDC,5269.0,4480.45,0.8503416208009109
DN-2367,Zimbabwe,SCMS from RDC,N/A - From RDC,1423.0,6623.46,4.6545748418833455
DN-2372,Zimbabwe,SCMS from RDC,N/A - From RDC,1456.0,2326.77,1.5980563186813186
DN-2385,Zambia,SCMS from RDC,N/A - From RDC,4471.0,10370.59,2.3195235965108476
DN-2392,Mozambique,SCMS from RDC,N/A - From RDC,9931.0,6888.32,0.6936179639512637
DN-2396,Zambia,SCMS from RDC,N/A - From RDC,1936.0,9421.76,4.866611570247934
DN-2397,Zimbabwe,SCMS from RDC,N/A - From RDC,5598.0,11154.87,1.9926527331189712
DN-2398,Zambia,SCMS from RDC,N/A - From RDC,2409.0,9346.8,3.8799501867995017
DN-2411,Zimbabwe,SCMS from RDC,N/A - From RDC,1754.0,3537.26,2.0166818700114026
DN-2412,Tanzania,SCMS from RDC,N/A - From RDC,5641.0,45291.49,8.028982449920226
DN-2414,Mozambique,SCMS from RDC,N/A - From RDC,1102.0,2779.53,2.5222595281306717
DN-2415,Mozambique,SCMS from RDC,N/A - From RDC,3787.0,2451.86,0.6474412463691577
DN-2420,Côte d'Ivoire,SCMS from RDC,N/A - From RDC,2244.0,3296.34,1.468957219251337
DN-2424,Zambia,SCMS from RDC,N/A - From RDC,8296.0,9978.08,1.2027579556412729
DN-2425,Mozambique,SCMS from RDC,N/A - From RDC,12669.0,11291.75,0.8912897624121873
DN-2430,Zambia,SCMS from RDC,N/A - From RDC,18968.0,22168.18,1.1687146773513286
DN-2433,Zambia,SCMS from RDC,N/A - From RDC,4155.0,6968.97,1.6772490974729242
DN-2441,Zimbabwe,SCMS from RDC,N/A - From RDC,8578.0,5216.63,0.6081405922126369
DN-2448,Côte d'Ivoire,SCMS from RDC,N/A - From RDC,1223.0,3526.27,2.88329517579722
DN-2457,Zambia,SCMS from RDC,N/A - From RDC,3088.0,6476.69,2.0973737046632124
DN-2458,Mozambique,SCMS from RDC,N/A - From RDC,2987.0,2779.53,0.9305423501841313
DN-2471,Mozambique,SCMS from RDC,N/A - From RDC,19143.0,16660.04,0.8702941022828188
DN-2476,Zambia,SCMS from RDC,N/A - From RDC,9875.0,14325.71,1.4507048101265823
DN-2477,Zambia,SCMS from RDC,N/A - From RDC,5727.0,14325.71,2.5014335603282696
DN-2481,Mozambique,SCMS from RDC,N/A - From RDC,32538.0,20179.39,0.6201791751183232
DN-2484,Tanzania,SCMS from RDC,N/A - From RDC,1500.0,1698.83,1.1325533333333333
DN-2486,Zambia,SCMS from RDC,N/A - From RDC,19257.0,6476.69,0.3363291270706756
DN-2487,Zambia,SCMS from RDC,N/A - From RDC,1332.0,6476.7,4.862387387387387
DN-2489,Uganda,SCMS from RDC,N/A - From RDC,1713.0,15672.8,9.14932866316404
DN-2513,Zambia,SCMS from RDC,N/A - From RDC,3898.0,11292.05,2.89688301693176
DN-2515,Zambia,SCMS from RDC,N/A - From RDC,12360.0,11292.05,0.9135962783171521
DN-2516,Mozambique,SCMS from RDC,N/A - From RDC,12489.0,9458.64,0.7573576747537832
DN-2518,Mozambique,SCMS from RDC,N/A - From RDC,27345.0,20994.62,0.7677681477418175
DN-2519,Zimbabwe,SCMS from RDC,N/A - From RDC,2721.0,4777.08,1.7556339581036384
DN-2520,Zimbabwe,SCMS from RDC,N/A - From RDC,1373.0,4777.08,3.4793008011653312
DN-2532,Zambia,SCMS from RDC,N/A - From RDC,13472.0,11292.05,0.838186609263658
DN-2533,Côte d'Ivoire,SCMS from RDC,N/A - From RDC,1663.0,1102.3,0.6628382441371016
DN-2537,Tanzania,SCMS from RDC,N/A - From RDC,1437.0,1698.83,1.182205984690327
DN-2540,Tanzania,SCMS from RDC,N/A - From RDC,1090.0,1698.83,1.5585596330275229
DN-2541,Tanzania,SCMS from RDC,N/A - From RDC,3508.0,1698.83,0.48427309007981756
DN-2543,Tanzania,SCMS from RDC,N/A - From RDC,21394.0,13590.64,0.6352547443208376
DN-2544,Tanzania,SCMS from RDC,N/A - From RDC,2612.0,1698.83,0.6503943338437979
DN-2547,Uganda,SCMS from RDC,N/A - From RDC,1095.0,4405.24,4.0230502283105025
DN-2548,Côte d'Ivoire,SCMS from RDC,N/A - From RDC,10832.0,3641.16,0.33614844903988184
DN-2551,Côte d'Ivoire,SCMS from RDC,N/A - From RDC,1122.0,6009.47,5.356033868092692
DN-2558,Tanzania,SCMS from RDC,N/A - From RDC,10142.0,7651.59,0.7544458686649577
DN-2571,Tanzania,SCMS from RDC,N/A - From RDC,8474.0,3279.25,0.3869778144913854
DN-2572,Tanzania,SCMS from RDC,N/A - From RDC,7096.0,3279.29,0.46213218714768883
DN-2573,Tanzania,SCMS from RDC,N/A - From RDC,9208.0,3825.8,0.41548653344917463
DN-2574,Zambia,SCMS from RDC,N/A - From RDC,3718.0,19949.86,5.3657504034427115
DN-2577,Zambia,SCMS from RDC,N/A - From RDC,6005.0,5447.21,0.90711240632806
DN-2587,Zambia,SCMS from RDC,N/A - From RDC,2236.0,5447.21,2.4361404293381037
DN-2588,Tanzania,SCMS from RDC,N/A - From RDC,4271.0,3825.8,0.8957621166003278
DN-2589,Mozambique,SCMS from RDC,N/A - From RDC,15160.0,12405.54,0.8183073878627969
DN-2590,Mozambique,SCMS from RDC,N/A - From RDC,26760.0,12405.54,0.463585201793722
DN-2591,Tanzania,SCMS from RDC,N/A - From RDC,15032.0,3279.25,0.21815127727514635
DN-2593,Tanzania,SCMS from RDC,N/A - From RDC,1309.0,3279.25,2.5051566080977845
DN-2597,Uganda,SCMS from RDC,N/A - From RDC,1414.0,4054.19,2.8671782178217824
DN-2598,Tanzania,SCMS from RDC,N/A - From RDC,20975.0,3279.25,0.1563408820023838
DN-2601,Côte d'Ivoire,SCMS from RDC,N/A - From RDC,10746.0,22878.26,2.129002419504932
DN-2602,Uganda,SCMS from RDC,N/A - From RDC,1511.0,7403.01,4.89941098610192
DN-2604,Zimbabwe,SCMS from RDC,N/A - From RDC,1616.0,3489.53,2.159362623762376
DN-2605,Zimbabwe,SCMS from RDC,N/A - From RDC,21063.0,29250.68,1.388723353748279
DN-2607,Uganda,SCMS from RDC,N/A - From RDC,11441.0,55175.61,4.8226212743641295
DN-2608,Zambia,SCMS from RDC,N/A - From RDC,10381.0,8510.81,0.8198449089683074
DN-2610,Zambia,SCMS from RDC,N/A - From RDC,17001.0,8510.81,0.5006064349155932
DN-2613,Zambia,SCMS from RDC,N/A - From RDC,1677.0,8510.81,5.075020870602265
DN-2614,Zambia,SCMS from RDC,N/A - From RDC,1485.0,8510.82,5.731191919191919
DN-2616,Mozambique,SCMS from RDC,N/A - From RDC,28088.0,19652.22,0.6996660495585304
DN-2621,Zimbabwe,SCMS from RDC,N/A - From RDC,12347.0,16978.83,1.3751380902243462
DN-2624,Zambia,SCMS from RDC,N/A - From RDC,28103.0,36650.58,1.3041518699071275
DN-2629,Zambia,SCMS from RDC,N/A - From RDC,6636.0,10598.2,1.5970765521398433
DN-2632,Tanzania,SCMS from RDC,N/A - From RDC,1380.0,4553.1,3.2993478260869566
DN-2633,Tanzania,SCMS from RDC,N/A - From RDC,2278.0,7865.4,3.4527655838454785
DN-2635,Mozambique,SCMS from RDC,N/A - From RDC,9937.0,14700.0,1.4793197141994565
DN-2654,Uganda,SCMS from RDC,N/A - From RDC,1859.0,10611.0,5.707907477138247
DN-2655,Zimbabwe,SCMS from RDC,N/A - From RDC,8433.0,15219.71,1.804780030831258
DN-2656,Zimbabwe,SCMS from RDC,N/A - From RDC,14314.0,15219.72,1.0632751152717619
DN-2657,Zambia,SCMS from RDC,N/A - From RDC,17001.0,6079.27,0.3575830833480384
DN-2659,Zambia,SCMS from RDC,N/A - From RDC,1252.0,6079.27,4.855646964856231
DN-2660,Zambia,SCMS from RDC,N/A - From RDC,1133.0,6079.27,5.365639894086496
DN-2661,Zambia,SCMS from RDC,N/A - From RDC,4539.0,4496.13,0.9905551883674818
DN-2663,Mozambique,SCMS from RDC,N/A - From RDC,53692.0,29683.06,0.5528395291663563
DN-2677,Uganda,SCMS from RDC,N/A - From RDC,2939.0,17665.42,6.010690711126233
DN-2683,Zimbabwe,SCMS from RDC,N/A - From RDC,1838.0,5530.11,3.008764961915125
DN-2692,Zimbabwe,SCMS from RDC,N/A - From RDC,4353.0,5530.11,1.2704135079255685
DN-2693,Zimbabwe,SCMS from RDC,N/A - From RDC,7095.0,5530.11,0.7794376321353065
DN-2694,Zimbabwe,SCMS from RDC,N/A - From RDC,7114.0,5530.11,0.7773559179083497
DN-2695,Zimbabwe,SCMS from RDC,N/A - From RDC,6990.0,5530.11,0.7911459227467811
DN-2696,Zimbabwe,SCMS from RDC,N/A - From RDC,2036.0,5530.12,2.7161689587426325
DN-2703,Zambia,SCMS from RDC,N/A - From RDC,11438.0,4496.15,0.39308882671795764
DN-2705,Mozambique,SCMS from RDC,N/A - From RDC,9080.0,6483.81,0.7140759911894273
DN-2714,Tanzania,SCMS from RDC,N/A - From RDC,9907.0,3853.89,0.38900676289492275
DN-2721,Tanzania,SCMS from RDC,N/A - From RDC,10913.0,3853.89,0.353146705763768
DN-2731,Zambia,SCMS from RDC,N/A - From RDC,21534.0,13914.56,0.646166991734002
DN-2738,Mozambique,SCMS from RDC,N/A - From RDC,22479.0,6483.81,0.2884385426397972
DN-2739,Mozambique,SCMS from RDC,N/A - From RDC,1380.0,6483.81,4.698413043478261
DN-2741,Zimbabwe,SCMS from RDC,N/A - From RDC,14074.0,15299.58,1.087081142532329
DN-2742,Zimbabwe,SCMS from RDC,N/A - From RDC,7490.0,15299.59,2.042668891855808
DN-2748,Zambia,SCMS from RDC,N/A - From RDC,1956.0,8709.0,4.4524539877300615
DN-2749,Zambia,SCMS from RDC,N/A - From RDC,33909.0,16040.39,0.4730422601669173
DN-2750,Zambia,SCMS from RDC,N/A - From RDC,6022.0,18219.83,3.025544669545002
DN-2761,Tanzania,SCMS from RDC,N/A - From RDC,30606.0,9601.38,0.3137090766516369
DN-2762,Tanzania,SCMS from RDC,N/A - From RDC,1502.0,6900.62,4.594287616511318
DN-2763,Zambia,SCMS from RDC,N/A - From RDC,3090.0,11188.53,3.6208834951456312
DN-2787,Côte d'Ivoire,SCMS from RDC,N/A - From RDC,4883.0,16898.58,3.4606962932623393
DN-2800,Uganda,SCMS from RDC,N/A - From RDC,5641.0,2175.07,0.3855823435561071
DN-2803,Zimbabwe,SCMS from RDC,N/A - From RDC,4687.0,8832.53,1.8844740772349051
DN-2804,Zimbabwe,SCMS from RDC,N/A - From RDC,7191.0,6014.22,0.8363537755527743
DN-2805,Zambia,SCMS from RDC,N/A - From RDC,11334.0,7317.48,0.6456220222339862
DN-2808,Mozambique,SCMS from RDC,N/A - From RDC,2778.0,19730.62,7.102455003599712
DN-2809,Côte d'Ivoire,SCMS from RDC,N/A - From RDC,9790.0,20786.04,2.123191011235955
DN-2813,Côte d'Ivoire,SCMS from RDC,N/A - From RDC,4359.0,12101.96,2.7763156687313604
DN-2814,Côte d'Ivoire,SCMS from RDC,N/A - From RDC,4525.0,11874.85,2.624276243093923
DN-2816,Côte d'Ivoire,SCMS from RDC,N/A - From RDC,14413.0,11874.85,0.8238985637965726
DN-2831,Uganda,SCMS from RDC,N/A - From RDC,2030.0,11846.85,5.835886699507389
DN-2832,Zambia,SCMS from RDC,N/A - From RDC,2321.0,7317.48,3.1527272727272724
DN-2833,Zambia,SCMS from RDC,N/A - From RDC,17125.0,7317.47,0.4272975182481752
DN-2834,Zambia,SCMS from RDC,N/A - From RDC,8709.0,7317.47,0.8402193133540017
DN-2835,Zimbabwe,SCMS from RDC,N/A - From RDC,6003.0,7423.38,1.2366116941529235
DN-2836,Zambia,SCMS from RDC,N/A - From RDC,3354.0,7317.47,2.1817143709004174
DN-2837,Côte d'Ivoire,SCMS from RDC,N/A - From RDC,18204.0,36194.84,1.9882904856075585
DN-2838,Uganda,SCMS from RDC,N/A - From RDC,1331.0,7504.0,5.63786626596544
DN-2840,Uganda,SCMS from RDC,N/A - From RDC,1207.0,7238.0,5.996685998342999
DN-2841,Uganda,SCMS from RDC,N/A - From RDC,2078.0,15761.76,7.585062560153994
DN-2842,Uganda,SCMS from RDC,N/A - From RDC,1285.0,6265.36,4.8757665369649805
DN-2843,Uganda,SCMS from RDC,N/A - From RDC,1499.0,10915.97,7.282168112074716
DN-2844,Tanzania,SCMS from RDC,N/A - From RDC,4256.0,6052.1,1.4220159774436092
DN-2846,Zambia,SCMS from RDC,N/A - From RDC,3144.0,7317.47,2.3274395674300257
DN-2847,Zambia,SCMS from RDC,N/A - From RDC,6801.0,7317.47,1.0759403028966328
DN-2851,Côte d'Ivoire,SCMS from RDC,N/A - From RDC,3367.0,12589.74,3.739156519156519
DN-2861,Côte d'Ivoire,SCMS from RDC,N/A - From RDC,4026.0,15677.98,3.894182811723795
DN-2863,Mozambique,SCMS from RDC,N/A - From RDC,9370.0,3855.94,0.4115197438633938
DN-2864,Mozambique,SCMS from RDC,N/A - From RDC,1409.0,3855.95,2.7366572036905605
DN-2865,Zambia,SCMS from RDC,N/A - From RDC,26199.0,34356.26,1.3113576854078401
DN-2866,Zimbabwe,SCMS from RDC,N/A - From RDC,14115.0,8751.99,0.6200488841657811
DN-2867,Zimbabwe,SCMS from RDC,N/A - From RDC,4028.0,8751.99,2.1727879841112214
DN-2870,Côte d'Ivoire,SCMS from RDC,N/A - From RDC,1143.0,8158.93,7.138171478565179
DN-2874,Tanzania,SCMS from RDC,N/A - From RDC,17227.0,7134.39,0.41414001277065077
DN-2877,Côte d'Ivoire,SCMS from RDC,N/A - From RDC,6375.0,18661.97,2.927367843137255
DN-2878,Zimbabwe,SCMS from RDC,N/A - From RDC,4282.0,8443.89,1.971950023353573
DN-2880,Côte d'Ivoire,SCMS from RDC,N/A - From RDC,6242.0,17129.96,2.7443063120794617
DN-2883,Tanzania,SCMS from RDC,N/A - From RDC,12181.0,7134.39,0.5856982185370659
DN-2884,Zambia,SCMS from RDC,N/A - From RDC,7567.0,16697.66,2.2066419981498613
DN-2888,Tanzania,SCMS from RDC,N/A - From RDC,3526.0,8977.0,2.5459444129325015
DN-2895,Côte d'Ivoire,SCMS from RDC,N/A - From RDC,2147.0,8211.03,3.8244201210992084
DN-2896,Côte d'Ivoire,SCMS from RDC,N/A - From RDC,1152.0,5971.13,5.183272569444444
DN-2899,Mozambique,SCMS from RDC,N/A - From RDC,17605.0,6323.1,0.3591650099403579
DN-2911,Mozambique,SCMS from RDC,N/A - From RDC,2143.0,6323.1,2.950583294447037
DN-2912,Zambia,SCMS from RDC,N/A - From RDC,15075.0,10809.09,0.7170208955223881
DN-2913,Zimbabwe,SCMS from RDC,N/A - From RDC,2232.0,6933.76,3.1065232974910395
DN-2914,Zimbabwe,SCMS from RDC,N/A - From RDC,1875.0,6933.75,3.698
DN-2917,Uganda,SCMS from RDC,N/A - From RDC,14275.0,131278.81,9.196414010507882
DN-2919,Zambia,SCMS from RDC,N/A - From RDC,12561.0,25636.2,2.0409362311917842
DN-2921,Uganda,SCMS from RDC,N/A - From RDC,5212.0,24772.95,4.753060245587107
DN-2928,Mozambique,SCMS from RDC,N/A - From RDC,4145.0,7433.02,1.7932496984318458
DN-2930,Zimbabwe,SCMS from RDC,N/A - From RDC,2247.0,8194.09,3.646680017801513
DN-2932,Côte d'Ivoire,SCMS from RDC,N/A - From RDC,5466.0,19079.68,3.4906110501280643
DN-2935,Côte d'Ivoire,SCMS from RDC,N/A - From RDC,10611.0,38492.46,3.6275996607294316
DN-2936,Côte d'Ivoire,SCMS from RDC,N/A - From RDC,2907.0,11320.56,3.894241486068111
DN-2939,Mozambique,SCMS from RDC,N/A - From RDC,12104.0,7433.02,0.6140961665565102
DN-2940,Zimbabwe,SCMS from RDC,N/A - From RDC,23127.0,11444.77,0.4948661737363255
DN-2941,Zimbabwe,SCMS from RDC,N/A - From RDC,2705.0,9751.8,3.605101663585952
DN-2942,Zimbabwe,SCMS from RDC,N/A - From RDC,10118.0,9251.8,0.9143901956908479
DN-2948,Zimbabwe,SCMS from RDC,N/A - From RDC,1464.0,8000.72,5.464972677595629
DN-2954,Côte d'Ivoire,SCMS from RDC,N/A - From RDC,4409.0,17192.4,3.8993876162395105
DN-2958,Côte d'Ivoire,SCMS from RDC,N/A - From RDC,2705.0,9879.25,3.652218114602588
DN-2962,Tanzania,SCMS from RDC,N/A - From RDC,4758.0,6031.15,1.267580916351408
DN-2965,Mozambique,SCMS from RDC,N/A - From RDC,18031.0,7433.02,0.41223559425433975
DN-2966,Mozambique,SCMS from RDC,N/A - From RDC,7899.0,7433.01,0.9410064565134827
DN-2967,Côte d'Ivoire,SCMS from RDC,N/A - From RDC,6649.0,27350.2,4.113430591066326
DN-2970,Côte d'Ivoire,SCMS from RDC,N/A - From RDC,6889.0,24138.35,3.503897517781971
DN-2973,Zambia,SCMS from RDC,N/A - From RDC,4067.0,14050.13,3.4546668305876564
DN-2975,Zimbabwe,SCMS from RDC,N/A - From RDC,5754.0,10075.8,1.7510948905109487
DN-2977,Uganda,SCMS from RDC,N/A - From RDC,12838.0,111318.14,8.670987692787039
DN-2985,Mozambique,SCMS from RDC,N/A - From RDC,25666.0,7733.77,0.30132354087119145
DN-2989,Zimbabwe,SCMS from RDC,N/A - From RDC,58270.0,47389.63,0.8132766432126308
DN-3002,Mozambique,SCMS from RDC,N/A - From RDC,3140.0,7733.77,2.4629840764331212
DN-3003,Zambia,SCMS from RDC,N/A - From RDC,1230.0,6923.53,5.628886178861788
DN-3007,Zimbabwe,SCMS from RDC,N/A - From RDC,23176.0,17308.69,0.7468368139454608
DN-3010,Côte d'Ivoire,SCMS from RDC,N/A - From RDC,1639.0,7690.06,4.691921903599757
DN-3012,Mozambique,SCMS from RDC,N/A - From RDC,3591.0,7733.77,2.1536535783904207
DN-3019,Côte d'Ivoire,SCMS from RDC,N/A - From RDC,13509.0,36857.21,2.7283448071655934
DN-3021,Côte d'Ivoire,SCMS from RDC,N/A - From RDC,1387.0,10680.14,7.700173035328046
DN-3023,Côte d'Ivoire,SCMS from RDC,N/A - From RDC,2732.0,10680.14,3.9092752562225472
DN-303,Zimbabwe,SCMS from RDC,N/A - From RDC,12779.0,41772.09,3.268807418420846
DN-3030,Zimbabwe,SCMS from RDC,N/A - From RDC,23677.0,9405.81,0.39725514212104573
DN-3031,Zimbabwe,SCMS from RDC,N/A - From RDC,2268.0,9405.81,4.1471825396825395
DN-3032,Zimbabwe,SCMS from RDC,N/A - From RDC,5453.0,9405.81,1.7248872180451127
DN-3033,Zimbabwe,SCMS from RDC,N/A - From RDC,3082.0,9405.8,3.051849448410123
DN-3040,Uganda,SCMS from RDC,N/A - From RDC,5732.0,25118.88,4.38221912072575
DN-3045,Zambia,SCMS from RDC,N/A - From RDC,10442.0,11520.85,1.1033183298218732
DN-3046,Côte d'Ivoire,SCMS from RDC,N/A - From RDC,3264.0,14368.65,4.402159926470588
DN-3048,Zimbabwe,SCMS from RDC,N/A - From RDC,8615.0,49580.17,5.755098084735925
DN-3049,Zimbabwe,SCMS from RDC,N/A - From RDC,2520.0,15000.0,5.9523809523809526
DN-3051,Zambia,SCMS from RDC,N/A - From RDC,2462.0,16295.56,6.618830219333875
DN-3052,Zambia,SCMS from RDC,N/A - From RDC,2504.0,12315.5,4.918330670926518
DN-3053,Zambia,SCMS from RDC,N/A - From RDC,2452.0,5520.86,2.251574225122349
DN-3055,Zimbabwe,SCMS from RDC,N/A - From RDC,2268.0,9405.8,4.147178130511463
DN-3056,Zimbabwe,SCMS from RDC,N/A - From RDC,2266.0,9405.81,4.1508428949691085
DN-3057,Zimbabwe,SCMS from RDC,N/A - From RDC,12328.0,9405.81,0.7629631732641142
DN-3062,Tanzania,SCMS from RDC,N/A - From RDC,1248.0,4529.5,3.629407051282051
DN-3063,Mozambique,SCMS from RDC,N/A - From RDC,11667.0,4120.7,0.35319276592097365
DN-3072,Côte d'Ivoire,SCMS from RDC,N/A - From RDC,1159.0,5405.25,4.663718723037101
DN-3075,Côte d'Ivoire,SCMS from RDC,N/A - From RDC,22043.0,41802.56,1.8964097445901191
DN-3083,Zimbabwe,SCMS from RDC,N/A - From RDC,14845.0,14451.68,0.973504883799259
DN-3084,Zimbabwe,SCMS from RDC,N/A - From RDC,19248.0,14451.69,0.7508151496259352
DN-3085,Zimbabwe,SCMS from RDC,N/A - From RDC,3133.0,14451.69,4.612732205553782
DN-3086,Mozambique,SCMS from RDC,N/A - From RDC,2503.0,4120.69,1.6463004394726326
DN-3092,Zimbabwe,SCMS from RDC,N/A - From RDC,13288.0,14451.69,1.0875745033112583
DN-3094,Zimbabwe,SCMS from RDC,N/A - From RDC,4536.0,29733.53,6.5550110229276894
DN-3095,Zambia,SCMS from RDC,N/A - From RDC,25504.0,33770.41,1.324122098494354
DN-3101,Tanzania,SCMS from RDC,N/A - From RDC,4613.0,3592.8,0.7788424019076523
DN-3102,Mozambique,SCMS from RDC,N/A - From RDC,36920.0,29935.05,0.8108085048754062
DN-3103,Tanzania,SCMS from RDC,N/A - From RDC,2006.0,3300.95,1.6455383848454634
DN-3104,Tanzania,SCMS from RDC,N/A - From RDC,2635.0,3300.95,1.2527324478178368
DN-3105,Uganda,SCMS from RDC,N/A - From RDC,13310.0,12203.29,0.9168512396694215
DN-3110,Mozambique,SCMS from RDC,N/A - From RDC,36920.0,7852.98,0.21270260021668472
DN-3112,Mozambique,SCMS from RDC,N/A - From RDC,7141.0,5496.08,0.7696513093404285
DN-3119,Uganda,SCMS from RDC,N/A - From RDC,2234.0,6582.95,2.9467099373321397
DN-3122,Uganda,SCMS from RDC,N/A - From RDC,11337.0,23809.39,2.1001490694187175
DN-3127,Uganda,SCMS from RDC,N/A - From RDC,2517.0,11803.13,4.689364322606277
DN-3131,Zimbabwe,SCMS from RDC,N/A - From RDC,20226.0,21173.75,1.046858004548601
DN-3132,Zimbabwe,SCMS from RDC,N/A - From RDC,22001.0,21173.75,0.9623994363892551
DN-3133,Mozambique,SCMS from RDC,N/A - From RDC,7908.0,5496.08,0.6950025290844715
DN-3145,Zimbabwe,SCMS from RDC,N/A - From RDC,3749.0,9708.48,2.5896185649506536
DN-3153,Uganda,SCMS from RDC,N/A - From RDC,1982.0,8163.74,4.118940464177598
DN-3155,Tanzania,SCMS from RDC,N/A - From RDC,2461.0,3592.8,1.4598943518894758
DN-3161,Zambia,SCMS from RDC,N/A - From RDC,28182.0,17650.15,0.6262916045702931
DN-3177,Tanzania,SCMS from RDC,N/A - From RDC,1946.0,12382.0,6.362795477903392
DN-3180,Mozambique,SCMS from RDC,N/A - From RDC,5810.0,13649.6,2.349328743545611
DN-3184,Zambia,SCMS from RDC,N/A - From RDC,11808.0,17650.15,1.4947620257452576
DN-3185,Tanzania,SCMS from RDC,N/A - From RDC,9174.0,7185.6,0.7832570307390452
DN-3186,Zambia,SCMS from RDC,N/A - From RDC,22497.0,11941.65,0.5308107747699693
DN-3196,Tanzania,SCMS from RDC,N/A - From RDC,3674.0,22904.03,6.234085465432771
DN-3200,Côte d'Ivoire,SCMS from RDC,N/A - From RDC,6107.0,23753.64,3.889575896512199
DN-3202,Zambia,SCMS from RDC,N/A - From RDC,11419.0,11941.65,1.0457702075488222
DN-3203,Zambia,SCMS from RDC,N/A - From RDC,19962.0,31401.08,1.5730427812844405
DN-3204,Zambia,SCMS from RDC,N/A - From RDC,6342.0,42040.3,6.628871018606119
DN-3207,Tanzania,SCMS from RDC,N/A - From RDC,1064.0,4203.0,3.950187969924812
DN-3208,Tanzania,SCMS from RDC,N/A - From RDC,7819.0,7108.78,0.909167412712623
DN-3210,Zambia,SCMS from RDC,N/A - From RDC,8744.0,12651.44,1.446870997255261
DN-3211,Zambia,SCMS from RDC,N/A - From RDC,2270.0,4356.75,1.919273127753304
DN-3214,Uganda,SCMS from RDC,N/A - From RDC,2444.0,8800.81,3.600986088379705
DN-3215,Côte d'Ivoire,SCMS from RDC,N/A - From RDC,3893.0,17548.41,4.507683020806576
DN-3216,Côte d'Ivoire,SCMS from RDC,N/A - From RDC,5633.0,17548.42,3.1152884786082016
DN-3221,Uganda,SCMS from RDC,N/A - From RDC,4846.0,13743.46,2.836042096574494
DN-3229,Tanzania,SCMS from RDC,N/A - From RDC,9886.0,44300.9,4.481175399554926
DN-3232,Zimbabwe,SCMS from RDC,N/A - From RDC,3573.0,11133.66,3.1160537363560032
DN-3236,Tanzania,SCMS from RDC,N/A - From RDC,6560.0,8057.2,1.2282317073170732
DN-3237,Uganda,SCMS from RDC,N/A - From RDC,8057.0,10734.13,1.3322737991808364
DN-3273,Uganda,SCMS from RDC,N/A - From RDC,3984.0,20074.74,5.038840361445784
DN-3281,Mozambique,SCMS from RDC,N/A - From RDC,4223.0,4044.33,0.9576912147762254
DN-3286,Mozambique,SCMS from RDC,N/A - From RDC,16498.0,10825.06,0.6561437750030307
DN-3287,Zimbabwe,SCMS from RDC,N/A - From RDC,7831.0,4529.65,0.578425488443366
DN-3288,Mozambique,SCMS from RDC,N/A - From RDC,5291.0,4044.33,0.7643791343791344
DN-3289,Mozambique,SCMS from RDC,N/A - From RDC,6535.0,5950.16,0.9105065034429992
DN-3291,Zimbabwe,SCMS from RDC,N/A - From RDC,2293.0,4529.67,1.9754339293501963
DN-3293,Zimbabwe,SCMS from RDC,N/A - From RDC,2641.0,4529.65,1.7151268458917075
DN-3295,Tanzania,SCMS from RDC,N/A - From RDC,3888.0,8057.19,2.0723225308641973
DN-3297,Zambia,SCMS from RDC,N/A - From RDC,2004.0,4356.75,2.1740269461077846
DN-3298,Zambia,SCMS from RDC,N/A - From RDC,2764.0,4356.75,1.5762481910274964
DN-3300,Tanzania,SCMS from RDC,N/A - From RDC,1482.0,5474.0,3.6936572199730096
DN-3301,Tanzania,SCMS from RDC,N/A - From RDC,7596.0,3567.19,0.46961427066877304
DN-3309,Tanzania,SCMS from RDC,N/A - From RDC,5475.0,17114.5,3.1259360730593606
DN-3313,Côte d'Ivoire,SCMS from RDC,N/A - From RDC,1208.0,3738.52,3.0948013245033112
DN-3314,Tanzania,SCMS from RDC,N/A - From RDC,3547.0,6052.1,1.7062588102621936
DN-3316,Tanzania,SCMS from RDC,N/A - From RDC,5467.0,3567.2,0.6524967989756721
DN-3317,Zambia,SCMS from RDC,N/A - From RDC,3832.0,4356.74,1.1369363256784968
DN-3318,Mozambique,SCMS from RDC,N/A - From RDC,12264.0,5902.4,0.4812785388127854
DN-3326,Tanzania,SCMS from RDC,N/A - From RDC,1337.0,10540.22,7.883485415108451
DN-3327,Zambia,SCMS from RDC,N/A - From RDC,6795.0,14316.94,2.1069816041206773
DN-3329,Côte d'Ivoire,SCMS from RDC,N/A - From RDC,3653.0,15614.89,4.274538735286066
DN-3330,Côte d'Ivoire,SCMS from RDC,N/A - From RDC,8750.0,28864.27,3.2987737142857143
DN-3337,Zimbabwe,SCMS from RDC,N/A - From RDC,2277.0,12000.0,5.270092226613966
DN-3339,Mozambique,SCMS from RDC,N/A - From RDC,1722.0,5950.17,3.4553832752613243
DN-3340,Zambia,SCMS from RDC,N/A - From RDC,6041.0,10651.44,1.7631915245820229
DN-3341,Rwanda,SCMS from RDC,N/A - From RDC,2295.0,4390.98,1.9132810457516338
DN-3342,Zimbabwe,SCMS from RDC,N/A - From RDC,22074.0,21108.57,0.9562639304158739
DN-3345,Rwanda,SCMS from RDC,N/A - From RDC,1960.0,4390.98,2.2402959183673468
DN-3347,Tanzania,SCMS from RDC,N/A - From RDC,12213.0,7607.2,0.6228772619340047
DN-3350,Mozambique,SCMS from RDC,N/A - From RDC,3132.0,7700.0,2.458492975734355
DN-3353,Uganda,SCMS from RDC,N/A - From RDC,1713.0,5591.3,3.264039696438996
DN-3360,Zambia,SCMS from RDC,N/A - From RDC,47387.0,30981.39,0.653795133686454
DN-3361,Zambia,SCMS from RDC,N/A - From RDC,6502.0,34400.04,5.290685942786835
DN-3362,Zambia,SCMS from RDC,N/A - From RDC,6502.0,13300.01,2.0455259920024607
DN-3371,Côte d'Ivoire,SCMS from RDC,N/A - From RDC,7541.0,27875.36,3.6965070945497946
DN-3375,Mozambique,SCMS from RDC,N/A - From RDC,15105.0,5846.08,0.38702946044356173
DN-3376,Mozambique,SCMS from RDC,N/A - From RDC,7482.0,5846.08,0.7813525795241913
DN-3378,Uganda,SCMS from RDC,N/A - From RDC,2818.0,6976.78,2.475791341376863
DN-338,Zimbabwe,SCMS from RDC,N/A - From RDC,5467.0,18941.31,3.4646625205780137
DN-3386,Uganda,SCMS from RDC,N/A - From RDC,1798.0,5856.65,3.2573136818687427
DN-3396,Zambia,SCMS from RDC,N/A - From RDC,22534.0,30981.39,1.3748730806780864
DN-3397,Côte d'Ivoire,SCMS from RDC,N/A - From RDC,4873.0,18002.87,3.6944120664888156
DN-3399,Rwanda,SCMS from RDC,N/A - From RDC,10238.0,13380.52,1.306946669271342
DN-3401,Tanzania,SCMS from RDC,N/A - From RDC,10109.0,7134.39,0.7057463646255812
DN-3404,Zimbabwe,SCMS from RDC,N/A - From RDC,2277.0,10942.88,4.805832235397452
DN-3405,Zimbabwe,SCMS from RDC,N/A - From RDC,5093.0,10942.89,2.1486137836245827
DN-3407,Tanzania,SCMS from RDC,N/A - From RDC,2791.0,10167.54,3.6429738445001796
DN-3413,Zimbabwe,SCMS from RDC,N/A - From RDC,19991.0,10942.88,0.5473903256465409
DN-3416,Uganda,SCMS from RDC,N/A - From RDC,4067.0,6976.78,1.7154610277846079
DN-3421,Rwanda,SCMS from RDC,N/A - From RDC,9404.0,14088.22,1.4981093151850275
DN-3424,Rwanda,SCMS from RDC,N/A - From RDC,1855.0,6638.3,3.5785983827493264
DN-3427,Mozambique,SCMS from RDC,N/A - From RDC,5065.0,5419.21,1.0699328726554789
DN-3428,Mozambique,SCMS from RDC,N/A - From RDC,4395.0,5816.47,1.3234288964732652
DN-3432,Zambia,SCMS from RDC,N/A - From RDC,30923.0,34019.61,1.1001393784561653
DN-3433,Côte d'Ivoire,SCMS from RDC,N/A - From RDC,3930.0,9378.14,2.386295165394402
DN-3439,Mozambique,SCMS from RDC,N/A - From RDC,6904.0,5816.46,0.8424768250289687
DN-3445,Rwanda,SCMS from RDC,N/A - From RDC,2518.0,33986.07,13.497247815726768
DN-3448,Zambia,SCMS from RDC,N/A - From RDC,1628.0,3526.69,2.166271498771499
DN-3453,Rwanda,SCMS from RDC,N/A - From RDC,7248.0,11571.94,1.5965700883002207
DN-3454,Tanzania,SCMS from RDC,N/A - From RDC,8456.0,7134.39,0.843707426679281
DN-3457,Zimbabwe,SCMS from RDC,N/A - From RDC,5103.0,11604.57,2.2740681951793063
DN-3458,Tanzania,SCMS from RDC,N/A - From RDC,2304.0,5989.25,2.5995008680555554
DN-3459,Mozambique,SCMS from RDC,N/A - From RDC,6959.0,7150.25,1.0274823968961058
DN-3460,Zimbabwe,SCMS from RDC,N/A - From RDC,4174.0,10900.0,2.6114039290848106
DN-3477,Tanzania,SCMS from RDC,N/A - From RDC,1221.0,4847.8,3.9703521703521707
DN-3479,Rwanda,SCMS from RDC,N/A - From RDC,10998.0,75824.42,6.894382615020913
DN-3480,Rwanda,SCMS from RDC,N/A - From RDC,3887.0,21032.82,5.411067661435554
DN-3481,Rwanda,SCMS from RDC,N/A - From RDC,1412.0,20049.08,14.199065155807366
DN-3483,Mozambique,SCMS from RDC,N/A - From RDC,17181.0,15814.01,0.9204359466852919
DN-3484,Mozambique,SCMS from RDC,N/A - From RDC,18838.0,7928.11,0.42085730969317336
DN-3485,Mozambique,SCMS from RDC,N/A - From RDC,18957.0,16813.62,0.8869346415572084
DN-3488,Zimbabwe,SCMS from RDC,N/A - From RDC,6428.0,15847.19,2.4653375855631614
DN-3496,Zimbabwe,SCMS from RDC,N/A - From RDC,24375.0,15847.18,0.650140717948718
DN-3497,Rwanda,SCMS from RDC,N/A - From RDC,4883.0,7708.3,1.5785992217898832
DN-3499,Tanzania,SCMS from RDC,N/A - From RDC,3920.0,6010.2,1.5332142857142856
DN-3500,Tanzania,SCMS from RDC,N/A - From RDC,1336.0,5033.8,3.767814371257485
DN-3502,Uganda,SCMS from RDC,N/A - From RDC,8998.0,5458.45,0.6066292509446544
DN-3503,Uganda,SCMS from RDC,N/A - From RDC,2978.0,5458.46,1.832928139691068
DN-3505,Tanzania,SCMS from RDC,N/A - From RDC,8820.0,3541.59,0.4015408163265306
DN-3510,Côte d'Ivoire,SCMS from RDC,N/A - From RDC,5450.0,23701.58,4.34891376146789
DN-3512,Côte d'Ivoire,SCMS from RDC,N/A - From RDC,6766.0,18278.07,2.7014587644102868
DN-3517,Côte d'Ivoire,SCMS from RDC,N/A - From RDC,12220.0,42859.56,3.507328968903437
DN-3518,Rwanda,SCMS from RDC,N/A - From RDC,13429.0,13380.52,0.9963899024499219
DN-3525,Mozambique,SCMS from RDC,N/A - From RDC,7654.0,7928.11,1.0358126469819702
DN-3526,Mozambique,SCMS from RDC,N/A - From RDC,36903.0,7928.11,0.21483646316017668
DN-3531,Tanzania,SCMS from RDC,N/A - From RDC,7393.0,7083.18,0.9580927904774788
DN-3532,Tanzania,SCMS from RDC,N/A - From RDC,5175.0,3541.59,0.6843652173913044
DN-3533,Tanzania,SCMS from RDC,N/A - From RDC,1635.0,6007.2,3.6741284403669723
DN-3534,Uganda,SCMS from RDC,N/A - From RDC,5412.0,6951.84,1.2845232815964525
DN-3535,Mozambique,SCMS from RDC,N/A - From RDC,10673.0,15392.43,1.442184015740654
DN-3536,Rwanda,SCMS from RDC,N/A - From RDC,1382.0,8456.96,6.119363241678726
DN-3537,Mozambique,SCMS from RDC,N/A - From RDC,19164.0,14509.09,0.7571013358380296
DN-3538,Uganda,SCMS from RDC,N/A - From RDC,4187.0,16821.66,4.017592548363984
DN-3543,Tanzania,SCMS from RDC,N/A - From RDC,2266.0,2352.52,1.038181818181818
DN-355,Zimbabwe,SCMS from RDC,N/A - From RDC,3951.0,13788.25,3.4898127056441406
DN-3553,Mozambique,SCMS from RDC,N/A - From RDC,3118.0,4768.06,1.5292046183450931
DN-3554,Mozambique,SCMS from RDC,N/A - From RDC,1102.0,8406.81,7.628684210526315
DN-3555,Côte d'Ivoire,SCMS from RDC,N/A - From RDC,1122.0,5520.83,4.920525846702318
DN-3558,Mozambique,SCMS from RDC,N/A - From RDC,5170.0,8406.81,1.6260754352030946
DN-3566,Côte d'Ivoire,SCMS from RDC,N/A - From RDC,5565.0,23776.42,4.272492362982929
DN-3568,Côte d'Ivoire,SCMS from RDC,N/A - From RDC,16851.0,23776.41,1.4109791703756454
DN-3569,Côte d'Ivoire,SCMS from RDC,N/A - From RDC,4392.0,18607.76,4.236739526411657
DN-3570,Zambia,SCMS from RDC,N/A - From RDC,3041.0,3526.69,1.1597139098980598
DN-3571,Zimbabwe,SCMS from RDC,N/A - From RDC,16192.0,18090.64,1.1172579051383398
DN-3575,Côte d'Ivoire,SCMS from RDC,N/A - From RDC,2933.0,11961.04,4.078090692124105
DN-3576,Ghana,SCMS from RDC,N/A - From RDC,8701.0,3975.7,0.45692449143776576
DN-3579,Rwanda,SCMS from RDC,N/A - From RDC,22442.0,12995.06,0.579050886730238
DN-3580,Mozambique,SCMS from RDC,N/A - From RDC,28696.0,22890.82,0.7977007248396989
DN-3582,Tanzania,SCMS from RDC,N/A - From RDC,6692.0,6010.2,0.8981171548117155
DN-3588,Zimbabwe,SCMS from RDC,N/A - From RDC,65471.0,64802.96,0.9897963984054009
DN-3589,Uganda,SCMS from RDC,N/A - From RDC,6909.0,4947.38,0.7160775799681575
DN-3592,Tanzania,SCMS from RDC,N/A - From RDC,5687.0,6010.2,1.0568313697907508
DN-3593,Tanzania,SCMS from RDC,N/A - From RDC,5065.0,2352.52,0.4644659427443238
DN-3599,Côte d'Ivoire,SCMS from RDC,N/A - From RDC,11043.0,39329.03,3.5614443538893417
DN-3607,Uganda,SCMS from RDC,N/A - From RDC,4009.0,4947.38,1.2340683462210027
DN-3608,Uganda,SCMS from RDC,N/A - From RDC,4133.0,24362.92,5.894730220179047
DN-3611,Rwanda,SCMS from RDC,N/A - From RDC,1412.0,4609.68,3.264645892351275
DN-3612,Mozambique,SCMS from RDC,N/A - From RDC,5343.0,12803.35,2.396284858693618
DN-3613,Tanzania,SCMS from RDC,N/A - From RDC,22895.0,13649.14,0.5961624808910242
DN-3614,Tanzania,SCMS from RDC,N/A - From RDC,2525.0,2352.53,0.9316950495049505
DN-3617,Rwanda,SCMS from RDC,N/A - From RDC,2342.0,5445.73,2.325247651579846
DN-3625,Zambia,SCMS from RDC,N/A - From RDC,7140.0,47532.09,6.657155462184874
DN-3627,Mozambique,SCMS from RDC,N/A - From RDC,15942.0,4768.06,0.29908794379626147
DN-3628,Mozambique,SCMS from RDC,N/A - From RDC,88761.0,55287.91,0.6228851635290275
DN-3629,Tanzania,SCMS from RDC,N/A - From RDC,9400.0,43758.8,4.655191489361703
DN-3631,Côte d'Ivoire,SCMS from RDC,N/A - From RDC,6705.0,27664.61,4.125967188665175
DN-3632,Côte d'Ivoire,SCMS from RDC,N/A - From RDC,8889.0,33073.6,3.7207334908313645
DN-3633,Côte d'Ivoire,SCMS from RDC,N/A - From RDC,4919.0,17647.73,3.587666192315511
DN-3634,Côte d'Ivoire,SCMS from RDC,N/A - From RDC,1385.0,6437.76,4.648202166064982
DN-3641,Rwanda,SCMS from RDC,N/A - From RDC,1851.0,5445.73,2.9420475418692598
DN-3642,Rwanda,SCMS from RDC,N/A - From RDC,3703.0,8469.67,2.2872454766405617
DN-3643,Tanzania,SCMS from RDC,N/A - From RDC,4874.0,12435.18,2.551329503487895
DN-3646,Tanzania,SCMS from RDC,N/A - From RDC,9400.0,2317.16,0.24650638297872338
DN-3647,Zambia,SCMS from RDC,N/A - From RDC,3360.0,9527.17,2.835467261904762
DN-3648,Zambia,SCMS from RDC,N/A - From RDC,17018.0,19564.23,1.1496198143142555
DN-3652,Mozambique,SCMS from RDC,N/A - From RDC,48109.0,30202.86,0.6278006194267185
DN-3655,Côte d'Ivoire,SCMS from RDC,N/A - From RDC,12199.0,46520.17,3.8134412656775143
DN-3656,Côte d'Ivoire,SCMS from RDC,N/A - From RDC,9080.0,34551.83,3.8052676211453744
DN-3658,Rwanda,SCMS from RDC,N/A - From RDC,9905.0,5445.73,0.5497960625946491
DN-3659,Tanzania,SCMS from RDC,N/A - From RDC,13280.0,7083.18,0.5333719879518073
DN-3661,Uganda,SCMS from RDC,N/A - From RDC,10166.0,4909.97,0.48297953964194373
DN-3674,Tanzania,SCMS from RDC,N/A - From RDC,5446.0,27804.65,5.105517811237606
DN-3688,Tanzania,SCMS from RDC,N/A - From RDC,20501.0,13765.17,0.6714389541973562
DN-3689,Rwanda,SCMS from RDC,N/A - From RDC,8281.0,14311.0,1.7281729259751237
DN-3692,Côte d'Ivoire,SCMS from RDC,N/A - From RDC,11971.0,44448.75,3.713035669534709
DN-3694,Côte d'Ivoire,SCMS from RDC,N/A - From RDC,7355.0,28647.52,3.894972127804215
DN-3695,Mozambique,SCMS from RDC,N/A - From RDC,10073.0,7048.57,0.699748833515338
DN-3696,Mozambique,SCMS from RDC,N/A - From RDC,2844.0,4853.84,1.7066947960618848
DN-3698,Mozambique,SCMS from RDC,N/A - From RDC,7041.0,4486.01,0.6371268285754864
DN-3699,Rwanda,SCMS from RDC,N/A - From RDC,5565.0,34837.8,6.260161725067386
DN-3701,Zambia,SCMS from RDC,N/A - From RDC,17177.0,29971.59,1.744867555452058
DN-3702,Zimbabwe,SCMS from RDC,N/A - From RDC,37973.0,15873.95,0.4180325494430253
DN-3703,Zimbabwe,SCMS from RDC,N/A - From RDC,11717.0,74740.8,6.37883417256977
DN-3705,Zimbabwe,SCMS from RDC,N/A - From RDC,17791.0,33707.41,1.8946326794446633
DN-3706,Côte d'Ivoire,SCMS from RDC,N/A - From RDC,3591.0,21593.88,6.013333333333334
DN-3707,Côte d'Ivoire,SCMS from RDC,N/A - From RDC,3591.0,5153.54,1.4351267056530215
DN-3708,Côte d'Ivoire,SCMS from RDC,N/A - From RDC,2720.0,32022.51,11.772981617647059
DN-3709,Tanzania,SCMS from RDC,N/A - From RDC,2746.0,5989.25,2.181081573197378
DN-3713,Uganda,SCMS from RDC,N/A - From RDC,6061.0,6901.96,1.138749381290216
DN-3714,Rwanda,SCMS from RDC,N/A - From RDC,1878.0,11085.83,5.902997870074548
DN-3731,Côte d'Ivoire,SCMS from RDC,N/A - From RDC,2751.0,11438.93,4.158098873137041
DN-3732,Uganda,SCMS from RDC,N/A - From RDC,18737.0,9857.35,0.5260900891284624
DN-3736,Uganda,SCMS from RDC,N/A - From RDC,27953.0,19248.7,0.688609451579437
DN-3744,Mozambique,SCMS from RDC,N/A - From RDC,45740.0,31113.19,0.6802184083952776
DN-3745,Mozambique,SCMS from RDC,N/A - From RDC,4227.0,2259.81,0.5346132008516679
DN-3747,Côte d'Ivoire,SCMS from RDC,N/A - From RDC,3522.0,14985.96,4.25495741056218
DN-3752,Mozambique,SCMS from RDC,N/A - From RDC,20019.0,11701.65,0.5845271991607972
DN-3754,Zambia,SCMS from RDC,N/A - From RDC,2438.0,5236.92,2.1480393765381463
DN-3755,Zambia,SCMS from RDC,N/A - From RDC,4800.0,10982.2,2.2879583333333335
DN-3757,Mozambique,SCMS from RDC,N/A - From RDC,1242.0,9384.0,7.555555555555555
DN-3758,Tanzania,SCMS from RDC,N/A - From RDC,3030.0,2994.62,0.9883234323432343
DN-3759,Tanzania,SCMS from RDC,N/A - From RDC,2209.0,2994.63,1.3556496152105026
DN-3760,Uganda,SCMS from RDC,N/A - From RDC,9014.0,52211.42,5.792258708675393
DN-3761,Côte d'Ivoire,SCMS from RDC,N/A - From RDC,1485.0,6819.73,4.592410774410774
DN-3771,Zimbabwe,SCMS from RDC,N/A - From RDC,18528.0,31514.85,1.7009310233160622
DN-3780,Zimbabwe,SCMS from RDC,N/A - From RDC,5925.0,13770.65,2.3241603375527427
DN-3787,Rwanda,SCMS from RDC,N/A - From RDC,5621.0,10640.81,1.8930457214018857
DN-3788,Rwanda,SCMS from RDC,N/A - From RDC,11117.0,15617.93,1.4048691193667358
DN-3803,Côte d'Ivoire,SCMS from RDC,N/A - From RDC,7295.0,28669.4,3.9300068540095956
DN-3806,Zambia,SCMS from RDC,N/A - From RDC,8487.0,8054.68,0.9490609166961235
DN-3809,Mozambique,SCMS from RDC,N/A - From RDC,9741.0,9360.14,0.9609013448311261
DN-3811,Tanzania,SCMS from RDC,N/A - From RDC,2003.0,10010.15,4.997578632051922
DN-3819,Zambia,SCMS from RDC,N/A - From RDC,82137.0,67855.39,0.8261245236616872
DN-3820,Zambia,SCMS from RDC,N/A - From RDC,14867.0,13627.76,0.916644918275375
DN-3821,Zambia,SCMS from RDC,N/A - From RDC,3324.0,4266.62,1.2835800240673887
DN-3822,Zambia,SCMS from RDC,N/A - From RDC,1228.0,1765.18,1.437442996742671
DN-3823,Zimbabwe,SCMS from RDC,N/A - From RDC,5780.0,15789.2,2.731695501730104
DN-3824,Zimbabwe,SCMS from RDC,N/A - From RDC,1069.0,7500.0,7.015902712815715
DN-3825,Zimbabwe,SCMS from RDC,N/A - From RDC,64918.0,43218.07,0.6657332326935519
DN-3826,Mozambique,SCMS from RDC,N/A - From RDC,1307.0,1482.7,1.1344299923488905
DN-3827,Mozambique,SCMS from RDC,N/A - From RDC,81836.0,47171.27,0.5764122146732489
DN-3828,Mozambique,SCMS from RDC,N/A - From RDC,9511.0,10217.02,1.0742319419619388
DN-3832,Zambia,SCMS from RDC,N/A - From RDC,8528.0,8635.96,1.0126594746716697
DN-3833,Zambia,SCMS from RDC,N/A - From RDC,9530.0,16468.54,1.7280734522560337
DN-3838,Zambia,SCMS from RDC,N/A - From RDC,1413.0,1325.68,0.938202406227884
DN-3839,Zambia,SCMS from RDC,N/A - From RDC,2426.0,2413.89,0.9950082440230832
DN-3850,Côte d'Ivoire,SCMS from RDC,N/A - From RDC,1766.0,7481.81,4.23658550396376
DN-3863,Uganda,SCMS from RDC,N/A - From RDC,2630.0,6926.9,2.6338022813688213
DN-3864,Mozambique,SCMS from RDC,N/A - From RDC,15659.0,10925.34,0.6977035570598378
DN-3865,Mozambique,SCMS from RDC,N/A - From RDC,6342.0,3290.58,0.5188552507095553
DN-3866,Mozambique,SCMS from RDC,N/A - From RDC,16611.0,11223.8,0.6756847871892119
DN-3867,Tanzania,SCMS from RDC,N/A - From RDC,3431.0,19379.94,5.648481492276304
DN-3868,Tanzania,SCMS from RDC,N/A - From RDC,3090.0,17858.3,5.779385113268608
DN-3869,Zambia,SCMS from RDC,N/A - From RDC,5111.0,10944.73,2.141406769712385
DN-3872,Mozambique,SCMS from RDC,N/A - From RDC,28111.0,18448.52,0.6562740564191953
DN-3873,Mozambique,SCMS from RDC,N/A - From RDC,2381.0,5073.25,2.1307223855522888
DN-3874,Mozambique,SCMS from RDC,N/A - From RDC,9100.0,6507.33,0.7150912087912088
DN-3875,Mozambique,SCMS from RDC,N/A - From RDC,19965.0,14767.58,0.7396734284998748
DN-3876,Zambia,SCMS from RDC,N/A - From RDC,1406.0,1335.02,0.9495163584637268
DN-3877,Zambia,SCMS from RDC,N/A - From RDC,3704.0,4562.72,1.2318358531317495
DN-3880,Uganda,SCMS from RDC,N/A - From RDC,1089.0,3730.8,3.4258953168044077
DN-3886,Mozambique,SCMS from RDC,N/A - From RDC,11107.0,5982.43,0.5386179886558027
DN-3888,Zambia,SCMS from RDC,N/A - From RDC,1667.0,1966.09,1.1794181163767246
DN-3889,Zambia,SCMS from RDC,N/A - From RDC,2484.0,3613.05,1.4545289855072465
DN-3898,Côte d'Ivoire,SCMS from RDC,N/A - From RDC,1273.0,4783.36,3.757549096622152
DN-3903,Mozambique,SCMS from RDC,N/A - From RDC,7039.0,5192.68,0.7377013780366529
DN-3907,Namibia,SCMS from RDC,N/A - From RDC,9632.0,15571.48,1.6166403654485049
DN-3910,Tanzania,SCMS from RDC,N/A - From RDC,2356.0,2151.27,0.9131027164685909
DN-3925,Tanzania,SCMS from RDC,N/A - From RDC,2345.0,2456.74,1.0476503198294242
DN-3929,Tanzania,SCMS from RDC,N/A - From RDC,2152.0,837.59,0.3892146840148699
DN-3932,Tanzania,SCMS from RDC,N/A - From RDC,1673.0,5364.61,3.2065809922295276
DN-3933,Tanzania,SCMS from RDC,N/A - From RDC,2117.0,1663.18,0.7856306093528579
DN-3937,Zambia,SCMS from RDC,N/A - From RDC,19661.0,21149.81,1.0757240221758813
DN-3939,Mozambique,SCMS from RDC,N/A - From RDC,28021.0,19662.09,0.7016912315763177
DN-3943,Zambia,SCMS from RDC,N/A - From RDC,3731.0,4329.61,1.160442240686143
DN-3944,Mozambique,SCMS from RDC,N/A - From RDC,10191.0,8520.87,0.836117162201943
DN-3950,Zambia,SCMS from RDC,N/A - From RDC,7194.0,9410.57,1.3081137058659995
DN-3951,Zambia,SCMS from RDC,N/A - From RDC,3237.0,4208.35,1.300077232004943
DN-3957,Mozambique,SCMS from RDC,N/A - From RDC,56314.0,53110.46,0.9431129026529815
DN-3964,Tanzania,SCMS from RDC,N/A - From RDC,2346.0,1462.81,0.623533674339301
DN-3969,Rwanda,SCMS from RDC,N/A - From RDC,17140.0,23340.84,1.3617759626604433
DN-3970,Zimbabwe,SCMS from RDC,N/A - From RDC,1153.0,1489.8,1.292107545533391
DN-3971,Zimbabwe,SCMS from RDC,N/A - From RDC,2372.0,2599.36,1.0958516020236089
DN-3972,Zimbabwe,SCMS from RDC,N/A - From RDC,3919.0,4083.5,1.0419749936208216
DN-3974,Zimbabwe,SCMS from RDC,N/A - From RDC,21570.0,24309.72,1.1270152990264257
DN-3978,Zambia,SCMS from RDC,N/A - From RDC,2130.0,6700.42,3.145737089201878
DN-3984,Zambia,SCMS from RDC,N/A - From RDC,2599.0,3427.33,1.318711042708734
DN-4006,Tanzania,SCMS from RDC,N/A - From RDC,1371.0,7585.82,5.533056163384391
DN-4008,Uganda,SCMS from RDC,N/A - From RDC,7043.0,6852.08,0.9728922334232571
DN-4009,Rwanda,SCMS from RDC,N/A - From RDC,1755.0,4328.9,2.4666096866096865
DN-4012,Rwanda,SCMS from RDC,N/A - From RDC,17317.0,26620.36,1.5372385517121903
DN-4015,Côte d'Ivoire,SCMS from RDC,N/A - From RDC,4899.0,19497.24,3.9798407838334358
DN-4016,Côte d'Ivoire,SCMS from RDC,N/A - From RDC,2014.0,7726.12,3.836206554121152
DN-4017,Côte d'Ivoire,SCMS from RDC,N/A - From RDC,5678.0,20052.11,3.531544557942938
DN-4019,Uganda,SCMS from RDC,N/A - From RDC,10119.0,6852.08,0.6771499159996047
DN-4024,Côte d'Ivoire,SCMS from RDC,N/A - From RDC,10413.0,39599.1,3.8028522039757995
DN-4027,Côte d'Ivoire,SCMS from RDC,N/A - From RDC,11283.0,42947.44,3.8063848267304796
DN-4032,Mozambique,SCMS from RDC,N/A - From RDC,12408.0,15645.33,1.2609066731141199
DN-4034,Uganda,SCMS from RDC,N/A - From RDC,5083.0,6948.04,1.3669171748967146
DN-4041,Uganda,SCMS from RDC,N/A - From RDC,5324.0,8248.28,1.5492637114951167
DN-4045,Zambia,SCMS from RDC,N/A - From RDC,1906.0,2201.74,1.155162644281217
DN-4050,Mozambique,SCMS from RDC,N/A - From RDC,12307.0,8191.96,0.6656341919232956
DN-4061,Uganda,SCMS from RDC,N/A - From RDC,41041.0,40616.15,0.9896481567213274
DN-4063,Côte d'Ivoire,SCMS from RDC,N/A - From RDC,4114.0,9264.13,2.2518546426835195
DN-4064,Côte d'Ivoire,SCMS from RDC,N/A - From RDC,24636.0,46181.17,1.8745401039129728
DN-4070,Uganda,SCMS from RDC,N/A - From RDC,3961.0,3562.44,0.8993789447109316
DN-4071,Uganda,SCMS from RDC,N/A - From RDC,1467.0,1319.21,0.8992569870483981
DN-4072,Zimbabwe,SCMS from RDC,N/A - From RDC,2375.0,6819.95,2.871557894736842
DN-4081,Mozambique,SCMS from RDC,N/A - From RDC,4076.0,4834.6,1.1861138370951914
DN-4082,Zambia,SCMS from RDC,N/A - From RDC,10615.0,22520.71,2.121593028732925
DN-4088,Rwanda,SCMS from RDC,N/A - From RDC,15302.0,12757.0,0.8336818716507646
DN-4089,Tanzania,SCMS from RDC,N/A - From RDC,1386.0,7061.2,5.094660894660895
DN-4092,Côte d'Ivoire,SCMS from RDC,N/A - From RDC,2932.0,8936.06,3.047769440654843
DN-4093,Côte d'Ivoire,SCMS from RDC,N/A - From RDC,2000.0,8499.16,4.24958
DN-4094,Côte d'Ivoire,SCMS from RDC,N/A - From RDC,3000.0,12748.74,4.24958
DN-4096,Mozambique,SCMS from RDC,N/A - From RDC,112027.0,79514.44,0.7097792496451748
DN-4101,Uganda,SCMS from RDC,N/A - From RDC,2389.0,10011.25,4.190560904143993
DN-4102,Uganda,SCMS from RDC,N/A - From RDC,1255.0,4438.0,3.5362549800796814
DN-4104,Tanzania,SCMS from RDC,N/A - From RDC,1293.0,4916.0,3.8020108275328695
DN-4105,Uganda,SCMS from RDC,N/A - From RDC,2033.0,9482.19,4.664136743728481
DN-4108,Mozambique,SCMS from RDC,N/A - From RDC,1519.0,1932.67,1.2723304805793285
DN-4111,Zambia,SCMS from RDC,N/A - From RDC,7521.0,8265.26,1.0989575854274698
DN-4112,Zimbabwe,SCMS from RDC,N/A - From RDC,75284.0,77960.08,1.0355464640561076
DN-4113,Zimbabwe,SCMS from RDC,N/A - From RDC,1828.0,1955.17,1.0695678336980308
DN-4115,Mozambique,SCMS from RDC,N/A - From RDC,6842.0,8689.22,1.2699824612686348
DN-4116,Zimbabwe,SCMS from RDC,N/A - From RDC,11353.0,12654.78,1.1146639654716815
DN-4117,Zambia,SCMS from RDC,N/A - From RDC,11342.0,15715.08,1.3855651560571327
DN-4129,Zimbabwe,SCMS from RDC,N/A - From RDC,45186.0,47401.47,1.0490300092949143
DN-4137,Côte d'Ivoire,SCMS from RDC,N/A - From RDC,1683.0,6443.5,3.828579916815211
DN-4138,Côte d'Ivoire,SCMS from RDC,N/A - From RDC,8855.0,33900.99,3.828457368718238
DN-4139,Côte d'Ivoire,SCMS from RDC,N/A - From RDC,9208.0,35832.12,3.8914118158123374
DN-4149,Rwanda,SCMS from RDC,N/A - From RDC,4326.0,9426.33,2.178994452149792
DN-4152,Mozambique,SCMS from RDC,N/A - From RDC,4355.0,3644.18,0.8367807118254879
DN-4153,Mozambique,SCMS from RDC,N/A - From RDC,9674.0,7921.0,0.8187926400661567
DN-4154,Zambia,SCMS from RDC,N/A - From RDC,28276.0,46157.86,1.6324041590041025
DN-4155,Zimbabwe,SCMS from RDC,N/A - From RDC,37955.0,42077.59,1.1086178369121327
DN-4156,Zimbabwe,SCMS from RDC,N/A - From RDC,21668.0,23559.93,1.0873144729555104
DN-4157,Zimbabwe,SCMS from RDC,N/A - From RDC,15222.0,18513.23,1.2162153462094336
DN-4158,Zimbabwe,SCMS from RDC,N/A - From RDC,1790.0,2042.6,1.1411173184357541
DN-4159,Zimbabwe,SCMS from RDC,N/A - From RDC,1119.0,1417.12,1.2664164432529044
DN-4160,Zimbabwe,SCMS from RDC,N/A - From RDC,10314.0,12867.46,1.2475722319177815
DN-4162,Rwanda,SCMS from RDC,N/A - From RDC,12079.0,16971.93,1.4050774070701217
DN-4163,Uganda,SCMS from RDC,N/A - From RDC,2885.0,2564.94,0.8890606585788562
DN-4177,Côte d'Ivoire,SCMS from RDC,N/A - From RDC,17769.0,36897.57,2.0765135910855985
DN-4182,Zambia,SCMS from RDC,N/A - From RDC,6431.0,43219.06,6.720426061265743
DN-4191,Mozambique,SCMS from RDC,N/A - From RDC,90446.0,68874.85,0.7615024434469186
DN-4192,Zambia,SCMS from RDC,N/A - From RDC,67880.0,78454.01,1.1557750441956394
DN-4193,Mozambique,SCMS from RDC,N/A - From RDC,6697.0,3995.94,0.5966761236374496
DN-4194,Swaziland,SCMS from RDC,N/A - From RDC,7403.0,4971.05,0.671491287315953
DN-4200,Rwanda,SCMS from RDC,N/A - From RDC,1067.0,6310.4,5.914151827553889
DN-4218,Uganda,SCMS from RDC,N/A - From RDC,21710.0,18500.5,0.8521649009672961
DN-4224,Zimbabwe,SCMS from RDC,N/A - From RDC,6368.0,225.79,0.035456972361809044
DN-4225,Zimbabwe,SCMS from RDC,N/A - From RDC,6368.0,2592.56,0.40712311557788944
DN-4231,Mozambique,SCMS from RDC,N/A - From RDC,26603.0,19194.37,0.7215114836672555
DN-4233,Mozambique,SCMS from RDC,N/A - From RDC,6237.0,5443.53,0.8727801827801828
DN-4234,Mozambique,SCMS from RDC,N/A - From RDC,3772.0,3567.08,0.9456733828207847
DN-4235,Mozambique,SCMS from RDC,N/A - From RDC,39688.0,28277.42,0.712492944970772
DN-4236,Mozambique,SCMS from RDC,N/A - From RDC,1504.0,1653.9,1.0996675531914895
DN-4243,Zimbabwe,SCMS from RDC,N/A - From RDC,13469.0,16679.87,1.2383896354592026
DN-4248,Mozambique,SCMS from RDC,N/A - From RDC,5358.0,5894.11,1.100057857409481
DN-4249,Uganda,SCMS from RDC,N/A - From RDC,4055.0,4112.56,1.014194821208385
DN-4250,Zambia,SCMS from RDC,N/A - From RDC,2803.0,4040.64,1.441541205850874
DN-4251,Zambia,SCMS from RDC,N/A - From RDC,6221.0,9341.81,1.5016572898247869
DN-4253,Côte d'Ivoire,SCMS from RDC,N/A - From RDC,13107.0,20816.42,1.5881910429541466
DN-4254,Côte d'Ivoire,SCMS from RDC,N/A - From RDC,16614.0,24788.37,1.492016973636692
DN-4255,Côte d'Ivoire,SCMS from RDC,N/A - From RDC,33428.0,49314.37,1.4752414143831518
DN-4257,Zambia,SCMS from RDC,N/A - From RDC,68951.0,80039.1,1.1608113007788141
DN-4259,Uganda,SCMS from RDC,N/A - From RDC,2253.0,3785.72,1.6803018197958277
DN-4265,Uganda,SCMS from RDC,N/A - From RDC,4964.0,6126.12,1.2341095890410958
DN-4288,Zambia,SCMS from RDC,N/A - From RDC,4875.0,23688.4,4.859158974358975
DN-4307,Zimbabwe,SCMS from RDC,N/A - From RDC,25880.0,46111.55,1.7817445904173108
DN-4313,Côte d'Ivoire,SCMS from RDC,N/A - From RDC,4426.0,14734.92,3.3291730682331675
DN-4314,Côte d'Ivoire,SCMS from RDC,N/A - From RDC,7041.0,28406.4,4.034426927993183
DN-506,Zambia,SCMS from RDC,N/A - From RDC,8554.0,24405.0,2.853051204115034
DN-605,Zambia,SCMS from RDC,N/A - From RDC,4957.0,15220.18,3.070441799475489
DN-639,Zambia,SCMS from RDC,N/A - From RDC,4128.0,6539.8,1.5842538759689924
DN-678,Botswana,SCMS from RDC,N/A - From RDC,1693.0,1220.73,0.7210454813939752
DN-708,Zimbabwe,SCMS from RDC,N/A - From RDC,1740.0,8008.65,4.602672413793103
DN-748,Tanzania,SCMS from RDC,N/A - From RDC,15566.0,9330.0,0.5993832712321727
DN-764,Tanzania,SCMS from RDC,N/A - From RDC,10453.0,8831.92,0.844917248636755
DN-767,Zambia,SCMS from RDC,N/A - From RDC,3224.0,4217.45,1.3081420595533497
DN-769,Zambia,SCMS from RDC,N/A - From RDC,2493.0,4887.18,1.960361010830325
DN-777,Zambia,SCMS from RDC,N/A - From RDC,3422.0,5936.99,1.734947399181765
DN-808,Zambia,SCMS from RDC,N/A - From RDC,3925.0,2196.18,0.559536305732484
DN-810,Mozambique,SCMS from RDC,N/A - From RDC,2298.0,3733.57,1.62470409051349
DN-813,Zimbabwe,SCMS from RDC,N/A - From RDC,6606.0,22666.98,3.431271571298819
DN-821,Zambia,SCMS from RDC,N/A - From RDC,3679.0,5014.65,1.3630470236477303
DN-822,Zambia,SCMS from RDC,N/A - From RDC,3882.0,5468.93,1.4087918598660485
DN-823,Zambia,SCMS from RDC,N/A - From RDC,12606.0,7053.51,0.5595359352689195
DN-824,Zambia,SCMS from RDC,N/A - From RDC,3457.0,1934.31,0.5595342782759618
DN-828,Zambia,SCMS from RDC,N/A - From RDC,2115.0,2882.85,1.363049645390071
DN-838,Zimbabwe,SCMS from RDC,N/A - From RDC,1368.0,5663.0,4.139619883040936
DN-839,Zambia,SCMS from RDC,N/A - From RDC,7393.0,6051.02,0.8184796429054512
DN-845,Tanzania,SCMS from RDC,N/A - From RDC,1608.0,1700.32,1.057412935323383
DN-849,Tanzania,SCMS from RDC,N/A - From RDC,4237.0,3482.59,0.8219471324050036
DN-855,Zambia,SCMS from RDC,N/A - From RDC,3841.0,3558.49,0.9264488414475397
DN-861,Zambia,SCMS from RDC,N/A - From RDC,4247.0,8231.95,1.9382976218507184
DN-865,Zambia,SCMS from RDC,N/A - From RDC,8276.0,6120.06,0.7394949250845819
DN-891,Tanzania,SCMS from RDC,N/A - From RDC,13253.0,64506.78,4.867334188485626
DN-900,Zimbabwe,SCMS from RDC,N/A - From RDC,8481.0,30585.17,3.606316472114137
DN-912,Zambia,SCMS from RDC,N/A - From RDC,6986.0,6269.7,0.8974663612940166
DN-924,Zambia,SCMS from RDC,N/A - From RDC,3842.0,15281.81,3.977566371681416
DN-931,Mozambique,SCMS from RDC,N/A - From RDC,7910.0,1012.43,0.1279936788874842
DN-932,Mozambique,SCMS from RDC,N/A - From RDC,3918.0,1012.43,0.25840479836651353
DN-937,Kenya,SCMS from RDC,N/A - From RDC,6067.0,1250.0,0.2060326355694742
DN-938,Zambia,SCMS from RDC,N/A - From RDC,3817.0,4579.42,1.1997432538642914
DN-950,Zambia,SCMS from RDC,N/A - From RDC,3787.0,4060.55,1.0722339582783207
DN-951,Zambia,SCMS from RDC,N/A - From RDC,2717.0,4060.55,1.4944976076555025
DN-954,Zambia,SCMS from RDC,N/A - From RDC,3775.0,4060.54,1.0756397350993376
DN-963,Kenya,SCMS from RDC,N/A - From RDC,6074.0,1250.0,0.2057951926243003
DN-966,Zambia,SCMS from RDC,N/A - From RDC,2764.0,2938.92,1.0632850940665701
DN-967,Zambia,SCMS from RDC,N/A - From RDC,2773.0,2938.92,1.059834114677245
DN-975,Zambia,SCMS from RDC,N/A - From RDC,88190.0,11519.94,0.13062637487243453
DN-976,Zambia,SCMS from RDC,N/A - From RDC,2641.0,2938.92,1.1128057553956834
DN-977,Zambia,SCMS from RDC,N/A - From RDC,4585.0,2938.92,0.6409858233369684
DN-993,Zambia,SCMS from RDC,N/A - From RDC,1162.0,3629.37,3.1233820998278827
