country,population,shipments,priced_n,weighed_n,median_freight_per_kg,mean_freight_per_kg,freight_to_value_n,median_freight_to_value,mean_freight_to_value,total_numeric_freight,excluded_included_in_price,excluded_invoiced_separately,excluded_see_another_note,excluded_weight_not_numeric,excluded_weight_not_positive,value_sum_not_positive,value_sum_not_positive_among_priced,rank_eligible
Nigeria,weighed_inside_weight_band,221,221,221,11.5811377245509,12.912421330066481,221,0.07422847646229994,0.3145560260953163,4808358.26,0,0,0,0,0,0,0,1
Zimbabwe,weighed_inside_weight_band,70,70,70,10.612830660007575,11.771928822127833,70,0.12709396820189145,0.1869827075829325,1280806.8599999996,0,0,0,0,0,0,0,1
Guyana,weighed_inside_weight_band,22,22,22,10.267478869134363,10.269618887775891,22,0.11785641767302671,0.1239678192826846,179346.48999999996,0,0,0,0,0,0,0,1
"Congo, DRC",weighed_inside_weight_band,28,28,28,9.970426731415694,12.568887590361442,28,0.1548302731420485,0.29666694779741715,435298.65,0,0,0,0,0,0,0,1
Kenya,weighed_inside_weight_band,62,62,62,9.946519009203865,9.2710264037599,62,0.03600168497718498,14.998979682291118,976734.2000000001,0,0,0,0,0,0,0,1
Zambia,weighed_inside_weight_band,131,131,131,9.60243131351148,10.18839369524581,131,0.10031939300411523,0.1338394986636555,2141209.7800000003,0,0,0,0,0,0,0,1
Haiti,weighed_inside_weight_band,115,115,115,9.557405032067095,9.064340047920538,115,0.16028912647282437,1.4787616259625946,1938483.87,0,0,0,0,0,0,0,1
Rwanda,weighed_inside_weight_band,145,145,145,9.036693191865606,11.089819800295347,145,0.13011732303732304,0.22571322118385392,2856229.69,0,0,0,0,0,0,0,1
Cameroon,weighed_inside_weight_band,31,31,31,8.79720088161209,11.275406203017099,31,0.14666025714285713,0.16918230669286302,929630.41,0,0,0,0,0,0,0,1
Burundi,weighed_inside_weight_band,21,21,21,7.684322344322345,13.094756051087494,21,0.09663791403785489,0.19550438213328322,232272.23,0,0,0,0,0,0,0,1
Côte d'Ivoire,weighed_inside_weight_band,239,239,239,6.6000590938936305,7.858754409874113,238,0.08442916111641781,0.17538155234282277,2269812.9000000004,0,0,0,0,0,1,1,1
Mozambique,weighed_inside_weight_band,84,84,84,6.566684592568155,7.578043659942686,84,0.04980455947737766,0.0864538163397625,1137443.7,0,0,0,0,0,0,0,1
Tanzania,weighed_inside_weight_band,153,153,153,6.2854674644727,8.064581844958477,146,0.09622489213705532,0.0978937717144696,2274499.2299999995,0,0,0,0,0,7,7,1
Uganda,weighed_inside_weight_band,131,131,131,6.227679355783309,7.011269148924084,131,0.08126836590130912,0.13955131748409844,1579591.48,0,0,0,0,0,0,0,1
Ghana,weighed_inside_weight_band,32,32,32,6.139535366868172,5.5704485459086435,32,0.10234691007950798,0.3255817320505814,463886.98,0,0,0,0,0,0,0,1
Ethiopia,weighed_inside_weight_band,83,83,83,5.6895798319327735,6.299745247760009,83,0.10667765708333658,0.2000999823351884,905936.61,0,0,0,0,0,0,0,1
Vietnam,weighed_inside_weight_band,263,263,263,3.1682890855457226,4.184864307786316,263,0.04409219178082192,0.08996640210445842,1847557.6,0,0,0,0,0,0,0,1
South Africa,weighed_inside_weight_band,69,69,69,1.3066291532690246,1.5676908510433178,69,0.024232673736902854,0.05712196539942798,296902.7800000001,0,0,0,0,0,0,0,1
Sierra Leone,weighed_inside_weight_band,1,1,1,18.446998714652956,18.446998714652956,1,0.08969853124999999,0.08969853124999999,28703.53,0,0,0,0,0,0,0,0
Angola,weighed_inside_weight_band,1,1,1,15.942312138728324,15.942312138728324,1,0.09576458333333333,0.09576458333333333,13790.1,0,0,0,0,0,0,0,0
Pakistan,weighed_inside_weight_band,5,5,5,13.392864816472695,13.10699156219268,5,0.07950589923469388,0.0743950459884668,103370.89,0,0,0,0,0,0,0,0
Lesotho,weighed_inside_weight_band,1,1,1,12.92497663551402,12.92497663551402,1,0.06573063212927757,0.06573063212927757,11063.78,0,0,0,0,0,0,0,0
Dominican Republic,weighed_inside_weight_band,12,12,12,10.104538838177877,10.12883576384469,12,0.09367196209231463,0.10228784476486445,129013.06,0,0,0,0,0,0,0,0
South Sudan,weighed_inside_weight_band,10,10,10,10.01846720572906,11.185328119179108,9,0.16072363959735086,0.8212824402721256,114674.87,0,0,0,0,0,1,1,0
Guatemala,weighed_inside_weight_band,2,2,2,9.612517269477934,9.612517269477934,2,0.1173772354686321,0.1173772354686321,37058.75,0,0,0,0,0,0,0,0
Togo,weighed_inside_weight_band,2,2,2,5.303954092074458,5.303954092074458,2,0.0975897182273625,0.0975897182273625,12544.72,0,0,0,0,0,0,0,0
Swaziland,weighed_inside_weight_band,9,9,9,5.0502,4.401867927819116,9,0.05013592530231134,0.05375693711059872,104680.83,0,0,0,0,0,0,0,0
Namibia,weighed_inside_weight_band,18,18,18,5.029184999362776,6.324329929134441,18,0.08801499029152732,0.08889156266528671,254701.49999999997,0,0,0,0,0,0,0,0
Botswana,weighed_inside_weight_band,7,7,7,4.937908450704226,6.040844809516372,7,0.10296718749999999,0.11441355353351576,91185.07,0,0,0,0,0,0,0,0
Benin,weighed_inside_weight_band,2,2,2,4.719446446674777,4.719446446674777,2,0.07645357082618393,0.07645357082618393,17307.27,0,0,0,0,0,0,0,0
Libya,weighed_inside_weight_band,1,1,1,1.074626234132581,1.074626234132581,1,0.011527055318548918,0.011527055318548918,761.91,0,0,0,0,0,0,0,0
