vendor,shipments,priced_n,weighed_n,median_freight_per_kg,mean_freight_per_kg,freight_to_value_n,median_freight_to_value,mean_freight_to_value,total_numeric_freight,excluded_included_in_price,excluded_invoiced_separately,excluded_see_another_note,excluded_weight_not_numeric,excluded_weight_not_positive,value_sum_not_positive,value_sum_not_positive_among_priced,rank_eligible
Orasure Technologies Inc.,56,44,44,31.133506944444445,47.8318742672589,44,0.1869332142857143,0.5418723772727394,215498.69000000003,10,2,0,0,0,0,0,1
Hoffmann-La Roche ltd Basel,22,21,21,18.276129032258062,57.02702070795588,21,0.05357146973127411,0.19250519112916004,72057.63000000002,0,1,0,0,0,0,0,1
BIO-RAD LABORATORIES (FRANCE),28,25,25,17.249906542056074,28.989198235015383,25,0.19142055506413092,0.25204025440196565,181319.68999999997,0,3,0,0,0,0,0,1
"Orgenics, Ltd",667,602,600,17.2308784215912,34.86928875997871,602,0.09355462556073384,3.101991698285501,9834527.02,16,49,0,2,0,0,0,1
"Trinity Biotech, Plc",285,269,267,15.04304347826087,74.5112819704887,269,0.14820729166666666,11.861600034971248,2321168.85,0,16,0,1,1,0,0,1
"SHANGHAI KEHUA BIOENGINEERING CO.,LTD.  (KHB)",70,70,70,12.109739751336452,32.88486881337442,70,0.3327618503102483,0.3695786285738388,2383953.19,0,0,0,0,0,0,0,1
ABBVIE LOGISTICS (FORMERLY ABBOTT LOGISTICS BV),335,307,307,11.528687258687258,20.41786665907434,307,0.24237773685287492,0.4640192234813709,1953114.7,7,21,0,0,0,0,0,1
ASPEN PHARMACARE,35,32,29,10.988888888888889,19.336883722898477,32,0.039659284860897766,0.05472557180873603,60494.08,3,0,0,3,0,0,0,1
"Standard Diagnostics, Inc.",95,93,93,10.584032634032635,23.361006871365916,85,0.14521319826007326,1.996759863237431,1291839.6300000001,0,2,0,0,0,8,8,1
EMCURE PHARMACEUTICALS LTD,40,31,31,10.018482142857142,29.548499778701995,31,0.07332894192928271,0.25161595855676067,177920.98,0,9,0,0,0,0,0,1
"CHEMBIO DIAGNOSTIC SYSTEMS, INC.",109,103,103,9.375661861074706,18.08159189360292,103,0.09667698019801979,0.19613623645312156,707369.4400000001,1,5,0,0,0,0,0,1
BRISTOL-MYERS SQUIBB,55,34,34,8.369758990773864,25.959048808189355,34,0.21082365828010594,0.31002752275119844,40496.49,21,0,0,0,0,0,0,1
Abbott GmbH & Co. KG,21,20,20,6.931563602884763,6.331683841051771,20,0.031136999999999998,0.035079475273227106,84967.72,0,1,0,0,0,0,0,1
MICRO LABS LIMITED,25,24,24,6.193632958617481,32.21818459056394,24,0.1612895854663636,0.7351206635779439,194250.09999999998,0,1,0,0,0,0,0,1
MYLAN LABORATORIES LTD (FORMERLY MATRIX LABORATORIES),250,239,239,5.3988992609879425,15.586215916059134,239,0.05389357142857143,562.8917073600262,3123023.5,3,8,0,0,0,0,0,1
Aurobindo Pharma Limited,541,503,503,5.111862961793496,31.934828217971244,503,0.08886587507067821,2.4015763722267827,4950613.5,26,12,0,0,0,0,0,1
SCMS from RDC,3440,3205,3193,5.0502,46.84473834608726,3201,0.06940848044305989,1.785104527237106,34854520.36,159,76,0,12,0,7,4,1
MERCK SHARP & DOHME IDEA GMBH (FORMALLY MERCK SHARP & DOHME B.V.),61,46,46,4.454133356915458,11.173276491304868,46,0.036033638112897934,0.04617355355966918,65513.409999999996,15,0,0,0,0,0,0,1
STRIDES ARCOLAB LIMITED,85,82,82,4.295690221111073,7.706125079963055,82,0.06515234183707343,0.16755914453472226,1032868.04,2,1,0,0,0,0,0,1
HETERO LABS LIMITED,199,176,176,4.046642361358192,5.208992192584054,176,0.07254237307442965,0.12342898132178312,2641009.83,4,19,0,0,0,0,0,1
CIPLA LIMITED,169,151,151,4.015352813852814,10.327199054452297,151,0.0708808072778661,0.19539110147364958,1889796.42,11,7,0,0,0,0,0,1
"ACCESS BIO, INC.",1,1,1,1128.472,1128.472,1,0.11168434262459273,0.11168434262459273,5642.36,0,0,0,0,0,0,0,0
INVERNESS MEDICAL INNOVATIONS SOUTH AFRICA (PTY) LTD,1,1,1,321.11333333333334,321.11333333333334,1,1.3473286713286714,1.3473286713286714,963.34,0,0,0,0,0,0,0,0
SYSMEX AMERICA INC,1,1,1,169.16041666666666,169.16041666666666,1,2.543383200521225,2.543383200521225,4059.85,0,0,0,0,0,0,0,0
"GILEAD SCIENCES IRELAND, INC.",4,4,4,77.82509754990926,71.71463633623236,4,0.2926994272445821,0.2635287809190636,31083.45,0,0,0,0,0,0,0,0
RANBAXY Fine Chemicals LTD.,2,2,2,63.07192307692308,63.07192307692308,2,1.4880852994555354,1.4880852994555354,1639.87,0,0,0,0,0,0,0,0
MISSIONPHARMA A/S,3,3,3,57.02571428571429,507.4352567619048,3,0.2438237716557796,0.2427159733814943,32084.690000000002,0,0,0,0,0,0,0,0
EY Laboratories,2,1,1,44.644444444444446,44.644444444444446,1,0.7143111111111111,0.7143111111111111,803.6,0,1,0,0,0,0,0,0
OMEGA DIAGNOSTICS LTD,1,1,1,42.248666666666665,42.248666666666665,1,0.46089454545454545,0.46089454545454545,633.73,0,0,0,0,0,0,0,0
SUN PHARMACEUTICAL INDUSTRIES LTD (RANBAXY LABORATORIES LIMITED),8,8,8,35.597218487394954,96.67934092041435,8,0.28593710023955193,0.744530263373967,93060.37,0,0,0,0,0,0,0,0
HUMAN GMBH,3,2,2,20.056797101449277,20.056797101449277,2,0.2728864193105096,0.2728864193105096,1552.34,0,1,0,0,0,0,0,0
LAWRENCE LABORATORIES (SUBSIDIARY OF BRISTOL MYERS SQUIBB),15,14,14,14.554759709101814,24.99739069889976,14,0.3633659522578764,0.4283545319756755,44133.34,0,1,0,0,0,0,0,0
B&C GROUP S.A.,2,2,2,14.548138332255979,14.548138332255979,2,0.05157400428316763,0.05157400428316763,1200.58,0,0,0,0,0,0,0,0
BIOLYTICAL LABORATORIES INC.,5,3,3,13.759004893964113,10.308178094580256,3,0.29018647858248753,0.21606910177479968,10284.91,2,0,0,0,0,0,0,0
SWORDS LABORATORIES,3,3,3,11.635507246376813,25.207993066651714,3,0.04241393592450072,0.07146784218751347,2494.72,0,0,0,0,0,0,0,0
IDA FOUNDATION,14,14,14,11.458970076650942,14.996066615144212,14,1.1210163114135252,13.729987339391688,107686.72000000002,0,0,0,0,0,0,0,0
INVERNESS MEDICAL INNOVATIONS HONG KONG LTD,2,2,2,11.154772508383099,11.154772508383099,2,0.05739744090098127,0.05739744090098127,41179.22,0,0,0,0,0,0,0,0
JANSSEN SCIENCES IRELAND UC (FORMERLY JANSSEN R&D IRELAND),7,3,3,9.505916666666668,11.176407205928731,3,0.0352070987654321,0.06874196566826307,2364.26,3,1,0,0,0,0,0,0
ETHNOR DEL ISTMO S.A.,2,1,1,9.23076923076923,9.23076923076923,1,0.03003003003003003,0.03003003003003003,240.0,1,0,0,0,0,0,0,0
Premier Medical Corporation Ltd.,12,12,12,8.769196457326892,103.47123445407004,12,0.15344898017292152,1.9952234800955593,95744.40999999997,0,0,0,0,0,0,0,0
IMRES B.V.,3,3,3,8.168970588235295,7.377100558759452,3,0.19115503588220736,0.2004101418252633,13339.0,0,0,0,0,0,0,0,0
AMSTELFARMA B.V.,5,5,5,7.9165600000000005,12.126697227316498,5,0.23029595015576323,0.3346474640747422,24810.04,0,0,0,0,0,0,0,0
THE MEDICAL EXPORT GROUP BV,1,1,1,7.472633141952088,7.472633141952088,1,0.37541545653471253,0.37541545653471253,37744.27,0,0,0,0,0,0,0,0
"PUETRO RICO PHARMACEUTICAL, INC.",1,1,1,7.046564102564102,7.046564102564102,1,0.01857730969168058,0.01857730969168058,2748.16,0,0,0,0,0,0,0,0
NOVARTIS PHARMA SERVICES AG,5,5,5,6.764330616996508,6.820629516022194,5,0.11385438095238094,0.11091207011082933,47138.58,0,0,0,0,0,0,0,0
ZEPHYR BIOMEDICALS,5,3,3,5.294117647058823,8.548455037187288,3,0.04897959183673469,0.0739271004128147,1014.52,2,0,0,0,0,0,0,0
ACTION MEDEOR E.V.,1,1,1,5.264103343465046,5.264103343465046,1,0.1727329849198117,0.1727329849198117,1731.89,0,0,0,0,0,0,0,0
IDIS LIMITED,4,1,1,3.0508474576271185,3.0508474576271185,1,0.014398848092152628,0.014398848092152628,180.0,3,0,0,0,0,0,0,0
"ABBVIE, SRL (FORMALLY ABBOTT LABORATORIES INTERNATIONAL CO.)",4,1,1,2.487537313432836,2.487537313432836,1,0.013380298651252408,0.013380298651252408,666.66,1,2,0,0,0,0,0,0
GLAXOSMITHKLINE EXPORT LIMITED,19,15,15,1.0974850765637165,2.3922262777643835,15,0.03976638176638177,0.06862957845018976,119690.01000000001,4,0,0,0,0,0,0,0
ABBOTT LABORATORIES (PUERTO RICO),1,1,1,0.533106960950764,0.533106960950764,1,0.0013978836842355271,0.0013978836842355271,314.0,0,0,0,0,0,0,0,0
INTERNATIONAL HEALTHCARE DISTRIBUTORS,10,1,1,0.4795989537925022,0.4795989537925022,1,0.002980764020590626,0.002980764020590626,1100.2,9,0,0,0,0,0,0,0
ABBOTT LOGISTICS B.V.,1,0,0,,,0,,,0.0,1,0,0,0,0,0,0,0
ACCOUN NIGERIA LIMITED,3,0,0,,,0,,,0.0,3,0,0,0,0,0,0,0
ACOUNS NIGERIA LTD,1,0,0,,,0,,,0.0,1,0,0,0,0,0,0,0
AHN (PTY) LTD (AKA UCB (S.A.),1,0,0,,,0,,,0.0,1,0,0,0,0,0,0,0
AUROBINDO PHARAM (SOUTH AFRICA),1,1,0,,,1,0.07719557148928977,0.07719557148928977,3908.56,0,0,0,1,0,0,0,0
BIO-RAD LABORATORIES PTY LTD. (SOUTH AFRICA),1,0,0,,,0,,,0.0,1,0,0,0,0,0,0,0
BUNDI INTERNATIONAL DIAGNOSTICS LTD,2,0,0,,,0,,,0.0,2,0,0,0,0,0,0,0
CENTRAL PHARMACEUTICAL COMPANY NO. 1,1,1,0,,,1,0.03441948901122651,0.03441948901122651,1401.49,0,0,0,1,0,0,0,0
"JSI R&T INSTITUTE, INC.",8,0,0,,,0,,,0.0,8,0,0,0,0,0,0,0
KAS MEDICS LIMITED,1,0,0,,,0,,,0.0,1,0,0,0,0,0,0,0
MEDMIRA EAST AFRICA LTD.,1,0,0,,,0,,,0.0,1,0,0,0,0,0,0,0
"MSD LATIN AMERICA SERVICES, S. DE R.L. DE C.V.",2,0,0,,,0,,,0.0,2,0,0,0,0,0,0,0
PHARMACY DIRECT,58,0,0,,,0,,,0.0,58,0,0,0,0,0,0,0
PLURIPHARM S.A.,1,0,0,,,0,,,0.0,1,0,0,0,0,0,0,0
"RAININ INSTRUMENT, LLC.",1,0,0,,,0,,,0.0,1,0,0,0,0,0,0,0
REINBOLD EXPORT IMPORT,12,0,0,,,0,,,0.0,12,0,0,0,0,0,0,0
S. BUYS WHOLESALER,194,3,0,,,3,0.08467853033176123,1.0815996894275504,8887.0,191,0,0,3,0,0,0,0
SETEMA LIMITED PLC,1,0,0,,,0,,,0.0,1,0,0,0,0,0,0,0
SUB-SAHARAN BIOMEDICAL P.L.C.,1,0,0,,,0,,,0.0,1,0,0,0,0,0,0,0
TURE PHARMACEUTICALS & MEDICAL SUPPLIES P.L.C.,3,0,0,,,0,,,0.0,3,0,0,0,0,0,0,0
WAGENIA,1,0,0,,,0,,,0.0,1,0,0,0,0,0,0,0
