vendor,population,shipments,priced_n,weighed_n,median_freight_per_kg,mean_freight_per_kg,freight_to_value_n,median_freight_to_value,mean_freight_to_value,total_numeric_freight,excluded_included_in_price,excluded_invoiced_separately,excluded_see_another_note,excluded_weight_not_numeric,excluded_weight_not_positive,value_sum_not_positive,value_sum_not_positive_among_priced,rank_eligible
"Orgenics, Ltd",weighed_inside_weight_band,390,390,390,15.1159699363971,15.776709198935224,390,0.07545912537205907,2.4537122136327176,8993711.02,0,0,0,0,0,0,0,1
"Trinity Biotech, Plc",weighed_inside_weight_band,87,87,87,10.51028,10.952690106393575,87,0.11804380952380952,0.11855899526528679,1440997.4000000001,0,0,0,0,0,0,0,1
"SHANGHAI KEHUA BIOENGINEERING CO.,LTD.  (KHB)",weighed_inside_weight_band,39,39,39,10.048692449355432,11.070506572957372,39,0.29654565217391304,0.3156932985564004,1007307.7299999997,0,0,0,0,0,0,0,1
"Standard Diagnostics, Inc.",weighed_inside_weight_band,56,56,56,8.343782485555783,9.559365477013563,49,0.12191489999999999,0.1312777986721238,1090217.8800000001,0,0,0,0,0,7,7,1
"CHEMBIO DIAGNOSTIC SYSTEMS, INC.",weighed_inside_weight_band,50,50,50,7.662294440146512,7.880982627275805,50,0.08267418468614274,0.08678488503071381,626020.6500000001,0,0,0,0,0,0,0,1
ABBVIE LOGISTICS (FORMERLY ABBOTT LOGISTICS BV),weighed_inside_weight_band,102,102,102,7.277169131510279,8.045202134943189,102,0.16763271744207373,0.18099372917840584,1159969.42,0,0,0,0,0,0,0,1
SCMS from RDC,weighed_inside_weight_band,612,612,612,5.655085537731795,6.593091277586325,610,0.08973735893368387,0.25369257388226996,6464543.93,0,0,0,0,0,2,2,1
STRIDES ARCOLAB LIMITED,weighed_inside_weight_band,35,35,35,4.924942044257113,5.81578457715778,35,0.08615106382978724,0.10452639684117929,368146.14999999997,0,0,0,0,0,0,0,1
Aurobindo Pharma Limited,weighed_inside_weight_band,212,212,212,4.680460453768159,5.319852371005475,212,0.09000003652449828,0.24631799598060714,2576044.13,0,0,0,0,0,0,0,1
MYLAN LABORATORIES LTD (FORMERLY MATRIX LABORATORIES),weighed_inside_weight_band,119,119,119,4.494224371373307,4.795840202245487,119,0.042012402521984404,0.05564162730317177,1101905.7000000002,0,0,0,0,0,0,0,1
CIPLA LIMITED,weighed_inside_weight_band,60,60,60,4.013224623571057,4.706161695237466,60,0.06317919394827651,0.07940298710333832,570908.06,0,0,0,0,0,0,0,1
HETERO LABS LIMITED,weighed_inside_weight_band,116,116,116,3.1572479296615237,3.9702192973126897,116,0.061410358498457565,0.08354216873393898,1182220.2300000002,0,0,0,0,0,0,0,1
Orasure Technologies Inc.,weighed_inside_weight_band,1,1,1,24.560330143540668,24.560330143540668,1,0.14666025714285713,0.14666025714285713,51331.09,0,0,0,0,0,0,0,0
BIOLYTICAL LABORATORIES INC.,weighed_inside_weight_band,1,1,1,13.759004893964113,13.759004893964113,1,0.29018647858248753,0.29018647858248753,8434.27,0,0,0,0,0,0,0,0
MISSIONPHARMA A/S,weighed_inside_weight_band,1,1,1,13.736056,13.736056,1,0.2438237716557796,0.2438237716557796,17170.07,0,0,0,0,0,0,0,0
INVERNESS MEDICAL INNOVATIONS HONG KONG LTD,weighed_inside_weight_band,2,2,2,11.154772508383099,11.154772508383099,2,0.05739744090098127,0.05739744090098127,41179.22,0,0,0,0,0,0,0,0
BIO-RAD LABORATORIES (FRANCE),weighed_inside_weight_band,11,11,11,10.700412573673871,12.98056183140492,11,0.18089228418640185,0.18313630051012367,117212.24,0,0,0,0,0,0,0,0
LAWRENCE LABORATORIES (SUBSIDIARY OF BRISTOL MYERS SQUIBB),weighed_inside_weight_band,2,2,2,8.222262433978006,8.222262433978006,2,0.09594317738842632,0.09594317738842632,23506.199999999997,0,0,0,0,0,0,0,0
Abbott GmbH & Co. KG,weighed_inside_weight_band,5,5,5,7.62947265625,8.530775207569576,5,0.03255241666666667,0.037301253317972356,50973.44,0,0,0,0,0,0,0,0
IDA FOUNDATION,weighed_inside_weight_band,5,5,5,7.512242388758782,8.896617023007597,5,6.976198757763975,30.518194615625323,70935.16,0,0,0,0,0,0,0,0
IMRES B.V.,weighed_inside_weight_band,2,2,2,6.981165544021531,6.981165544021531,2,0.22516870534251004,0.22516870534251004,12783.51,0,0,0,0,0,0,0,0
SUN PHARMACEUTICAL INDUSTRIES LTD (RANBAXY LABORATORIES LIMITED),weighed_inside_weight_band,3,3,3,6.9800533592044625,7.367659203898718,3,0.12568278465587526,0.11963763581906957,72709.08,0,0,0,0,0,0,0,0
Premier Medical Corporation Ltd.,weighed_inside_weight_band,8,8,8,6.787991211496623,7.158815712444096,8,0.11531083333333333,0.11707665395462605,87746.5,0,0,0,0,0,0,0,0
NOVARTIS PHARMA SERVICES AG,weighed_inside_weight_band,5,5,5,6.764330616996508,6.820629516022194,5,0.11385438095238094,0.11091207011082933,47138.58,0,0,0,0,0,0,0,0
AMSTELFARMA B.V.,weighed_inside_weight_band,3,3,3,6.556541019955654,6.818987637512925,3,0.2061818939472862,0.2087762250495282,16891.35,0,0,0,0,0,0,0,0
EMCURE PHARMACEUTICALS LTD,weighed_inside_weight_band,8,8,8,6.469900138910326,6.279777139092815,8,0.05454262691738463,0.06151065843784074,108209.14,0,0,0,0,0,0,0,0
Hoffmann-La Roche ltd Basel,weighed_inside_weight_band,1,1,1,6.283413353338335,6.283413353338335,1,0.036303117042714515,0.036303117042714515,16751.58,0,0,0,0,0,0,0,0
"GILEAD SCIENCES IRELAND, INC.",weighed_inside_weight_band,1,1,1,5.262612540192926,5.262612540192926,1,0.016793328010619776,0.016793328010619776,6546.69,0,0,0,0,0,0,0,0
MICRO LABS LIMITED,weighed_inside_weight_band,11,11,11,4.522468085106382,4.394431943783051,11,0.09918099232800932,0.12015606032848977,79645.62999999999,0,0,0,0,0,0,0,0
ASPEN PHARMACARE,weighed_inside_weight_band,1,1,1,4.166877534468775,4.166877534468775,1,0.020392160598346167,0.020392160598346167,5137.76,0,0,0,0,0,0,0,0
GLAXOSMITHKLINE EXPORT LIMITED,weighed_inside_weight_band,1,1,1,2.6384817518248176,2.6384817518248176,1,0.0072522294056844225,0.0072522294056844225,1807.36,0,0,0,0,0,0,0,0
MERCK SHARP & DOHME IDEA GMBH (FORMALLY MERCK SHARP & DOHME B.V.),weighed_inside_weight_band,14,14,14,2.2697886437729595,2.545951916904369,14,0.02975433462675406,0.031202181454817065,45432.75,0,0,0,0,0,0,0,0
BRISTOL-MYERS SQUIBB,weighed_inside_weight_band,5,5,5,1.3619447779111644,1.9375398298629822,5,0.029081378849845588,0.12336110431457448,7909.88,0,0,0,0,0,0,0,0
ABBOTT LABORATORIES (PUERTO RICO),weighed_inside_weight_band,1,1,1,0.533106960950764,0.533106960950764,1,0.0013978836842355271,0.0013978836842355271,314.0,0,0,0,0,0,0,0,0
INTERNATIONAL HEALTHCARE DISTRIBUTORS,weighed_inside_weight_band,1,1,1,0.4795989537925022,0.4795989537925022,1,0.002980764020590626,0.002980764020590626,1100.2,0,0,0,0,0,0,0,0
