matched_python,check_name,line_rows,shipments,class_name,lines,label,vendor,country,manufacturing_site,total_freight,median_rate,weighed_n,mean_rate
1,row_and_asn,10324.0,7030.0,,,,,,,,,,
1,freight_class,,,included_in_price,1442.0,,,,,,,,
1,freight_class,,,invoiced_separately,239.0,,,,,,,,
1,freight_class,,,numeric,6198.0,,,,,,,,
1,freight_class,,,see_another_note,2445.0,,,,,,,,
1,weight_class,,,captured_separately,1507.0,,,,,,,,
1,weight_class,,,numeric,6372.0,,,,,,,,
1,weight_class,,,see_another_note,2445.0,,,,,,,,
1,shipment_mode,,,,360.0,(blank),,,,,,,
1,shipment_mode,,,,6113.0,Air,,,,,,,
1,shipment_mode,,,,650.0,Air Charter,,,,,,,
1,shipment_mode,,,,371.0,Ocean,,,,,,,
1,shipment_mode,,,,2830.0,Truck,,,,,,,
1,vendor_inco_term,,,,3.0,CIF,,,,,,,
1,vendor_inco_term,,,,275.0,CIP,,,,,,,
1,vendor_inco_term,,,,9.0,DAP,,,,,,,
1,vendor_inco_term,,,,1443.0,DDP,,,,,,,
1,vendor_inco_term,,,,15.0,DDU,,,,,,,
1,vendor_inco_term,,,,2778.0,EXW,,,,,,,
1,vendor_inco_term,,,,397.0,FCA,,,,,,,
1,vendor_inco_term,,,,5404.0,N/A - From RDC,,,,,,,
1,freight_not_constant,,1299.0,,,,,,,,,,
1,weight_not_constant,,1322.0,,,,,,,,,,
1,two_numeric_freight,,0.0,,,,,,,,,,
1,two_numeric_weight,,0.0,,,,,,,,,,
1,line_value_zero,,,,17.0,,,,,,,,
1,see_not_own_asn,,,,0.0,,,,,,,,
1,blank_shipment_mode,,,,360.0,,,,,,,,
1,cardinality,,,,,,73.0,43.0,88.0,,,,
1,yes_line_rows,,7030.0,,7030.0,,,,,,,,
1,yes_freight_other,,0.0,,,,,,,,,,
1,yes_priced,,6198.0,,,,,,,,,,
1,yes_weighed,,6174.0,,,,,,,,,,
1,yes_freight_to_value,,6186.0,,,,,,,,,,
1,yes_excluded_included,,593.0,,,,,,,,,,
1,yes_excluded_invoiced,,239.0,,,,,,,,,,
1,yes_excluded_see,,0.0,,,,,,,,,,
1,yes_excluded_weight_text,,23.0,,,,,,,,,,
1,yes_excluded_weight_not_positive,,1.0,,,,,,,,,,
1,yes_value_sum_le_0,,15.0,,,,,,,,,,
1,yes_priced_value_sum_le_0,,12.0,,,,,,,,,,
1,yes_total_numeric_freight,,6198.0,,,,,,,68817849.41,,,
1,yes_median_freight_per_kg,,,,,,,,,,7.263901636359817,6174.0,
1,yes_mean_freight_per_kg,,,,,,,,,,,6174.0,38.93012311964861
1,yes_median_freight_to_value,,,,,,,,,,0.08758549492765344,6186.0,
1,yes_mean_freight_to_value,,6186.0,,,,,,,,,,23.80493291423158
1,yes_mode_rate,,,,,(blank),,,,,4.654915254237289,211.0,55.84152401671029
1,yes_mode_rate,,,,,Air,,,,,10.02401980861159,4096.0,33.52045768694116
1,yes_mode_rate,,,,,Air Charter,,,,,4.317785194174758,423.0,162.32892875891395
1,yes_mode_rate,,,,,Ocean,,,,,1.6810197953137624,282.0,20.662665611969857
1,yes_mode_rate,,,,,Truck,,,,,2.5032950842130273,1162.0,14.44080492244196
